qid,docno,score
2082,msmarco_passage_30_709623997,3.0324356882959607
2082,msmarco_passage_64_431617227,2.8649528193369056
2082,msmarco_passage_45_632929045,2.819536301399902
2082,msmarco_passage_45_623131157,2.6135685930338477
2082,msmarco_passage_55_738286358,2.585534909193925
2082,msmarco_passage_26_846132892,2.5688136656125384
2082,msmarco_passage_40_137452930,2.516011771499569
2082,msmarco_passage_39_461879190,2.504909126066981
2082,msmarco_passage_10_673115327,2.46756545962306
2082,msmarco_passage_44_461409698,2.458443095554065
2082,msmarco_passage_10_669572296,2.438924777141183
2082,msmarco_passage_08_672756935,2.4022345348287715
2082,msmarco_passage_44_462432502,2.3973362062333208
2082,msmarco_passage_66_708619074,2.3490969484020363
2082,msmarco_passage_04_94071710,2.3423880580694987
2082,msmarco_passage_30_608937387,2.342273882076837
2082,msmarco_passage_49_486599463,2.338437478790018
2082,msmarco_passage_61_171511063,2.336283541181774
2082,msmarco_passage_02_645296948,2.333250919437769
2082,msmarco_passage_29_164562769,2.3239263128625627
2082,msmarco_passage_22_256176072,2.322493513691907
2082,msmarco_passage_04_281815983,2.313129207575261
2082,msmarco_passage_02_179210433,2.29785258446107
2082,msmarco_passage_44_700568174,2.295206298716201
2082,msmarco_passage_68_48591780,2.292717780891392
2082,msmarco_passage_49_487162093,2.2761744318771844
2082,msmarco_passage_37_336748254,2.26994290229919
2082,msmarco_passage_26_847195118,2.268911778620217
2082,msmarco_passage_15_602878005,2.258587814524258
2082,msmarco_passage_06_769107145,2.257495206389042
2082,msmarco_passage_03_308010621,2.2511079170007897
2082,msmarco_passage_04_94070926,2.2173416157207706
2082,msmarco_passage_48_539417877,2.211773278753264
2082,msmarco_passage_07_668692692,2.21044713564768
2082,msmarco_passage_13_136821179,2.2078067348861934
2082,msmarco_passage_39_125029338,2.2032886992285947
2082,msmarco_passage_24_169139765,2.189788051626658
2082,msmarco_passage_38_414866952,2.17151477094088
2082,msmarco_passage_37_218307932,2.1662634322924443
2082,msmarco_passage_57_535171510,2.1616448123874688
2082,msmarco_passage_37_220671067,2.126919265477043
2082,msmarco_passage_10_673366077,2.123304953374164
2082,msmarco_passage_48_591410873,2.119282306998366
2082,msmarco_passage_53_564392719,2.099877436082592
2082,msmarco_passage_34_93901849,2.0907768917397416
2082,msmarco_passage_37_336752759,2.089490207194379
2082,msmarco_passage_28_625525754,2.0783525322456557
2082,msmarco_passage_65_783016699,2.068524653868784
2082,msmarco_passage_37_336546592,2.0436903219910585
2082,msmarco_passage_66_708607265,2.0404905005010088
2082,msmarco_passage_53_692238347,2.0072055766890147
2082,msmarco_passage_47_611882979,1.9983948682297965
2082,msmarco_passage_48_591406582,1.9923127503213256
2082,msmarco_passage_11_67024711,1.9914455923448309
2082,msmarco_passage_07_123296727,1.978919105343024
2082,msmarco_passage_57_814341505,1.971333337204926
2082,msmarco_passage_48_593692065,1.946550756134108
2082,msmarco_passage_22_534539976,1.9050861595335635
2082,msmarco_passage_53_588973533,1.8863057036204167
2082,msmarco_passage_39_714339196,1.8858744745763865
2082,msmarco_passage_31_566103947,1.880410912717954
2082,msmarco_passage_43_494102932,1.8757805549410855
2082,msmarco_passage_60_188502221,1.8752450123355844
2082,msmarco_passage_48_544808271,1.8419629500327084
2082,msmarco_passage_29_458776515,1.8374096792744867
2082,msmarco_passage_48_544777559,1.813679436352337
2082,msmarco_passage_41_170486272,1.7253142621503936
2082,msmarco_passage_15_399504985,1.393495009979365
2082,msmarco_passage_08_423967280,1.0189126816024383
23287,msmarco_passage_02_500358436,2.807333644549052
23287,msmarco_passage_03_865272429,2.804825133116581
23287,msmarco_passage_37_406984666,2.75912976999725
23287,msmarco_passage_26_607486542,2.750248153203783
23287,msmarco_passage_42_184648743,2.4933509589461966
23287,msmarco_passage_02_500355930,2.4554709307873868
23287,msmarco_passage_11_422302183,2.379303551290605
23287,msmarco_passage_26_586658040,2.3642433857109144
23287,msmarco_passage_26_607486955,2.3579104381591334
23287,msmarco_passage_45_756420866,2.346184222131745
23287,msmarco_passage_52_107459832,2.284975192629882
23287,msmarco_passage_46_455943461,2.257799518101102
23287,msmarco_passage_04_101923352,2.255146068463823
23287,msmarco_passage_00_811354181,2.2475417339928243
23287,msmarco_passage_62_187711450,2.232695464733168
23287,msmarco_passage_64_515539058,2.1895253298041557
23287,msmarco_passage_55_523250853,2.1854875708897907
23287,msmarco_passage_03_866752270,2.1764324308532386
23287,msmarco_passage_64_515534022,2.165897204464201
23287,msmarco_passage_55_523245555,2.158301350180545
23287,msmarco_passage_38_678706905,2.13632583552122
23287,msmarco_passage_52_19590082,2.1261968212771647
23287,msmarco_passage_45_858599429,2.120295178186298
23287,msmarco_passage_32_72305075,2.109757923133867
23287,msmarco_passage_00_811362170,2.1032449395381803
23287,msmarco_passage_00_811364025,2.080323640537305
23287,msmarco_passage_55_523244708,2.0722008968549948
23287,msmarco_passage_55_523197995,2.062259275042473
23287,msmarco_passage_02_371479656,2.0560680689328845
23287,msmarco_passage_08_487720875,2.0251995275039465
23287,msmarco_passage_02_719226714,2.01714237928156
23287,msmarco_passage_06_548613675,2.0129809173460185
23287,msmarco_passage_31_543339733,2.0006200871358923
23287,msmarco_passage_38_376862727,1.9754402351447533
23287,msmarco_passage_55_523249144,1.9677853528292744
23287,msmarco_passage_16_707291644,1.949851968582299
23287,msmarco_passage_63_651538608,1.9269084207531133
23287,msmarco_passage_54_300216711,1.9182194019383831
23287,msmarco_passage_37_720571332,1.9152350355118408
23287,msmarco_passage_31_818053180,1.8956884593524943
23287,msmarco_passage_17_240099997,1.8837961145563609
23287,msmarco_passage_55_523253056,1.8750093606271612
23287,msmarco_passage_62_725076999,1.86211915777553
23287,msmarco_passage_37_720698680,1.839399012724006
23287,msmarco_passage_24_864911870,1.8349805714858356
23287,msmarco_passage_11_422275427,1.7971476084334257
23287,msmarco_passage_03_270784492,1.7830176326998664
23287,msmarco_passage_44_124616779,1.7581951218183074
23287,msmarco_passage_01_863886974,1.757067219632821
23287,msmarco_passage_24_711477760,1.7525574679923115
23287,msmarco_passage_55_523253961,1.744072510529203
23287,msmarco_passage_03_270780039,1.740856101727744
23287,msmarco_passage_22_691904124,1.7399709073032643
23287,msmarco_passage_62_725077540,1.7333844539928522
23287,msmarco_passage_52_158309266,1.7305019716811525
23287,msmarco_passage_38_511023606,1.7022303210210354
23287,msmarco_passage_52_250702766,1.6833059293776214
23287,msmarco_passage_33_59827875,1.6799016069759818
23287,msmarco_passage_61_326798154,1.6775816440155074
23287,msmarco_passage_00_811362771,1.6687152294319567
23287,msmarco_passage_31_818054443,1.663693806553109
23287,msmarco_passage_41_589124833,1.6516937355055703
23287,msmarco_passage_30_105557029,1.6341994602370202
23287,msmarco_passage_31_53518847,1.622598825594966
23287,msmarco_passage_31_818054000,1.6142594528869671
23287,msmarco_passage_25_702928253,1.602707951308638
23287,msmarco_passage_25_703334613,1.5873600701341417
23287,msmarco_passage_09_76308154,1.5860899816646112
23287,msmarco_passage_17_234501315,1.5818457508743524
23287,msmarco_passage_44_124617275,1.564918478230743
23287,msmarco_passage_09_76334687,1.546847879367694
23287,msmarco_passage_25_703497698,1.533230522224827
23287,msmarco_passage_68_30625405,1.5279938162274669
23287,msmarco_passage_62_724621357,1.497876808359491
23287,msmarco_passage_09_193997135,1.4828946455800829
23287,msmarco_passage_25_703872082,1.4746903263432816
23287,msmarco_passage_30_613745622,1.4518543743549488
23287,msmarco_passage_00_811359731,1.4440580192985122
23287,msmarco_passage_31_175079175,1.4420432713306943
23287,msmarco_passage_07_594655665,1.4419760830686053
23287,msmarco_passage_38_511341225,1.3913225966563654
23287,msmarco_passage_25_701960361,1.356308880908061
23287,msmarco_passage_65_406558951,1.350776037790966
23287,msmarco_passage_38_543634328,1.326984129107992
23287,msmarco_passage_25_702746033,1.2936830360071216
23287,msmarco_passage_45_658324881,1.2508176170151084
23287,msmarco_passage_59_659640227,1.194781885320361
30611,msmarco_passage_11_59934478,3.080998606547713
30611,msmarco_passage_01_436571677,2.527702095596811
30611,msmarco_passage_57_689908011,2.521242387628895
30611,msmarco_passage_58_752701097,2.511821315033138
30611,msmarco_passage_11_59936302,2.459047874635158
30611,msmarco_passage_07_94355630,2.445150286490155
30611,msmarco_passage_11_308282957,2.436594763231077
30611,msmarco_passage_45_264750792,2.412851470306796
30611,msmarco_passage_14_243076180,2.3944636120839675
30611,msmarco_passage_37_500000413,2.393739613983355
30611,msmarco_passage_30_590351057,2.389170282508936
30611,msmarco_passage_58_388835310,2.343381156876432
30611,msmarco_passage_11_59937269,2.328508296642695
30611,msmarco_passage_18_577081451,2.303330498146819
30611,msmarco_passage_02_448916602,2.295537112821088
30611,msmarco_passage_11_59936819,2.295067706519167
30611,msmarco_passage_11_59935812,2.2942889981552805
30611,msmarco_passage_68_19987965,2.279189887837099
30611,msmarco_passage_28_581375995,2.279139766786281
30611,msmarco_passage_15_619583701,2.26628922507322
30611,msmarco_passage_06_602702567,2.2567717246038117
30611,msmarco_passage_30_591624724,2.253248232599134
30611,msmarco_passage_68_158940617,2.2478542772315504
30611,msmarco_passage_06_239184541,2.234820375507498
30611,msmarco_passage_30_330800256,2.2346899794651574
30611,msmarco_passage_02_448906411,2.233862047930576
30611,msmarco_passage_11_308350169,2.232346095337114
30611,msmarco_passage_02_648878058,2.212440636978445
30611,msmarco_passage_66_773193685,2.2081319702612707
30611,msmarco_passage_40_237267944,2.2079193774453083
30611,msmarco_passage_40_398498150,2.2064696217362245
30611,msmarco_passage_07_99995512,2.201909555852215
30611,msmarco_passage_43_3840163,2.196064512519415
30611,msmarco_passage_11_59933115,2.1933426664429003
30611,msmarco_passage_68_137053497,2.1864800620713973
30611,msmarco_passage_04_287901958,2.185362949629879
30611,msmarco_passage_11_308349280,2.1709528132822555
30611,msmarco_passage_23_864601995,2.1675778829770778
30611,msmarco_passage_51_365746140,2.1659409606316604
30611,msmarco_passage_07_261367053,2.1575651708192125
30611,msmarco_passage_68_158941584,2.1507236469829127
30611,msmarco_passage_50_667352383,2.132219181036649
30611,msmarco_passage_50_667351326,2.127276870164046
30611,msmarco_passage_30_522831673,2.1239758036601124
30611,msmarco_passage_01_358089435,2.1163126251537805
30611,msmarco_passage_55_442989675,2.10928877134129
30611,msmarco_passage_63_434339571,2.092861096743771
30611,msmarco_passage_20_691564718,2.0926071740968952
30611,msmarco_passage_19_241483054,2.086704800626152
30611,msmarco_passage_68_158941140,2.079630549844412
30611,msmarco_passage_08_519570323,2.0509021732218584
30611,msmarco_passage_01_236713622,2.045402301846956
30611,msmarco_passage_00_570495994,2.035696363130436
30611,msmarco_passage_11_308352575,2.03244140769811
30611,msmarco_passage_68_142151642,2.030793235010316
30611,msmarco_passage_68_158942542,2.029125028362885
30611,msmarco_passage_08_467648073,2.0288579097092434
30611,msmarco_passage_11_55514266,2.019687534516988
30611,msmarco_passage_20_691450665,2.0191065031985898
30611,msmarco_passage_11_59934964,2.015774515319901
30611,msmarco_passage_20_23031688,2.004143744305232
30611,msmarco_passage_13_130721971,2.0041029852916767
30611,msmarco_passage_30_706071112,1.9875207716174896
30611,msmarco_passage_48_431010824,1.9696616796502249
30611,msmarco_passage_64_113573787,1.9672298100198775
30611,msmarco_passage_51_538103109,1.9544709073893536
30611,msmarco_passage_22_249062522,1.943548744543212
30611,msmarco_passage_60_245505125,1.9385559059642772
30611,msmarco_passage_45_821630488,1.934225921276696
30611,msmarco_passage_53_119712338,1.9226682020354984
30611,msmarco_passage_07_41804685,1.9066251131597296
30611,msmarco_passage_11_308196275,1.8673590383226204
30611,msmarco_passage_27_309110946,1.864555157433384
30611,msmarco_passage_03_562780144,1.83600641171506
30611,msmarco_passage_13_130719779,1.7965726160298896
30611,msmarco_passage_66_773158354,1.7897790496252146
30611,msmarco_passage_66_773160478,1.7839112667847563
30611,msmarco_passage_01_391093791,1.7683008006774408
30611,msmarco_passage_68_4692280,1.7643802475836317
30611,msmarco_passage_00_570492458,1.7577935904945403
30611,msmarco_passage_28_343155867,1.757674113717814
30611,msmarco_passage_62_797639705,1.716693064200946
30611,msmarco_passage_13_130713627,1.7154929405481956
30611,msmarco_passage_68_142152443,1.6872785432079862
30611,msmarco_passage_30_611323721,1.659788346195674
30611,msmarco_passage_30_592921623,1.6470502716986486
30611,msmarco_passage_63_434339209,1.6439059294674756
30611,msmarco_passage_41_580040976,1.6267936208287876
30611,msmarco_passage_15_601952517,1.5566704773023992
30611,msmarco_passage_21_582904228,1.5237382921732443
30611,msmarco_passage_24_619451598,1.518804328403944
30611,msmarco_passage_17_771044914,1.434575246794775
30611,msmarco_passage_68_4698062,1.3533164321855886
30611,msmarco_passage_18_578237899,1.3318737837435966
112700,msmarco_passage_18_757021196,2.9654165275772413
112700,msmarco_passage_27_631089875,2.7335675662680314
112700,msmarco_passage_30_794527402,2.6033723946564056
112700,msmarco_passage_45_191385723,2.551651486032202
112700,msmarco_passage_56_558076576,2.4356811983325724
112700,msmarco_passage_30_820452057,2.4101499298276536
112700,msmarco_passage_07_292095541,2.4076567259014383
112700,msmarco_passage_24_418296768,2.389537638042415
112700,msmarco_passage_25_325374796,2.337736798285753
112700,msmarco_passage_49_484258022,2.330777053094079
112700,msmarco_passage_24_200606439,2.3152552171609044
112700,msmarco_passage_60_123550218,2.3093055100574107
112700,msmarco_passage_20_717525117,2.286687922756124
112700,msmarco_passage_06_242494666,2.2831231966643517
112700,msmarco_passage_53_760116594,2.279992842770139
112700,msmarco_passage_00_777872823,2.2671635700417774
112700,msmarco_passage_08_134504238,2.2639466388806784
112700,msmarco_passage_66_71253864,2.248363084465681
112700,msmarco_passage_49_698544872,2.2452442322921504
112700,msmarco_passage_21_647207525,2.2285097928380897
112700,msmarco_passage_36_792525846,2.227378307382036
112700,msmarco_passage_21_647207166,2.2269613180342818
112700,msmarco_passage_02_165691232,2.2189824779188623
112700,msmarco_passage_66_50440529,2.2117960045310627
112700,msmarco_passage_50_69302138,2.1772593735348256
112700,msmarco_passage_23_365487328,2.174710204638364
112700,msmarco_passage_06_131004170,2.164677467269177
112700,msmarco_passage_60_224286794,2.16273825585392
112700,msmarco_passage_17_378937737,2.145601899083927
112700,msmarco_passage_30_498050717,2.1398797783696155
112700,msmarco_passage_33_528428380,2.125003881145534
112700,msmarco_passage_50_69300717,2.1171592336294904
112700,msmarco_passage_02_289767562,2.1166528805286986
112700,msmarco_passage_24_200608232,2.1161216663626625
112700,msmarco_passage_24_201870059,2.1096860582367403
112700,msmarco_passage_60_201079301,2.084456965335569
112700,msmarco_passage_17_378937360,2.083907748578789
112700,msmarco_passage_33_813971959,2.0744996937395266
112700,msmarco_passage_24_199511587,2.050517911424969
112700,msmarco_passage_28_560799651,2.049547046583537
112700,msmarco_passage_36_753181870,2.0427122321501066
112700,msmarco_passage_28_560798078,2.0403472389284163
112700,msmarco_passage_53_364338297,2.0391195702373195
112700,msmarco_passage_11_609350516,2.0282459580213
112700,msmarco_passage_18_757019055,2.0173315069567685
112700,msmarco_passage_31_633176252,1.9980537081601704
112700,msmarco_passage_53_362849263,1.9853284692376685
112700,msmarco_passage_60_123551664,1.9847962497039144
112700,msmarco_passage_32_601260331,1.9777465268521544
112700,msmarco_passage_30_794526953,1.9542466674570649
112700,msmarco_passage_28_560804460,1.94370611641196
112700,msmarco_passage_01_33088522,1.92941952500936
112700,msmarco_passage_43_274951799,1.9091454846387752
112700,msmarco_passage_41_634470133,1.8861791983198537
112700,msmarco_passage_51_861573006,1.8827575837729564
112700,msmarco_passage_28_560797645,1.8799359971758505
112700,msmarco_passage_53_364337831,1.8765621696656036
112700,msmarco_passage_02_220704238,1.876082945428943
112700,msmarco_passage_53_411487967,1.8706814639714928
112700,msmarco_passage_53_362931204,1.829006845602494
112700,msmarco_passage_17_330928122,1.8244346642796605
112700,msmarco_passage_30_708720880,1.7823991332713718
112700,msmarco_passage_53_362929568,1.775978502840062
112700,msmarco_passage_00_723246660,1.7708847681513726
112700,msmarco_passage_17_378943762,1.683405048295625
112700,msmarco_passage_29_611360594,1.6734496875518683
112700,msmarco_passage_53_411485558,1.6492398220192297
112700,msmarco_passage_37_396463558,1.6448483163616976
112700,msmarco_passage_45_435538461,1.643262398666289
112700,msmarco_passage_34_703834280,1.5948532672480338
112700,msmarco_passage_21_133859540,1.5555555415888629
112700,msmarco_passage_08_152211525,1.533699196071196
112700,msmarco_passage_02_165691731,1.4800348358110014
112700,msmarco_passage_27_453469353,1.4799317438930049
112700,msmarco_passage_27_453463807,1.3745749829302345
112700,msmarco_passage_02_165688744,1.01190485763272
168329,msmarco_passage_03_152780110,3.22022063357532
168329,msmarco_passage_01_685626555,2.7515816397151163
168329,msmarco_passage_17_253755796,2.6758927139272943
168329,msmarco_passage_38_867366499,2.6288143557057
168329,msmarco_passage_44_581740341,2.6130005349694567
168329,msmarco_passage_30_795590421,2.520304753824487
168329,msmarco_passage_31_866473184,2.5160574432480063
168329,msmarco_passage_38_867365984,2.515274490175149
168329,msmarco_passage_16_254377781,2.491537714954081
168329,msmarco_passage_38_867365571,2.4604986880793787
168329,msmarco_passage_38_866851004,2.426085467892573
168329,msmarco_passage_39_1330431,2.398499616436024
168329,msmarco_passage_16_254397947,2.3713809503755545
168329,msmarco_passage_16_246541008,2.37015327668569
168329,msmarco_passage_31_617424078,2.3469803579085577
168329,msmarco_passage_38_867365033,2.327416782647967
168329,msmarco_passage_16_241333013,2.288876937368349
168329,msmarco_passage_61_661474646,2.288260053351358
168329,msmarco_passage_25_259221061,2.287635325966358
168329,msmarco_passage_04_441114625,2.2806696169151417
168329,msmarco_passage_04_93659698,2.2803409778679304
168329,msmarco_passage_39_513965303,2.2705398119828493
168329,msmarco_passage_38_55099740,2.248543568451504
168329,msmarco_passage_54_756551330,2.23763919731661
168329,msmarco_passage_60_226415364,2.22636595289983
168329,msmarco_passage_13_402055216,2.208683365393116
168329,msmarco_passage_02_818305809,2.2066029556018245
168329,msmarco_passage_35_331170254,2.194172571863243
168329,msmarco_passage_13_737747025,2.194110639600006
168329,msmarco_passage_00_343070928,2.1919336278185177
168329,msmarco_passage_39_507047522,2.18892089849998
168329,msmarco_passage_38_866328621,2.1818541028463194
168329,msmarco_passage_03_692818098,2.173764729862717
168329,msmarco_passage_04_441187954,2.1639226481895637
168329,msmarco_passage_16_248510785,2.141111569668161
168329,msmarco_passage_38_868533273,2.123236021811952
168329,msmarco_passage_30_538765796,2.1189430587901925
168329,msmarco_passage_38_866204669,2.112591152511479
168329,msmarco_passage_13_402054707,2.110926754362381
168329,msmarco_passage_17_619879125,2.104634569063001
168329,msmarco_passage_38_868534175,2.063144121916221
168329,msmarco_passage_04_93661343,2.0371073355605214
168329,msmarco_passage_04_93661774,2.035603340839011
168329,msmarco_passage_42_745070160,2.0321885770587667
168329,msmarco_passage_12_174493415,2.0145624846310244
168329,msmarco_passage_35_324065621,2.0142578522861005
168329,msmarco_passage_41_385435024,2.0103078536380465
168329,msmarco_passage_11_715773096,2.0019699241594857
168329,msmarco_passage_04_441730262,1.9947740189971808
168329,msmarco_passage_13_401910432,1.9620692330681595
168329,msmarco_passage_58_518542664,1.948981081875721
168329,msmarco_passage_14_370399022,1.9404438289985688
168329,msmarco_passage_25_259214113,1.904112196712877
168329,msmarco_passage_58_247619001,1.8889836652328185
168329,msmarco_passage_31_624818009,1.8795135452592275
168329,msmarco_passage_39_3153139,1.861963427882292
168329,msmarco_passage_61_674104066,1.8450103116371936
168329,msmarco_passage_33_144894591,1.7990524095166156
168329,msmarco_passage_38_869415193,1.7962453660772977
190623,msmarco_passage_08_377498739,2.668069544120133
190623,msmarco_passage_05_497938979,2.4087742331926383
190623,msmarco_passage_08_377498267,1.9627546713080144
190623,msmarco_passage_18_550905367,1.7372217128571377
190623,msmarco_passage_18_550907066,1.7011943552403488
190623,msmarco_passage_18_550908404,1.6611410446497166
190623,msmarco_passage_18_550904935,1.6401552504768568
190623,msmarco_passage_30_678173837,1.6382771257787925
190623,msmarco_passage_18_550903631,1.5887134289195346
190623,msmarco_passage_18_550905862,1.5882602545070186
190623,msmarco_passage_18_550906639,1.5737617538822644
190623,msmarco_passage_18_289262304,1.5541042881635092
190623,msmarco_passage_40_370985028,1.51514005260002
190623,msmarco_passage_04_703823115,1.5058277164599605
190623,msmarco_passage_40_119020381,1.491217953728018
190623,msmarco_passage_51_811098079,1.4677084462342171
190623,msmarco_passage_49_568877679,1.4661922741471465
190623,msmarco_passage_39_773005627,1.4316975773785563
190623,msmarco_passage_19_616027567,1.4274930260955732
190623,msmarco_passage_07_763160990,1.4127647128367993
190623,msmarco_passage_50_318487983,1.4080271819781518
190623,msmarco_passage_19_616018280,1.4001259484096562
190623,msmarco_passage_04_538333204,1.3825251100511704
190623,msmarco_passage_63_333402535,1.379790631322802
190623,msmarco_passage_22_233893745,1.3739416646207114
190623,msmarco_passage_54_46604827,1.3642276816683063
190623,msmarco_passage_30_678174284,1.3544150986143555
190623,msmarco_passage_01_781011133,1.3335930038205628
190623,msmarco_passage_16_441596136,1.2935561668618152
190623,msmarco_passage_18_550906248,1.288892863345534
190623,msmarco_passage_12_327446927,1.2821911866364484
190623,msmarco_passage_21_565030752,1.2797647758930857
190623,msmarco_passage_01_584273282,1.18080914520512
190623,msmarco_passage_27_783043368,1.1735670422255584
190623,msmarco_passage_34_379382623,1.1607757949385704
190623,msmarco_passage_36_630771465,1.1377480519171372
190623,msmarco_passage_06_546961497,1.1356057191291449
190623,msmarco_passage_44_474226940,1.1268433153315116
190623,msmarco_passage_35_832927015,1.1238639112899875
190623,msmarco_passage_50_295169779,1.1101487640253158
190623,msmarco_passage_20_511222268,1.100625677358389
190623,msmarco_passage_15_147368316,1.0946017046068135
190623,msmarco_passage_63_333402094,1.0864496356056483
190623,msmarco_passage_00_680645686,1.0838125693632017
190623,msmarco_passage_68_458948191,1.081289322437641
190623,msmarco_passage_19_778362947,1.078391750116559
190623,msmarco_passage_18_726648609,1.077206495231266
190623,msmarco_passage_13_161674296,1.0727794472470835
190623,msmarco_passage_21_122779101,1.0646766552372506
190623,msmarco_passage_54_360362743,1.055950894555077
190623,msmarco_passage_05_497939403,1.047058166836497
190623,msmarco_passage_13_385093366,1.0150934328047256
190623,msmarco_passage_67_101748997,1.00312273561059
190623,msmarco_passage_19_716080658,0.999837748499658
190623,msmarco_passage_22_412044067,0.981410901769385
190623,msmarco_passage_17_822760470,0.978675320725136
190623,msmarco_passage_23_461676891,0.9694825094907408
190623,msmarco_passage_19_716081070,0.964215834299093
190623,msmarco_passage_18_71105299,0.937838482952274
190623,msmarco_passage_65_149098233,0.9214275979339106
190623,msmarco_passage_11_225273304,0.910010164670807
190623,msmarco_passage_31_381741895,0.9073148748013272
190623,msmarco_passage_19_754807463,0.9060877873392058
190623,msmarco_passage_39_662478101,0.9001850173992125
190623,msmarco_passage_23_461733691,0.891815947246805
190623,msmarco_passage_12_478591899,0.8894574715711911
190623,msmarco_passage_12_327448162,0.8596852681931353
190623,msmarco_passage_01_781010628,0.8329216556411896
190623,msmarco_passage_35_698299248,0.8212448592235694
190623,msmarco_passage_54_207995369,0.797546393103596
190623,msmarco_passage_04_156808610,0.796689330470762
190623,msmarco_passage_05_598763431,0.7926622255733518
190623,msmarco_passage_03_197209851,0.7650298804945149
190623,msmarco_passage_24_81419398,0.7431251917577844
190623,msmarco_passage_15_46018958,0.740437636875503
190623,msmarco_passage_05_582384406,0.7382877617444844
190623,msmarco_passage_20_499088840,0.7369859211467185
190623,msmarco_passage_41_221824588,0.7295908544167418
190623,msmarco_passage_59_148152280,0.7275276891953393
190623,msmarco_passage_23_591996861,0.723615274804446
190623,msmarco_passage_39_458598148,0.6830570543506376
190623,msmarco_passage_19_567885762,0.6542757973864675
190623,msmarco_passage_29_508348371,0.6471289285780901
190623,msmarco_passage_24_81055389,0.6286640640453747
190623,msmarco_passage_06_41635926,0.627077257482401
190623,msmarco_passage_47_69168407,0.6097569716976239
190623,msmarco_passage_10_415765599,0.6052431614495475
190623,msmarco_passage_47_68996541,0.6044772659525641
190623,msmarco_passage_17_800530724,0.603304018519461
190623,msmarco_passage_54_207993948,0.6006307644313263
190623,msmarco_passage_09_469598368,0.5591583183547619
190623,msmarco_passage_00_787246930,0.5470593998149403
190623,msmarco_passage_37_687367747,0.5266896458731783
190623,msmarco_passage_47_68949842,0.5193410048445943
190623,msmarco_passage_06_41633235,0.4637933452232139
190623,msmarco_passage_35_234866879,0.4253325166974558
226975,msmarco_passage_65_219573228,2.9956959602922204
226975,msmarco_passage_52_269196632,2.6413199579930167
226975,msmarco_passage_24_559073437,2.553202103597364
226975,msmarco_passage_10_719901294,2.4882151991638577
226975,msmarco_passage_25_95176272,2.46276386145258
226975,msmarco_passage_59_779343147,2.3821953839387087
226975,msmarco_passage_64_363384407,2.2138033570862485
226975,msmarco_passage_12_190331710,2.180911599002151
226975,msmarco_passage_10_719898481,2.104649280965659
226975,msmarco_passage_00_519959798,2.084283207976749
226975,msmarco_passage_61_742439218,2.032101915668592
226975,msmarco_passage_59_710149301,2.0233895151586125
226975,msmarco_passage_44_466774508,1.914669230132292
226975,msmarco_passage_25_95167754,1.899145612455264
226975,msmarco_passage_00_103998667,1.853102013841508
226975,msmarco_passage_12_355600311,1.8294333883280296
226975,msmarco_passage_27_446399410,1.823159120842578
226975,msmarco_passage_29_22477892,1.820844746002795
226975,msmarco_passage_27_446336923,1.8148305238649736
226975,msmarco_passage_35_201501678,1.809499029094984
226975,msmarco_passage_24_559064165,1.7938895976066935
226975,msmarco_passage_30_263547030,1.7913945388141674
226975,msmarco_passage_11_561307741,1.7543026070442491
226975,msmarco_passage_11_560021125,1.718790129460945
226975,msmarco_passage_28_849866213,1.660251935516101
226975,msmarco_passage_29_280788424,1.6568214681870397
226975,msmarco_passage_16_230628754,1.6474645877674885
226975,msmarco_passage_65_628619479,1.6378199252183172
226975,msmarco_passage_09_35262248,1.5962809030701812
226975,msmarco_passage_07_822308986,1.582971514576743
226975,msmarco_passage_50_745979337,1.5346311637922112
226975,msmarco_passage_54_240611981,1.51705185130433
226975,msmarco_passage_56_154460937,1.5158843255256007
226975,msmarco_passage_38_604886595,1.4978491898208606
226975,msmarco_passage_06_787543394,1.4602532244150426
226975,msmarco_passage_27_447348801,1.4483844948843054
226975,msmarco_passage_60_322466152,1.4098967020543505
226975,msmarco_passage_67_35039576,1.4052663572388722
226975,msmarco_passage_48_751105107,1.4010331977102948
226975,msmarco_passage_66_694032311,1.383235748382004
226975,msmarco_passage_50_829990867,1.366852991834452
226975,msmarco_passage_53_70417866,1.34575358371314
226975,msmarco_passage_27_505916170,1.3417498935393368
226975,msmarco_passage_34_252161546,1.3251643144358385
226975,msmarco_passage_41_433096217,1.3157160613003795
226975,msmarco_passage_29_279843468,1.3102405528349923
226975,msmarco_passage_42_239168464,1.3067802612554733
226975,msmarco_passage_57_713774992,1.2998815414968283
226975,msmarco_passage_12_188586749,1.288208364867455
226975,msmarco_passage_14_320420557,1.2864151962137549
226975,msmarco_passage_12_208890878,1.2774924321099492
226975,msmarco_passage_53_355313572,1.267314251725394
226975,msmarco_passage_04_389143918,1.265255613199182
226975,msmarco_passage_59_411850383,1.263777871058782
226975,msmarco_passage_12_264631080,1.251174868079599
226975,msmarco_passage_38_608836375,1.2381581322649904
226975,msmarco_passage_24_255039402,1.2358510274951608
226975,msmarco_passage_39_117321159,1.2328984900020403
226975,msmarco_passage_12_223016324,1.2318150995010335
226975,msmarco_passage_55_290464162,1.227720073809795
226975,msmarco_passage_00_100789200,1.21105641212698
226975,msmarco_passage_27_594694412,1.2022727781500744
226975,msmarco_passage_12_620714233,1.185357924833775
226975,msmarco_passage_38_611762296,1.1672517030943428
226975,msmarco_passage_11_92021773,1.1613803400528673
226975,msmarco_passage_12_732304353,1.1594462448659402
226975,msmarco_passage_25_132167309,1.153274746579005
226975,msmarco_passage_04_99063195,1.13944180819304
226975,msmarco_passage_38_643082324,1.1275366522049266
226975,msmarco_passage_00_319806697,1.1118076543408102
226975,msmarco_passage_17_96921488,1.0726116797893663
226975,msmarco_passage_29_697462600,1.0713676685765356
226975,msmarco_passage_22_752323735,1.0577273005669865
226975,msmarco_passage_02_301749223,1.046503137797957
226975,msmarco_passage_64_17248607,1.0257297144270263
226975,msmarco_passage_04_303106779,1.0157815689641845
226975,msmarco_passage_04_99173143,1.0055259765202964
226975,msmarco_passage_46_396622934,1.0041698845374072
226975,msmarco_passage_66_207693737,0.990565006163576
226975,msmarco_passage_57_422318412,0.976477109361744
226975,msmarco_passage_31_162707921,0.9713661252461544
226975,msmarco_passage_18_292505346,0.845270586374821
226975,msmarco_passage_38_294432698,0.834836521181443
226975,msmarco_passage_56_312287596,0.8195500283325319
226975,msmarco_passage_04_99746131,0.7819795045597238
226975,msmarco_passage_17_97011100,0.6956344234635433
237669,msmarco_passage_07_367182198,3.117269370374084
237669,msmarco_passage_15_789050318,2.863709430092641
237669,msmarco_passage_07_367182777,2.7073439097569905
237669,msmarco_passage_51_88229309,2.5783781071530845
237669,msmarco_passage_65_555172153,2.566008644258461
237669,msmarco_passage_10_602776522,2.5561374546420765
237669,msmarco_passage_45_423986487,2.4800057255598893
237669,msmarco_passage_45_442422969,2.4793813558807685
237669,msmarco_passage_12_426429806,2.471911637207189
237669,msmarco_passage_01_18414553,2.434234289221988
237669,msmarco_passage_07_367183200,2.401542008274901
237669,msmarco_passage_30_648086725,2.365465283880093
237669,msmarco_passage_17_527703255,2.352084201616111
237669,msmarco_passage_45_441302401,2.3106535323614974
237669,msmarco_passage_04_683571154,2.272926860670198
237669,msmarco_passage_59_595789257,2.262108870998622
237669,msmarco_passage_18_146883626,2.2546496192670618
237669,msmarco_passage_37_12435424,2.2017953750052968
237669,msmarco_passage_45_438148593,2.1729526473456016
237669,msmarco_passage_52_622788766,2.1270681499052597
237669,msmarco_passage_45_59853117,2.112790319086531
237669,msmarco_passage_04_683570514,2.108862806240888
237669,msmarco_passage_65_555171684,2.102953419173126
237669,msmarco_passage_30_631109766,2.0774410596116883
237669,msmarco_passage_42_254206406,2.0362213217907423
237669,msmarco_passage_55_502516645,2.0296426549582964
237669,msmarco_passage_36_301500596,1.9789784557803063
237669,msmarco_passage_21_311247506,1.9759536063966132
237669,msmarco_passage_01_18419824,1.962420243838755
237669,msmarco_passage_49_691166060,1.9478113296816604
237669,msmarco_passage_09_3285840,1.9437710610404424
237669,msmarco_passage_25_185991599,1.9427388453621977
237669,msmarco_passage_49_850755542,1.9381264396498457
237669,msmarco_passage_19_33908410,1.9188011762817248
237669,msmarco_passage_42_254196571,1.8989820603147645
237669,msmarco_passage_45_442414342,1.8903014995325096
237669,msmarco_passage_45_442430085,1.8652027369244484
237669,msmarco_passage_45_442437951,1.8584589440052888
237669,msmarco_passage_01_18421906,1.8432657515006297
237669,msmarco_passage_31_224577556,1.838415466363444
237669,msmarco_passage_26_562634447,1.836824387087187
237669,msmarco_passage_65_562723528,1.834437793118288
237669,msmarco_passage_17_527712431,1.83405657659023
237669,msmarco_passage_68_852728207,1.8157124187899167
237669,msmarco_passage_65_416828858,1.7901366303098625
237669,msmarco_passage_45_438537611,1.7812171438405486
237669,msmarco_passage_52_633940249,1.7797196509899291
237669,msmarco_passage_45_438172284,1.778532027452318
237669,msmarco_passage_54_571799701,1.7767719618649933
237669,msmarco_passage_46_167182193,1.7701357580415884
237669,msmarco_passage_42_254390342,1.751183126610795
237669,msmarco_passage_65_555174710,1.748642252599661
237669,msmarco_passage_45_442427759,1.7285665186368502
237669,msmarco_passage_20_172737419,1.7120465366704454
237669,msmarco_passage_45_447293232,1.6972102164021472
237669,msmarco_passage_39_670135383,1.6828248987540022
237669,msmarco_passage_17_527712961,1.6815289167989806
237669,msmarco_passage_45_59846711,1.6792668911606103
237669,msmarco_passage_55_655080813,1.6295171542663858
237669,msmarco_passage_02_749776350,1.611880544845801
237669,msmarco_passage_12_426552189,1.6046800465495497
237669,msmarco_passage_07_282972464,1.5515089891892495
237669,msmarco_passage_42_779507632,1.5510214356063154
237669,msmarco_passage_42_254827223,1.5365815139602843
237669,msmarco_passage_17_527707724,1.533446419100046
237669,msmarco_passage_17_527711942,1.5247934097900575
237669,msmarco_passage_36_301510770,1.5213349487871866
237669,msmarco_passage_11_509829565,1.5092451141515917
237669,msmarco_passage_36_301506958,1.4993205913348555
237669,msmarco_passage_10_704107453,1.4872451391806345
237669,msmarco_passage_07_260267738,1.4847583664977535
237669,msmarco_passage_09_102647672,1.4798337729577635
237669,msmarco_passage_11_113010366,1.4736495010822928
237669,msmarco_passage_50_427207612,1.4696345521464222
237669,msmarco_passage_16_82049104,1.4444081216281297
237669,msmarco_passage_02_749769595,1.442836307750876
237669,msmarco_passage_36_301511636,1.3995973508322876
237669,msmarco_passage_31_606852033,1.39259618725578
237669,msmarco_passage_60_74449038,1.3741772936857182
237669,msmarco_passage_50_427671046,1.3732881854497527
237669,msmarco_passage_11_286311799,1.3723459909239413
237669,msmarco_passage_17_528455034,1.3391514427835616
237669,msmarco_passage_41_506830221,1.338235008476107
237669,msmarco_passage_17_831536474,1.1688445495052444
237669,msmarco_passage_07_282973400,1.1443146225940637
237669,msmarco_passage_53_384742564,1.0394867284076732
237669,msmarco_passage_59_581628942,0.9685187077941166
253263,msmarco_passage_48_763440047,3.018769724763951
253263,msmarco_passage_28_326468821,2.7735751343408577
253263,msmarco_passage_39_711863628,2.7555146582925736
253263,msmarco_passage_66_685673120,2.7457580053910204
253263,msmarco_passage_02_511537499,2.6801991415006188
253263,msmarco_passage_61_344475322,2.6137506840539384
253263,msmarco_passage_08_503004422,2.600726979517937
253263,msmarco_passage_04_230573801,2.5254029481813864
253263,msmarco_passage_32_85294260,2.5033463608187643
253263,msmarco_passage_55_741521824,2.4941604842926504
253263,msmarco_passage_54_63139293,2.4540277489742097
253263,msmarco_passage_04_230567028,2.412849867541476
253263,msmarco_passage_08_463555490,2.403359017442132
253263,msmarco_passage_10_474269475,2.3920693445386303
253263,msmarco_passage_06_462575340,2.36725206787965
253263,msmarco_passage_04_230597806,2.3439090296625924
253263,msmarco_passage_10_191789571,2.3314537900894514
253263,msmarco_passage_10_474268814,2.3264848470976154
253263,msmarco_passage_53_402196399,2.326275756389561
253263,msmarco_passage_36_413437203,2.320364638188417
253263,msmarco_passage_58_107305431,2.318804744834701
253263,msmarco_passage_17_120530047,2.31653617935403
253263,msmarco_passage_32_787081535,2.3083385647716
253263,msmarco_passage_54_184927097,2.289778656295569
253263,msmarco_passage_17_307265996,2.277042661804209
253263,msmarco_passage_36_413438202,2.268581617639845
253263,msmarco_passage_07_70365861,2.2657575470332385
253263,msmarco_passage_24_223690258,2.2525959535521083
253263,msmarco_passage_53_682021126,2.245281969494494
253263,msmarco_passage_48_836680363,2.2412054629816325
253263,msmarco_passage_07_70363350,2.237767788934072
253263,msmarco_passage_00_25923498,2.226763425032675
253263,msmarco_passage_48_433212241,2.220644379094189
253263,msmarco_passage_06_694809167,2.194556540630751
253263,msmarco_passage_04_99696012,2.190621033031677
253263,msmarco_passage_10_191792164,2.17996947064232
253263,msmarco_passage_08_67643899,2.179479659700163
253263,msmarco_passage_44_330411377,2.177286637240885
253263,msmarco_passage_41_34601591,2.167852035104227
253263,msmarco_passage_07_678949670,2.1414759577188263
253263,msmarco_passage_10_191792405,2.130348281448027
253263,msmarco_passage_06_787030213,2.115403651074197
253263,msmarco_passage_10_192136472,2.114494244787387
253263,msmarco_passage_10_191792813,2.11290684402549
253263,msmarco_passage_37_472032748,2.090627429390939
253263,msmarco_passage_12_178110959,2.073490576367839
253263,msmarco_passage_10_191809958,2.037785759833199
253263,msmarco_passage_10_192135129,2.033160010206328
253263,msmarco_passage_36_110149787,2.028201218857942
253263,msmarco_passage_35_324760678,1.970466418713528
253263,msmarco_passage_48_836655386,1.9589401068013943
253263,msmarco_passage_17_307267669,1.9549919266812072
253263,msmarco_passage_00_170122187,1.951040917396776
253263,msmarco_passage_12_269912869,1.9460099207247563
253263,msmarco_passage_17_120526991,1.9300584894714263
253263,msmarco_passage_24_186269094,1.919383391555246
253263,msmarco_passage_00_170115947,1.9179847739507048
253263,msmarco_passage_00_170123031,1.9086465299895736
253263,msmarco_passage_12_268383729,1.8993649575621705
253263,msmarco_passage_36_657904945,1.8754790974275195
253263,msmarco_passage_10_191790466,1.851861219848193
253263,msmarco_passage_12_263128349,1.8422185030103069
253263,msmarco_passage_04_311969000,1.830021124894305
253263,msmarco_passage_10_191791825,1.778030804700532
253263,msmarco_passage_48_433137695,1.7742559613567686
253263,msmarco_passage_48_836652623,1.769358371565514
253263,msmarco_passage_59_38931519,1.7601466321553003
253263,msmarco_passage_48_836298228,1.7549639220100568
253263,msmarco_passage_04_99697717,1.7428660673426672
253263,msmarco_passage_10_191791634,1.7370045586751446
253263,msmarco_passage_48_836315413,1.6763380098584748
253263,msmarco_passage_00_271917504,1.6694045386070908
253263,msmarco_passage_07_70363860,1.6655946653419165
253263,msmarco_passage_24_211579613,1.6378209256667762
253263,msmarco_passage_00_25920424,1.6128156202543642
253263,msmarco_passage_09_798090313,1.5877965003822467
253263,msmarco_passage_51_508064468,1.4891478429957534
253263,msmarco_passage_00_493486438,1.4843324904347868
253263,msmarco_passage_00_25922941,1.4722282965952995
253263,msmarco_passage_00_25923169,1.4209760243955678
253263,msmarco_passage_04_99738467,1.368847343681481
253263,msmarco_passage_13_45087416,1.3412948616216582
253263,msmarco_passage_24_154530738,1.293411594767144
300025,msmarco_passage_23_307538604,2.6401983508884905
300025,msmarco_passage_10_457252165,2.4301711281733334
300025,msmarco_passage_10_457250983,2.1897579359862744
300025,msmarco_passage_20_281778523,2.1236893072451903
300025,msmarco_passage_35_594922783,2.1026254935429427
300025,msmarco_passage_44_592233789,2.0899725025161806
300025,msmarco_passage_51_212299641,2.071651998245614
300025,msmarco_passage_48_244666680,2.026459816195054
300025,msmarco_passage_62_872025429,1.9695919238867328
300025,msmarco_passage_01_860445927,1.938181992078132
300025,msmarco_passage_33_503719675,1.9257144168188427
300025,msmarco_passage_18_743987700,1.9237731937172555
300025,msmarco_passage_68_212793328,1.8988539095148111
300025,msmarco_passage_47_342206698,1.8959210093031005
300025,msmarco_passage_68_213251933,1.8870762411829085
300025,msmarco_passage_67_1629936,1.8614411673494933
300025,msmarco_passage_28_865414530,1.8513673931710772
300025,msmarco_passage_05_494940863,1.8510772136188016
300025,msmarco_passage_67_1777942,1.8423335640514773
300025,msmarco_passage_46_461393566,1.8356467933303144
300025,msmarco_passage_67_1335487,1.8328666548235424
300025,msmarco_passage_00_158178731,1.830068237867268
300025,msmarco_passage_01_239188347,1.8170470594887853
300025,msmarco_passage_67_1476721,1.8115797324046377
300025,msmarco_passage_20_736374757,1.8039846623771227
300025,msmarco_passage_18_227809208,1.801179450977097
300025,msmarco_passage_05_28772869,1.80020113510215
300025,msmarco_passage_28_863223069,1.7969275122620805
300025,msmarco_passage_37_77317847,1.771764736752441
300025,msmarco_passage_26_221814524,1.7648055133311047
300025,msmarco_passage_68_172633202,1.7604056577522629
300025,msmarco_passage_00_163729495,1.7590179035198092
300025,msmarco_passage_35_461931987,1.747924470458738
300025,msmarco_passage_07_96598783,1.7457551557047155
300025,msmarco_passage_29_752023711,1.7440782595363562
300025,msmarco_passage_01_722010666,1.742650988192153
300025,msmarco_passage_46_377979165,1.7267627964844074
300025,msmarco_passage_08_595957553,1.709555754664036
300025,msmarco_passage_29_300498868,1.7022310196210189
300025,msmarco_passage_35_461936291,1.699666573527752
300025,msmarco_passage_10_457251442,1.6922297827481645
300025,msmarco_passage_68_149059129,1.6912566458334215
300025,msmarco_passage_58_714478309,1.6857568572187598
300025,msmarco_passage_60_347315974,1.6778401359499284
300025,msmarco_passage_60_347669971,1.6650683150204877
300025,msmarco_passage_04_561350495,1.6617421229913705
300025,msmarco_passage_51_486644437,1.654945099978806
300025,msmarco_passage_21_552073940,1.6344252828499943
300025,msmarco_passage_60_235065767,1.5920393700273108
300025,msmarco_passage_20_736374373,1.5665737380129237
300025,msmarco_passage_12_60198128,1.562938926802564
300025,msmarco_passage_28_605832986,1.5587280153773948
300025,msmarco_passage_14_634810200,1.5562644624645214
300025,msmarco_passage_44_61706146,1.552153762692961
300025,msmarco_passage_13_542989873,1.5461973875173387
300025,msmarco_passage_02_125607648,1.5446260868782906
300025,msmarco_passage_68_165142816,1.5166379033757458
300025,msmarco_passage_52_629959888,1.5074419971762334
300025,msmarco_passage_64_373890460,1.5018586494586363
300025,msmarco_passage_18_227810900,1.479094229916984
300025,msmarco_passage_31_620112557,1.4715680977036374
300025,msmarco_passage_05_734061511,1.4576452413649852
300025,msmarco_passage_23_468319423,1.4571911145436516
300025,msmarco_passage_64_341030026,1.4553747456497157
300025,msmarco_passage_57_329407553,1.4043912797394122
300025,msmarco_passage_22_520744361,1.3969790780072555
300025,msmarco_passage_29_49710876,1.377248837735093
300025,msmarco_passage_26_701334157,1.3646525267169245
300025,msmarco_passage_32_641899465,1.3578184348026472
300025,msmarco_passage_43_711807262,1.3492364640543717
300025,msmarco_passage_03_833777696,1.330564539461089
300025,msmarco_passage_01_294803376,1.3063362103094658
300025,msmarco_passage_39_627944418,1.3060521565230054
300025,msmarco_passage_46_371312367,1.2975871377371175
300025,msmarco_passage_56_147392857,1.2832402348358414
300025,msmarco_passage_09_861287934,1.2759644069027658
300025,msmarco_passage_26_628942056,1.274215246019064
300025,msmarco_passage_29_313424631,1.2730311387602231
300025,msmarco_passage_43_478922277,1.2678975461011848
300025,msmarco_passage_26_135639654,1.2318661704623706
300025,msmarco_passage_48_479045855,1.1944212373117074
300025,msmarco_passage_28_591532942,1.1767101890823697
300025,msmarco_passage_01_493109923,1.1492450373236345
300025,msmarco_passage_32_786917093,1.1486869742438082
300025,msmarco_passage_09_416975917,1.1408109994580868
300025,msmarco_passage_02_413200746,1.13183817842506
300025,msmarco_passage_12_412202707,1.0306328045381363
300025,msmarco_passage_34_481274696,1.0041939041404864
300986,msmarco_passage_60_672040749,3.201094787347317
300986,msmarco_passage_52_724524912,2.967010876669211
300986,msmarco_passage_28_817645953,2.761886743799885
300986,msmarco_passage_48_253244347,2.732312994920264
300986,msmarco_passage_44_178929410,2.6388848053463025
300986,msmarco_passage_26_350243017,2.535517458481856
300986,msmarco_passage_42_671053391,2.485445065040832
300986,msmarco_passage_63_826007040,2.4836818701286325
300986,msmarco_passage_63_826007528,2.443552112429429
300986,msmarco_passage_14_193793985,2.3994111600577046
300986,msmarco_passage_60_672035513,2.38276068652048
300986,msmarco_passage_14_491490487,2.357213335503446
300986,msmarco_passage_14_491489667,2.3164410351249645
300986,msmarco_passage_60_672100841,2.2945512486991517
300986,msmarco_passage_26_350243980,2.249706783072173
300986,msmarco_passage_52_724523436,2.235393789035672
300986,msmarco_passage_14_491491316,2.222537297753572
300986,msmarco_passage_60_672040286,2.1553915335080216
300986,msmarco_passage_51_532132796,2.14602383874519
300986,msmarco_passage_60_588572280,2.08837333965451
300986,msmarco_passage_55_151574959,2.048774339680309
300986,msmarco_passage_02_562680030,2.0132290072893357
300986,msmarco_passage_04_451515431,1.960869696264869
300986,msmarco_passage_60_672038313,1.9101840396560457
300986,msmarco_passage_26_350239990,1.9007486662885733
300986,msmarco_passage_30_600329174,1.889556244770509
300986,msmarco_passage_42_681422419,1.8805961254107872
300986,msmarco_passage_61_638698118,1.7956471094280977
300986,msmarco_passage_40_77968136,1.7738090548813346
300986,msmarco_passage_41_212377934,1.7456874872532024
300986,msmarco_passage_17_660918641,1.7121306386755244
300986,msmarco_passage_22_797571811,1.6496725660569598
300986,msmarco_passage_46_770958900,1.6252118605071069
300986,msmarco_passage_27_294688455,1.6160407738368503
300986,msmarco_passage_54_184233851,1.5774724034801766
300986,msmarco_passage_03_500285269,1.5646156638219806
300986,msmarco_passage_32_791104712,1.559395850099884
300986,msmarco_passage_14_193792580,1.5425387070313046
300986,msmarco_passage_15_364916449,1.5387839629700475
300986,msmarco_passage_05_845757340,1.468898742375614
300986,msmarco_passage_31_535308559,1.4556838494372448
300986,msmarco_passage_45_326378810,1.4366058204494196
300986,msmarco_passage_23_314351210,1.4267719857948056
300986,msmarco_passage_02_25175874,1.4157966312857448
300986,msmarco_passage_56_488991713,1.4122986863598572
300986,msmarco_passage_26_350240694,1.402975439777459
300986,msmarco_passage_20_258080636,1.402754678543822
300986,msmarco_passage_56_75823477,1.388829714505576
300986,msmarco_passage_28_728577037,1.3745018723815188
300986,msmarco_passage_36_850727476,1.3651818153321744
300986,msmarco_passage_42_118563231,1.3616283160203853
300986,msmarco_passage_01_801289264,1.353992073170718
300986,msmarco_passage_15_522406697,1.3516833518048326
300986,msmarco_passage_30_772322938,1.3379025359212071
300986,msmarco_passage_15_522408017,1.3280364588884923
300986,msmarco_passage_20_45967791,1.3119434623272308
300986,msmarco_passage_52_722544963,1.3111377719746664
300986,msmarco_passage_51_119000415,1.3049774818346347
300986,msmarco_passage_45_147093599,1.2936225165623445
300986,msmarco_passage_15_718851878,1.2903774996097332
300986,msmarco_passage_26_350240316,1.235741336410628
300986,msmarco_passage_51_32980865,1.2317547643212694
300986,msmarco_passage_36_850727802,1.2147137829144894
300986,msmarco_passage_15_225348458,1.2027097284142434
300986,msmarco_passage_34_52776019,1.1967695698133496
300986,msmarco_passage_59_42639171,1.1852817975430894
300986,msmarco_passage_15_364893095,1.1533706085162982
300986,msmarco_passage_52_106971142,1.1057915936086438
300986,msmarco_passage_47_461009684,1.1033711274859634
300986,msmarco_passage_24_387948135,1.0053968925573549
300986,msmarco_passage_58_567141580,1.0023114191139
300986,msmarco_passage_54_299261018,0.994289655896146
300986,msmarco_passage_02_308969012,0.9933408797612384
300986,msmarco_passage_14_344994050,0.966111615863649
300986,msmarco_passage_08_356398935,0.9601265732018468
300986,msmarco_passage_36_850643220,0.9449810712740168
300986,msmarco_passage_04_792337596,0.9290267284304592
300986,msmarco_passage_31_490828019,0.9273515484143308
300986,msmarco_passage_41_358743,0.8827700002239088
300986,msmarco_passage_59_621467447,0.8026999374831864
300986,msmarco_passage_51_570058560,0.7988946270552111
300986,msmarco_passage_58_567141270,0.7646484368879852
300986,msmarco_passage_45_526960282,0.6660885218921668
300986,msmarco_passage_51_205043835,0.5916523444445909
337656,msmarco_passage_10_733659281,2.448771450601518
337656,msmarco_passage_45_114413828,2.174152944796169
337656,msmarco_passage_26_795932174,2.029307753899759
337656,msmarco_passage_65_57454141,2.0277731860417827
337656,msmarco_passage_65_57452647,1.948211393992144
337656,msmarco_passage_04_81160586,1.945401376909092
337656,msmarco_passage_02_244988916,1.924068218273378
337656,msmarco_passage_64_504411889,1.8959864945570748
337656,msmarco_passage_24_336760901,1.798494116534192
337656,msmarco_passage_64_35121073,1.7937614339648942
337656,msmarco_passage_62_871924943,1.601168587221515
337656,msmarco_passage_10_261222350,1.5372609439458904
337656,msmarco_passage_07_210790811,1.5208112843971515
337656,msmarco_passage_31_555100951,1.504213809408715
337656,msmarco_passage_12_698299688,1.4751636061912137
337656,msmarco_passage_04_296761666,1.4636222998111172
337656,msmarco_passage_20_147095091,1.4101690977240462
337656,msmarco_passage_58_52331998,1.3480830763941103
337656,msmarco_passage_08_628368879,1.3426603112425153
337656,msmarco_passage_02_291359768,1.3424305796791007
337656,msmarco_passage_34_410181837,1.3407762387503357
337656,msmarco_passage_04_86617990,1.3120439653272196
337656,msmarco_passage_21_514730872,1.3086141474605868
337656,msmarco_passage_19_746912315,1.250134936831724
337656,msmarco_passage_24_353052495,1.2426446335392558
337656,msmarco_passage_45_854029576,1.237300198547197
337656,msmarco_passage_04_117733953,1.2312591586281347
337656,msmarco_passage_04_117797406,1.2063348495542197
337656,msmarco_passage_04_117819168,1.2036784544057788
337656,msmarco_passage_55_586789337,1.1916312086708616
337656,msmarco_passage_58_21990273,1.1914549119636126
337656,msmarco_passage_04_117766389,1.1898455306934477
337656,msmarco_passage_22_229264959,1.189383982682784
337656,msmarco_passage_04_117768972,1.1792768847768824
337656,msmarco_passage_39_370329106,1.169781759080437
337656,msmarco_passage_04_117797785,1.168055751240793
337656,msmarco_passage_36_682317950,1.1656711156991115
337656,msmarco_passage_04_117795643,1.1645642299339567
337656,msmarco_passage_06_310924727,1.164376510379653
337656,msmarco_passage_39_374315264,1.161982278479673
337656,msmarco_passage_36_22207071,1.153847317253076
337656,msmarco_passage_13_275790560,1.15093939112414
337656,msmarco_passage_59_238859334,1.1431951752935907
337656,msmarco_passage_04_117740243,1.1302635739847986
337656,msmarco_passage_04_117571605,1.1139176377023412
337656,msmarco_passage_04_117748829,1.1118491137197788
337656,msmarco_passage_57_850780802,1.106070763995173
337656,msmarco_passage_64_128749989,1.1053725466172737
337656,msmarco_passage_47_828472839,1.104589065029165
337656,msmarco_passage_58_488943922,1.0947478297460278
337656,msmarco_passage_04_117818646,1.089589510493982
337656,msmarco_passage_06_621546583,1.0873074800638038
337656,msmarco_passage_04_117777447,1.0822546978491874
337656,msmarco_passage_04_321313763,1.078720935208339
337656,msmarco_passage_04_117741373,1.0705337536174186
337656,msmarco_passage_04_117739775,1.0681776271649712
337656,msmarco_passage_31_732120743,1.035308738526239
337656,msmarco_passage_45_374621904,1.027913679785711
337656,msmarco_passage_39_370329950,1.0197074726732192
337656,msmarco_passage_39_370330874,1.015545804179075
337656,msmarco_passage_16_288803144,1.0084960760982289
337656,msmarco_passage_04_117738464,0.9819700785994108
337656,msmarco_passage_04_117794474,0.9747254744125696
337656,msmarco_passage_04_117742620,0.9649285477824372
337656,msmarco_passage_62_573196830,0.964122021621695
337656,msmarco_passage_12_240515955,0.96389666189154
337656,msmarco_passage_28_381122836,0.94092599894799
337656,msmarco_passage_04_117831391,0.933905471383078
337656,msmarco_passage_19_193432376,0.9320214599819472
337656,msmarco_passage_47_98914319,0.9297775493752228
337656,msmarco_passage_68_680545100,0.9198141056788072
337656,msmarco_passage_14_717947002,0.8974653443530887
337656,msmarco_passage_04_216251580,0.8850850599033002
337656,msmarco_passage_07_223920844,0.8566230904179712
337656,msmarco_passage_26_431216410,0.8474989786122703
337656,msmarco_passage_54_545898087,0.8239971751721675
337656,msmarco_passage_28_384079870,0.8164577322880726
337656,msmarco_passage_04_117740666,0.7917063790009307
337656,msmarco_passage_27_549691728,0.7908899145902996
337656,msmarco_passage_14_657609750,0.7380980515610812
337656,msmarco_passage_00_325854603,0.716877071811501
337656,msmarco_passage_63_129177566,0.7130503920335403
337656,msmarco_passage_58_626632255,0.6890347663878067
337656,msmarco_passage_04_117788983,0.6880764522970242
337656,msmarco_passage_61_738867490,0.6590512924919899
337656,msmarco_passage_00_325854179,0.5944219050945386
337656,msmarco_passage_61_46748406,0.5154874846727562
337656,msmarco_passage_38_820422534,0.4506677211936735
337656,msmarco_passage_47_810577626,0.3486847387537874
364210,msmarco_passage_11_678680186,2.888819150292873
364210,msmarco_passage_55_272628196,2.8169966758801253
364210,msmarco_passage_11_73532770,2.7117071118255534
364210,msmarco_passage_11_73533498,2.5124588506103733
364210,msmarco_passage_09_484429649,2.5029064634466964
364210,msmarco_passage_25_596444118,2.4960076647792144
364210,msmarco_passage_11_73529276,2.485697673914113
364210,msmarco_passage_63_13231404,2.479576846388114
364210,msmarco_passage_61_344485493,2.477426254887226
364210,msmarco_passage_43_286763885,2.4697080269106806
364210,msmarco_passage_67_718574094,2.4411055617591666
364210,msmarco_passage_65_825758557,2.425754412488777
364210,msmarco_passage_53_13525832,2.4185818951879408
364210,msmarco_passage_55_272622963,2.404886783547083
364210,msmarco_passage_25_596444800,2.400637604932925
364210,msmarco_passage_11_678674735,2.399583731327973
364210,msmarco_passage_11_678675186,2.3769348389459646
364210,msmarco_passage_55_272625444,2.371203034441071
364210,msmarco_passage_67_718569701,2.322065708809865
364210,msmarco_passage_59_36176375,2.312983552885111
364210,msmarco_passage_25_596446470,2.2742820129953696
364210,msmarco_passage_65_825760429,2.2616929129760024
364210,msmarco_passage_61_344485920,2.1641097504729765
364210,msmarco_passage_53_13528139,2.153413093101637
364210,msmarco_passage_61_706783811,2.1459935095995943
364210,msmarco_passage_29_246434021,2.1352822716980664
364210,msmarco_passage_28_624418171,2.125771148931984
364210,msmarco_passage_64_431437978,2.1246090328525247
364210,msmarco_passage_29_246437068,2.1198730936805656
364210,msmarco_passage_61_706780914,2.119423338818481
364210,msmarco_passage_59_38907424,2.118533444995616
364210,msmarco_passage_66_237486153,2.117077539223942
364210,msmarco_passage_01_516481351,2.103984878056385
364210,msmarco_passage_09_484427074,2.1018991938706133
364210,msmarco_passage_63_13230428,2.0997307639259093
364210,msmarco_passage_11_73532357,2.0904182700156784
364210,msmarco_passage_55_284125175,2.090337788799318
364210,msmarco_passage_10_191809958,2.080295388901217
364210,msmarco_passage_53_500361899,2.0576749378027293
364210,msmarco_passage_11_678681620,2.0503578663031874
364210,msmarco_passage_29_246430081,2.041396393543116
364210,msmarco_passage_66_237486899,2.027594696940534
364210,msmarco_passage_64_431444427,2.0259848604236206
364210,msmarco_passage_61_706775831,2.019438863922932
364210,msmarco_passage_24_153740607,2.015117649217805
364210,msmarco_passage_63_13229709,2.013786162527542
364210,msmarco_passage_11_3165348,2.011548510235067
364210,msmarco_passage_59_36173095,2.007358751521991
364210,msmarco_passage_53_500353495,1.995729175495736
364210,msmarco_passage_25_596449281,1.9956769752296075
364210,msmarco_passage_03_349953368,1.9760649748206964
364210,msmarco_passage_19_433866027,1.961708479446031
364210,msmarco_passage_66_237485061,1.9375229306025392
364210,msmarco_passage_25_596446908,1.917170774174325
364210,msmarco_passage_19_433859899,1.9099129835204025
364210,msmarco_passage_26_848362213,1.872762472092682
364210,msmarco_passage_25_596448272,1.8676754381756235
364210,msmarco_passage_09_652668025,1.866500639343344
364210,msmarco_passage_19_433861320,1.83500595539378
364210,msmarco_passage_40_271920829,1.8167937050946577
364210,msmarco_passage_33_73504064,1.808373552477557
364210,msmarco_passage_30_861423617,1.798868259294868
364210,msmarco_passage_61_344447892,1.784944279533519
364210,msmarco_passage_10_191811699,1.7673221905315315
364210,msmarco_passage_45_183607269,1.765617473290619
364210,msmarco_passage_52_344209725,1.7631908834473815
364210,msmarco_passage_12_190422397,1.7221376807504165
364210,msmarco_passage_10_191809167,1.7199035141776071
364210,msmarco_passage_61_384193524,1.6626788428905357
364210,msmarco_passage_09_652668837,1.6620760152592533
364210,msmarco_passage_26_855852987,1.6501634590157837
364210,msmarco_passage_53_428816576,1.622129752789962
364210,msmarco_passage_08_437103247,1.5962179890545896
364210,msmarco_passage_30_861423926,1.56994271046612
364210,msmarco_passage_02_649371170,1.565643453048491
364210,msmarco_passage_53_441211686,1.475773953292292
364210,msmarco_passage_01_62076720,1.4105874014186095
364210,msmarco_passage_25_596447400,1.363591585571029
364210,msmarco_passage_12_190424771,1.2568911753974374
364210,msmarco_passage_67_705383169,1.2526315263630023
364210,msmarco_passage_59_750458353,1.1632722186839743
364210,msmarco_passage_59_776450272,1.1413364800884025
364210,msmarco_passage_53_93254410,0.9976365085305968
364210,msmarco_passage_53_264155772,0.931841253407942
364210,msmarco_passage_19_597763583,0.5237154825295012
395948,msmarco_passage_66_136128052,2.842691947227717
395948,msmarco_passage_66_136129737,2.282421675749956
395948,msmarco_passage_09_593796930,2.247882020335269
395948,msmarco_passage_00_335703110,2.2464470057397565
395948,msmarco_passage_12_633563963,2.226458304319208
395948,msmarco_passage_40_478478913,2.121008586182392
395948,msmarco_passage_52_407368767,2.099624036945288
395948,msmarco_passage_40_31220962,2.0715779623936945
395948,msmarco_passage_30_743901721,2.056099908018486
395948,msmarco_passage_64_172367505,2.0320721572912763
395948,msmarco_passage_62_806288188,2.0317159993414604
395948,msmarco_passage_60_699254771,2.0202674236511937
395948,msmarco_passage_09_42314854,2.013763500119441
395948,msmarco_passage_58_238510091,1.99954721653102
395948,msmarco_passage_52_395520891,1.996732587541536
395948,msmarco_passage_13_694141582,1.9963749138141416
395948,msmarco_passage_64_415512793,1.9824243244920072
395948,msmarco_passage_03_172698484,1.9738457543354484
395948,msmarco_passage_01_713485374,1.9580229308371375
395948,msmarco_passage_13_801307303,1.9466017302457412
395948,msmarco_passage_10_597449528,1.9453591149801563
395948,msmarco_passage_25_524178293,1.9352442169402808
395948,msmarco_passage_20_406078127,1.9345677879897387
395948,msmarco_passage_50_160647318,1.9094120615402048
395948,msmarco_passage_32_155896849,1.9082509575721247
395948,msmarco_passage_52_222640483,1.897578549147226
395948,msmarco_passage_50_148674633,1.8869712244578756
395948,msmarco_passage_53_732705817,1.8751004434279368
395948,msmarco_passage_25_524171562,1.866734483559845
395948,msmarco_passage_44_831905070,1.857851784612941
395948,msmarco_passage_26_289736208,1.855728071338312
395948,msmarco_passage_09_84938299,1.853871859926911
395948,msmarco_passage_64_149789057,1.8536164820918
395948,msmarco_passage_37_377820649,1.8495384253788385
395948,msmarco_passage_30_871830863,1.8480725290446849
395948,msmarco_passage_30_708780716,1.8477436544107104
395948,msmarco_passage_25_524177402,1.8104023328343268
395948,msmarco_passage_01_713479561,1.8063910967653445
395948,msmarco_passage_30_720986447,1.805081324367481
395948,msmarco_passage_65_399828602,1.787307978257204
395948,msmarco_passage_03_157509408,1.7841881643689406
395948,msmarco_passage_56_55825198,1.7725382286032365
395948,msmarco_passage_52_225823964,1.7719358935445737
395948,msmarco_passage_52_221256134,1.7692972841911483
395948,msmarco_passage_13_692849046,1.7641132504066377
395948,msmarco_passage_01_413437948,1.7639729097249262
395948,msmarco_passage_01_713482269,1.7614176688946777
395948,msmarco_passage_03_692042522,1.7566173667874638
395948,msmarco_passage_01_713483622,1.746744016089432
395948,msmarco_passage_57_424507032,1.742763500342355
395948,msmarco_passage_13_694025288,1.7328189110809622
395948,msmarco_passage_03_432383674,1.7133376425924731
395948,msmarco_passage_32_73748438,1.6745872474876724
395948,msmarco_passage_56_55826178,1.671094456091017
395948,msmarco_passage_41_640911015,1.661650179518923
395948,msmarco_passage_62_203523866,1.6538294154551738
395948,msmarco_passage_62_203359783,1.6471678152811164
395948,msmarco_passage_66_563790251,1.6430395569103318
395948,msmarco_passage_25_524182143,1.6230652669413403
395948,msmarco_passage_66_562375326,1.552563158770064
395948,msmarco_passage_02_530046410,1.5304743143644768
395948,msmarco_passage_56_55830635,1.508496799917469
395948,msmarco_passage_25_524181318,1.4728122913513044
395948,msmarco_passage_18_54011527,1.4635433806067508
395948,msmarco_passage_66_789006171,1.3937185049657816
395948,msmarco_passage_00_412195534,1.2579549349741164
395948,msmarco_passage_32_375020681,1.2439888531445915
395948,msmarco_passage_30_251603586,1.1643093898769863
395948,msmarco_passage_09_854441113,1.1511230031300197
395948,msmarco_passage_28_856380315,1.150479012376744
395948,msmarco_passage_66_566770991,1.1170518670855707
395948,msmarco_passage_13_331398108,1.0974855526616825
395948,msmarco_passage_12_628094992,1.058469896504348
395948,msmarco_passage_24_388309628,1.0325327717236288
395948,msmarco_passage_35_621993358,1.026543982172608
395948,msmarco_passage_01_5945384,1.0082344872251168
395948,msmarco_passage_07_566533734,0.927957670861744
395948,msmarco_passage_58_551521447,0.9239611720416636
395948,msmarco_passage_41_481823577,0.8710235784558492
395948,msmarco_passage_23_826990062,0.8591596942671462
395948,msmarco_passage_47_62102598,0.8537232763631333
395948,msmarco_passage_21_196052140,0.8177936546373242
395948,msmarco_passage_34_432039886,0.8073781291775859
395948,msmarco_passage_21_432344768,0.8029636782865881
395948,msmarco_passage_32_540679719,0.790505264370678
395948,msmarco_passage_00_757513154,0.6635459765315788
395948,msmarco_passage_63_268683190,0.623675154092219
395948,msmarco_passage_28_168406126,0.5975787700646715
395948,msmarco_passage_51_445271182,0.4546544687956572
421946,msmarco_passage_38_643493231,2.6906134331322846
421946,msmarco_passage_12_735897565,2.441389826698821
421946,msmarco_passage_07_822264197,2.2999739702452864
421946,msmarco_passage_38_643515607,2.2820890307616253
421946,msmarco_passage_41_167658866,2.2756090958330155
421946,msmarco_passage_04_389002915,2.238378942231855
421946,msmarco_passage_38_643533109,2.227966232592017
421946,msmarco_passage_38_616474164,2.217394480090248
421946,msmarco_passage_41_167538755,2.1568460320283167
421946,msmarco_passage_41_167638491,2.0513431494844845
421946,msmarco_passage_26_233021569,2.039245209218888
421946,msmarco_passage_41_167673844,2.034708409569263
421946,msmarco_passage_38_643532666,2.0224008954750152
421946,msmarco_passage_24_92132549,1.9706512389473947
421946,msmarco_passage_30_467348880,1.96716490518246
421946,msmarco_passage_48_124892275,1.9550310444902164
421946,msmarco_passage_38_643300933,1.915905443055431
421946,msmarco_passage_43_349492964,1.7516692292081162
421946,msmarco_passage_46_349702778,1.7405471280886098
421946,msmarco_passage_04_158462885,1.7387078343713525
421946,msmarco_passage_27_507274457,1.7126822118758824
421946,msmarco_passage_33_291731635,1.7126392382941626
421946,msmarco_passage_33_291897430,1.7041536170178135
421946,msmarco_passage_36_48900852,1.6738243217265347
421946,msmarco_passage_36_784660956,1.665616639941227
421946,msmarco_passage_59_51655347,1.5821741968817746
421946,msmarco_passage_30_505146720,1.5763630892926384
421946,msmarco_passage_28_462917232,1.5741979047152763
421946,msmarco_passage_04_247241594,1.5736609631141223
421946,msmarco_passage_27_53722100,1.572196527165823
421946,msmarco_passage_50_626073664,1.5550483509539998
421946,msmarco_passage_43_610974877,1.5411887585845123
421946,msmarco_passage_47_342647600,1.533580156415755
421946,msmarco_passage_27_520112739,1.5269393024837483
421946,msmarco_passage_48_124893100,1.5268225083001348
421946,msmarco_passage_37_842275338,1.5240020204105735
421946,msmarco_passage_15_126016017,1.5062028851991662
421946,msmarco_passage_11_721443773,1.4289234811937408
421946,msmarco_passage_12_464246059,1.4274355844254916
421946,msmarco_passage_60_868397569,1.4118789717763245
421946,msmarco_passage_27_507274905,1.396353562939811
421946,msmarco_passage_58_157765023,1.3935809646965058
421946,msmarco_passage_04_589827139,1.3919054469446626
421946,msmarco_passage_43_69176565,1.391162574102265
421946,msmarco_passage_30_505144509,1.3830360017689611
421946,msmarco_passage_04_247242423,1.3817967119943737
421946,msmarco_passage_38_643530429,1.349193490138218
421946,msmarco_passage_29_771130354,1.341806176887206
421946,msmarco_passage_04_589826712,1.3281798250054098
421946,msmarco_passage_50_626114756,1.3258210619874564
421946,msmarco_passage_25_479010876,1.3098261249761014
421946,msmarco_passage_37_854742429,1.2980330686860615
421946,msmarco_passage_33_291729915,1.2808756084796091
421946,msmarco_passage_37_854750053,1.2801859069328527
421946,msmarco_passage_66_439017648,1.265887761521149
421946,msmarco_passage_27_507275700,1.265542715833377
421946,msmarco_passage_41_167613269,1.261231681277737
421946,msmarco_passage_36_48936738,1.2448436682114354
421946,msmarco_passage_04_589830609,1.2284438889864364
421946,msmarco_passage_33_291736081,1.2280868744997882
421946,msmarco_passage_33_291734904,1.2004358056610478
421946,msmarco_passage_26_340487762,1.1965872420940755
421946,msmarco_passage_60_868314540,1.1879528702509272
421946,msmarco_passage_33_291733297,1.1763408874594392
421946,msmarco_passage_54_691760879,1.1335546187057703
421946,msmarco_passage_66_438662364,1.1143143659474124
421946,msmarco_passage_11_726036873,1.1115504029781669
421946,msmarco_passage_12_464246769,1.110917632970161
421946,msmarco_passage_33_291730787,1.071705371057631
421946,msmarco_passage_32_82880857,1.0516277140649533
421946,msmarco_passage_19_59275397,0.99980615514841
421946,msmarco_passage_60_868275198,0.9794994112428048
421946,msmarco_passage_33_291897794,0.9661510133732036
421946,msmarco_passage_60_868534703,0.9468574733890104
421946,msmarco_passage_60_868260315,0.9242413953455496
421946,msmarco_passage_43_610976641,0.9145753012768828
421946,msmarco_passage_33_291730337,0.9120869100450266
421946,msmarco_passage_22_536654559,0.8721728898888818
421946,msmarco_passage_66_438608501,0.8373350923617682
421946,msmarco_passage_37_842251686,0.832435691455669
421946,msmarco_passage_66_437779661,0.8219877557397759
421946,msmarco_passage_33_291732874,0.7974258972900427
421946,msmarco_passage_27_507276155,0.7972260488733711
421946,msmarco_passage_33_291731902,0.7913854747158631
421946,msmarco_passage_37_854745207,0.7824614559247753
421946,msmarco_passage_36_789238451,0.7666625475622674
421946,msmarco_passage_23_406017039,0.7397755596690991
421946,msmarco_passage_33_291731188,0.5573406666152839
421946,msmarco_passage_34_498004206,0.4200652293230307
493490,msmarco_passage_55_560686346,2.812761651542783
493490,msmarco_passage_02_234807989,2.667349514562552
493490,msmarco_passage_09_749667729,2.49320258409791
493490,msmarco_passage_39_306373753,2.4922308803403053
493490,msmarco_passage_06_803493824,2.484502524130413
493490,msmarco_passage_09_749452951,2.3868503172398423
493490,msmarco_passage_06_803466276,2.38362521130133
493490,msmarco_passage_56_327819849,2.3366761026342013
493490,msmarco_passage_39_306371119,2.2609728757337764
493490,msmarco_passage_39_306372001,2.205425988654278
493490,msmarco_passage_09_749455005,2.172896235268161
493490,msmarco_passage_39_306370285,2.151415531448958
493490,msmarco_passage_39_306372437,2.1381779571435366
493490,msmarco_passage_02_234806997,2.1233330962282
493490,msmarco_passage_55_560681133,2.118637630937595
493490,msmarco_passage_09_749450146,2.1132995053269945
493490,msmarco_passage_56_357047061,2.093596648001671
493490,msmarco_passage_27_65381657,2.093441665817726
493490,msmarco_passage_09_749450604,2.0727374268483025
493490,msmarco_passage_61_776625227,2.0661358346536627
493490,msmarco_passage_09_749457177,2.040052918679611
493490,msmarco_passage_55_560679793,2.015828446536585
493490,msmarco_passage_61_777201053,1.996148334434956
493490,msmarco_passage_39_306369722,1.9884123163886505
493490,msmarco_passage_61_777206892,1.975503665857893
493490,msmarco_passage_55_560682383,1.9435873702560444
493490,msmarco_passage_61_777205901,1.937492982086177
493490,msmarco_passage_03_476166345,1.9278043900690571
493490,msmarco_passage_27_535376955,1.916655155707645
493490,msmarco_passage_61_777207317,1.9118136322217385
493490,msmarco_passage_27_65386352,1.911483652392884
493490,msmarco_passage_39_306371555,1.911179366692608
493490,msmarco_passage_39_306374232,1.895253015728502
493490,msmarco_passage_05_812171032,1.861927424450275
493490,msmarco_passage_09_749668495,1.855531565440651
493490,msmarco_passage_63_792364433,1.8525185068448096
493490,msmarco_passage_68_653853231,1.8387432747471204
493490,msmarco_passage_39_306375048,1.837496541396499
493490,msmarco_passage_09_749458382,1.829167937962724
493490,msmarco_passage_39_306374602,1.814046833871063
493490,msmarco_passage_02_234801937,1.8062104474129144
493490,msmarco_passage_02_234804527,1.802186956221821
493490,msmarco_passage_09_749456349,1.7770102164738033
493490,msmarco_passage_15_313651219,1.7672334989498375
493490,msmarco_passage_27_65382060,1.7600020593341892
493490,msmarco_passage_11_849537579,1.733634081381206
493490,msmarco_passage_09_749455905,1.707857766754779
493490,msmarco_passage_09_211543498,1.701382941880857
493490,msmarco_passage_60_475043054,1.700160509552205
493490,msmarco_passage_43_502750115,1.6968845511052535
493490,msmarco_passage_34_268933631,1.6814752632085042
493490,msmarco_passage_49_864559127,1.6615520759597635
493490,msmarco_passage_48_737721810,1.649419431266467
493490,msmarco_passage_16_869291375,1.647112847456918
493490,msmarco_passage_61_777197456,1.645595902624161
493490,msmarco_passage_68_653809663,1.6403456590360237
493490,msmarco_passage_43_500191702,1.62086243862508
493490,msmarco_passage_09_749456743,1.6096928715052827
493490,msmarco_passage_06_803465463,1.6065707947198862
493490,msmarco_passage_08_352700056,1.5911443732159885
493490,msmarco_passage_61_777204264,1.588825955709708
493490,msmarco_passage_05_812170535,1.5650543650218622
493490,msmarco_passage_61_777201531,1.5565172796850535
493490,msmarco_passage_61_777196706,1.5451180408147438
493490,msmarco_passage_09_749666240,1.53790296165094
493490,msmarco_passage_61_777201906,1.5051251206222815
493490,msmarco_passage_28_339334366,1.4704733117429665
493490,msmarco_passage_02_234803114,1.4628409087668384
493490,msmarco_passage_09_749454609,1.430094560248404
493490,msmarco_passage_37_705098870,1.4244325588256093
493490,msmarco_passage_60_751157786,1.4178342204733307
493490,msmarco_passage_02_234807471,1.412546458380925
493490,msmarco_passage_27_65382952,1.4107914067992575
493490,msmarco_passage_44_185732984,1.40106493595173
493490,msmarco_passage_61_777197919,1.3799718151080134
493490,msmarco_passage_08_361901469,1.378521881020515
493490,msmarco_passage_61_777204729,1.3733361959846189
493490,msmarco_passage_48_560110060,1.3560476344667094
493490,msmarco_passage_02_234802572,1.3492361909071198
493490,msmarco_passage_16_869291013,1.3313019435878746
493490,msmarco_passage_34_60373548,1.246099458475505
493490,msmarco_passage_37_705099589,1.117032989932227
493490,msmarco_passage_37_585049727,1.109713420715691
493490,msmarco_passage_45_187655020,1.0466201704222358
493490,msmarco_passage_61_777287256,0.9937415141142318
493490,msmarco_passage_59_555144632,0.9887420366945142
493490,msmarco_passage_37_585054921,0.9751505798327536
493490,msmarco_passage_56_357049232,0.8968619320452214
505390,msmarco_passage_38_122727514,3.2289038747251038
505390,msmarco_passage_66_598889,3.096259322275388
505390,msmarco_passage_66_121762269,2.970580233877507
505390,msmarco_passage_38_122732738,2.6620575068218697
505390,msmarco_passage_08_670354349,2.589579034265365
505390,msmarco_passage_08_670355264,2.577644696082867
505390,msmarco_passage_66_80591961,2.4698295062095323
505390,msmarco_passage_45_608311322,2.418126153606961
505390,msmarco_passage_38_122729342,2.3038506281158844
505390,msmarco_passage_66_595703,2.2434558393659283
505390,msmarco_passage_56_451558765,2.236570725925997
505390,msmarco_passage_45_608204142,2.19052391871206
505390,msmarco_passage_44_362405718,2.185933524050172
505390,msmarco_passage_66_592591,2.114152625931644
505390,msmarco_passage_44_313897559,2.110206224559003
505390,msmarco_passage_04_588077269,2.1045867272315077
505390,msmarco_passage_67_817691454,2.089063869189318
505390,msmarco_passage_66_593005,2.082015979898775
505390,msmarco_passage_08_89555944,2.0741150601773835
505390,msmarco_passage_44_361982276,2.0338846527119814
505390,msmarco_passage_08_80932596,2.024911648182636
505390,msmarco_passage_38_122728154,2.001825453878267
505390,msmarco_passage_08_670356299,1.9994226606687968
505390,msmarco_passage_30_206330429,1.9901191627001624
505390,msmarco_passage_44_362406488,1.9825230012676447
505390,msmarco_passage_38_122731016,1.9819536025534727
505390,msmarco_passage_04_852056098,1.9693066294682733
505390,msmarco_passage_66_649985,1.968937436566468
505390,msmarco_passage_44_354084971,1.9487734053693864
505390,msmarco_passage_08_80927309,1.9371868205508351
505390,msmarco_passage_46_277332053,1.9323549187471865
505390,msmarco_passage_03_800372007,1.932352896647952
505390,msmarco_passage_08_670358963,1.9208262127467528
505390,msmarco_passage_44_354076027,1.9163632002154043
505390,msmarco_passage_44_352382286,1.890318942780852
505390,msmarco_passage_49_467167275,1.8820013533438744
505390,msmarco_passage_44_354787720,1.8753797389817533
505390,msmarco_passage_24_12525504,1.873458873242272
505390,msmarco_passage_24_12526658,1.8641448655866204
505390,msmarco_passage_52_777512474,1.8542927024914075
505390,msmarco_passage_44_353100578,1.8529885306478604
505390,msmarco_passage_48_845339159,1.8277316092144984
505390,msmarco_passage_08_82260198,1.7882982171026949
505390,msmarco_passage_31_130829365,1.7879819672969492
505390,msmarco_passage_59_76277175,1.7835155892341292
505390,msmarco_passage_65_824769873,1.7550072926324656
505390,msmarco_passage_68_740050126,1.7520300634598749
505390,msmarco_passage_08_670356741,1.7072396191353438
505390,msmarco_passage_59_557387663,1.701406595906768
505390,msmarco_passage_30_352493139,1.69780267813332
505390,msmarco_passage_49_696929719,1.692530217828127
505390,msmarco_passage_44_284055814,1.6899450363158914
505390,msmarco_passage_07_668121341,1.6403555435063035
505390,msmarco_passage_44_284050070,1.6257429874719358
505390,msmarco_passage_03_536852207,1.6161961967372804
505390,msmarco_passage_44_283575630,1.6083040430067426
505390,msmarco_passage_55_827739172,1.6076889980570188
505390,msmarco_passage_38_122729064,1.6072509030679334
505390,msmarco_passage_44_282736010,1.5809077295113974
505390,msmarco_passage_59_557395267,1.5625365377505358
505390,msmarco_passage_14_41484407,1.5617420685558736
505390,msmarco_passage_30_126728616,1.5585774686062093
505390,msmarco_passage_66_121768480,1.5549279271693095
505390,msmarco_passage_59_557390763,1.5453364948774726
505390,msmarco_passage_59_557389060,1.525958978700996
505390,msmarco_passage_35_84439485,1.522769756514801
505390,msmarco_passage_11_776593671,1.4951615537976783
505390,msmarco_passage_60_172218853,1.4918720197558557
505390,msmarco_passage_30_352484758,1.4894488412569156
505390,msmarco_passage_30_352494864,1.4037701335293726
505390,msmarco_passage_66_121766122,1.4024962466627813
505390,msmarco_passage_59_557394349,1.3812784776219025
505390,msmarco_passage_66_121766531,1.270176991352422
505390,msmarco_passage_38_122728628,1.2686693308115156
505390,msmarco_passage_11_107969925,1.2468936428413953
505390,msmarco_passage_35_84445562,1.2294965154664923
505390,msmarco_passage_01_345312297,1.1803665023140937
505390,msmarco_passage_48_67045065,1.024525417739153
508292,msmarco_passage_38_118466941,3.175190542036295
508292,msmarco_passage_22_668222685,2.9791945245857887
508292,msmarco_passage_61_356638212,2.904818926004194
508292,msmarco_passage_04_27012834,2.8254213391472147
508292,msmarco_passage_14_475507120,2.740710063492408
508292,msmarco_passage_66_117898684,2.5623916021121
508292,msmarco_passage_09_654435656,2.489328633974896
508292,msmarco_passage_16_868992583,2.489064082304112
508292,msmarco_passage_08_92595099,2.477116728103761
508292,msmarco_passage_29_530615691,2.475764046174437
508292,msmarco_passage_46_636852269,2.463082352693276
508292,msmarco_passage_36_415206035,2.4260569617283045
508292,msmarco_passage_54_62680179,2.3962228721846577
508292,msmarco_passage_44_194047345,2.3880140851227742
508292,msmarco_passage_34_512785511,2.3880043616231506
508292,msmarco_passage_16_695271217,2.371456134757643
508292,msmarco_passage_24_404336981,2.3488510076870712
508292,msmarco_passage_13_206336507,2.3422129154263804
508292,msmarco_passage_65_864233174,2.326332338174222
508292,msmarco_passage_03_722300453,2.325183458613
508292,msmarco_passage_51_808126959,2.29595563544631
508292,msmarco_passage_06_428550610,2.2941946889891938
508292,msmarco_passage_68_527869540,2.2463719084527507
508292,msmarco_passage_56_388969054,2.2436206305247435
508292,msmarco_passage_33_825929150,2.241932227209604
508292,msmarco_passage_03_224642320,2.233548319109881
508292,msmarco_passage_03_228002169,2.212216127840003
508292,msmarco_passage_28_259453488,2.211081897105361
508292,msmarco_passage_54_368645915,2.20844134837389
508292,msmarco_passage_32_114445570,2.194329078352001
508292,msmarco_passage_33_176757266,2.1797303268027006
508292,msmarco_passage_54_62695555,2.165646139402547
508292,msmarco_passage_29_530611250,2.162086670267732
508292,msmarco_passage_03_271036942,2.156350393713758
508292,msmarco_passage_46_640487279,2.154356610675653
508292,msmarco_passage_25_582894420,2.1519721288006264
508292,msmarco_passage_08_460739777,2.1477316840172938
508292,msmarco_passage_55_273916628,2.1458761216763054
508292,msmarco_passage_12_83120258,2.1194185303567714
508292,msmarco_passage_24_58138141,2.1148774790570046
508292,msmarco_passage_46_205849406,2.114033182064505
508292,msmarco_passage_54_368543446,2.099315917024035
508292,msmarco_passage_49_697243568,2.092615478458719
508292,msmarco_passage_54_62764217,2.075798555824592
508292,msmarco_passage_54_63076735,2.072711880820277
508292,msmarco_passage_54_368605305,2.071628462710545
508292,msmarco_passage_54_368594163,2.0634114027473163
508292,msmarco_passage_20_197882800,2.049145276291153
508292,msmarco_passage_22_337575405,2.0352032218892244
508292,msmarco_passage_61_356643315,2.022741059540877
508292,msmarco_passage_25_582896620,1.9959844045114592
508292,msmarco_passage_08_72460746,1.98560873527823
508292,msmarco_passage_37_344157304,1.9751163414436688
508292,msmarco_passage_46_642536252,1.9520831185554932
508292,msmarco_passage_65_864234952,1.948944919023724
508292,msmarco_passage_56_326762069,1.912544515550361
508292,msmarco_passage_54_684023211,1.8968183529231533
508292,msmarco_passage_38_771578430,1.893539627817292
508292,msmarco_passage_03_229813999,1.861749056542332
508292,msmarco_passage_37_44837674,1.8605022428210047
508292,msmarco_passage_03_227408934,1.8385856707371635
508292,msmarco_passage_47_49470107,1.83772329515886
508292,msmarco_passage_33_521843402,1.8264398847025896
508292,msmarco_passage_13_206333121,1.7125125169045146
508292,msmarco_passage_29_533109069,1.5141099797577604
508292,msmarco_passage_54_63225725,1.4757008297602336
508292,msmarco_passage_25_582892670,1.4691150965615452
508292,msmarco_passage_63_832910232,1.4140256178574742
508292,msmarco_passage_48_826531912,1.362979641884584
508292,msmarco_passage_31_515321678,1.3084025468881777
508292,msmarco_passage_33_825927804,1.11509864902367
540006,msmarco_passage_58_39423436,2.7189845149951344
540006,msmarco_passage_25_833258014,2.67269959726004
540006,msmarco_passage_58_39424363,2.5817915432175003
540006,msmarco_passage_24_649418758,2.5076571439804773
540006,msmarco_passage_39_497540129,2.369731559154661
540006,msmarco_passage_02_561362243,2.337845176650621
540006,msmarco_passage_36_36948169,2.327154330170844
540006,msmarco_passage_40_158087024,2.239210190569562
540006,msmarco_passage_29_364916433,2.218971037406177
540006,msmarco_passage_29_429701299,2.212227568781571
540006,msmarco_passage_63_34604683,2.190807256704305
540006,msmarco_passage_51_425263822,2.1625862719888977
540006,msmarco_passage_10_194670296,2.146090535121077
540006,msmarco_passage_19_32398793,2.1372443333461564
540006,msmarco_passage_40_70111633,2.111892375674402
540006,msmarco_passage_32_210905788,2.106758224201134
540006,msmarco_passage_28_485912287,2.088048841295031
540006,msmarco_passage_22_52655571,2.068282348933684
540006,msmarco_passage_34_293290254,2.065900593369108
540006,msmarco_passage_18_777446772,2.063505560814289
540006,msmarco_passage_19_295722902,2.056700759969212
540006,msmarco_passage_27_589982912,2.0566869266119308
540006,msmarco_passage_10_338346358,2.052726910437371
540006,msmarco_passage_19_111706181,2.045643191018258
540006,msmarco_passage_64_373471586,2.0448266111175566
540006,msmarco_passage_36_40034959,1.9930915653479695
540006,msmarco_passage_29_782119376,1.988367478682758
540006,msmarco_passage_26_732222530,1.9591583545342348
540006,msmarco_passage_36_36941134,1.95147724340898
540006,msmarco_passage_62_568341973,1.9478188651057224
540006,msmarco_passage_39_835845669,1.925997612814132
540006,msmarco_passage_36_818909195,1.913055841060422
540006,msmarco_passage_40_70108874,1.9109072220969867
540006,msmarco_passage_17_729605834,1.9105354952738351
540006,msmarco_passage_58_705058709,1.900356398646473
540006,msmarco_passage_51_425265232,1.8667026810636755
540006,msmarco_passage_19_785033767,1.8477998084489664
540006,msmarco_passage_58_670545493,1.8454014031780364
540006,msmarco_passage_09_116946321,1.8413576110136305
540006,msmarco_passage_58_694387158,1.8223780462043364
540006,msmarco_passage_47_858553991,1.8142643161724985
540006,msmarco_passage_58_699683220,1.7962836608908082
540006,msmarco_passage_55_602655827,1.7930069543954952
540006,msmarco_passage_09_116946793,1.7910583130393067
540006,msmarco_passage_29_782117795,1.7789636936349216
540006,msmarco_passage_09_116947225,1.7718769177382507
540006,msmarco_passage_36_40040198,1.7594863872650848
540006,msmarco_passage_47_800362691,1.7561362173318975
540006,msmarco_passage_09_116947590,1.7527721624168704
540006,msmarco_passage_40_70108005,1.7377392630420898
540006,msmarco_passage_07_788722998,1.7279881205123169
540006,msmarco_passage_03_812389158,1.7279453439823926
540006,msmarco_passage_20_218070758,1.7018732567085466
540006,msmarco_passage_08_437712931,1.6897335158329476
540006,msmarco_passage_40_550403897,1.6723931992961836
540006,msmarco_passage_32_215071921,1.672217190304094
540006,msmarco_passage_36_40037295,1.6715529909128972
540006,msmarco_passage_17_629629300,1.6608471968670229
540006,msmarco_passage_30_36630299,1.654662388141812
540006,msmarco_passage_36_36940302,1.6530565779312727
540006,msmarco_passage_36_36942031,1.649313801487264
540006,msmarco_passage_36_40035771,1.6450634390923558
540006,msmarco_passage_20_400757257,1.6366264419104322
540006,msmarco_passage_18_759862291,1.611015442948144
540006,msmarco_passage_22_52658070,1.61025058510671
540006,msmarco_passage_48_11284595,1.5859514850799517
540006,msmarco_passage_47_737858087,1.5822881428398263
540006,msmarco_passage_57_50040429,1.578380448456537
540006,msmarco_passage_22_52656975,1.5691466763823478
540006,msmarco_passage_36_36945329,1.5499541679036182
540006,msmarco_passage_36_381368144,1.5315119107179442
540006,msmarco_passage_22_52660154,1.5282643285239936
540006,msmarco_passage_24_649417804,1.527953548358688
540006,msmarco_passage_20_282833788,1.520952033178092
540006,msmarco_passage_58_39423896,1.495992435694924
540006,msmarco_passage_36_40038912,1.46492434408141
540006,msmarco_passage_36_36943949,1.4598850897404616
540006,msmarco_passage_01_684910839,1.4517475654371383
540006,msmarco_passage_09_117884297,1.4417283222171842
540006,msmarco_passage_09_117883337,1.4390331660171751
540006,msmarco_passage_48_52422406,1.433948967793337
540006,msmarco_passage_09_116948883,1.4282963965553368
540006,msmarco_passage_36_36943047,1.419124072636064
540006,msmarco_passage_39_840287324,1.4140792982860049
540006,msmarco_passage_22_52653816,1.3879192274610377
540006,msmarco_passage_50_672918989,1.369689808925768
540006,msmarco_passage_22_52652935,1.340296983408704
540006,msmarco_passage_09_117883800,1.3272362187628628
540006,msmarco_passage_48_21261581,1.3129291864135018
540006,msmarco_passage_39_840287794,1.2918590388451696
540006,msmarco_passage_09_116948453,1.2854489404747196
540006,msmarco_passage_29_631033346,1.279645648092669
540006,msmarco_passage_36_40037848,1.2737477641968025
540006,msmarco_passage_36_40036805,1.2424859613314243
540006,msmarco_passage_36_40035314,1.2245674465659095
540006,msmarco_passage_36_40034521,1.1844775999587454
540006,msmarco_passage_09_117882867,1.184183956542192
540006,msmarco_passage_01_159841964,1.1770892681996028
540006,msmarco_passage_36_40038424,1.065765945801857
596569,msmarco_passage_57_570209973,3.0798950537270198
596569,msmarco_passage_32_199421070,2.900657295159418
596569,msmarco_passage_66_170950934,2.8662331562479864
596569,msmarco_passage_03_507786841,2.428435386760432
596569,msmarco_passage_65_648878943,2.414911677190408
596569,msmarco_passage_12_265819081,2.372147457083014
596569,msmarco_passage_12_270377801,2.351558697408437
596569,msmarco_passage_13_732299423,2.2168716954668777
596569,msmarco_passage_27_220457995,2.1792498042064308
596569,msmarco_passage_17_205118885,2.137023685220097
596569,msmarco_passage_10_533596525,2.130961240778266
596569,msmarco_passage_25_467716834,2.072164375357839
596569,msmarco_passage_22_746082068,2.0190588486319925
596569,msmarco_passage_38_54357383,1.933888711504924
596569,msmarco_passage_15_6095456,1.9214074998700688
596569,msmarco_passage_12_265820512,1.9128648422162395
596569,msmarco_passage_12_262592376,1.8821454478886477
596569,msmarco_passage_27_523291302,1.8553836217625168
596569,msmarco_passage_22_746922529,1.8423022734008172
596569,msmarco_passage_12_265819973,1.8402533859728305
596569,msmarco_passage_10_533595740,1.8236677282792817
596569,msmarco_passage_22_748796308,1.8207998418984943
596569,msmarco_passage_22_745818291,1.8138586746474368
596569,msmarco_passage_22_748801954,1.7198455450576484
596569,msmarco_passage_15_243247960,1.7183372123701746
596569,msmarco_passage_15_243247098,1.686859549434656
596569,msmarco_passage_22_746082461,1.68502406872151
596569,msmarco_passage_62_799021713,1.6589049415696286
596569,msmarco_passage_29_723635754,1.6370190936821682
596569,msmarco_passage_10_605769656,1.6263766309242988
596569,msmarco_passage_67_382196384,1.626303931672454
596569,msmarco_passage_66_301075312,1.6121417056525462
596569,msmarco_passage_14_448594846,1.59431774204583
596569,msmarco_passage_03_436029974,1.5548782515931507
596569,msmarco_passage_13_735400859,1.553020527696113
596569,msmarco_passage_22_745815142,1.5387088244484808
596569,msmarco_passage_01_209441100,1.5301616308473331
596569,msmarco_passage_12_208146706,1.529174914138674
596569,msmarco_passage_08_792650594,1.5176349510970644
596569,msmarco_passage_17_205114327,1.5123235571277671
596569,msmarco_passage_34_29558386,1.4943356142895554
596569,msmarco_passage_58_26373455,1.4892989261654743
596569,msmarco_passage_01_10942070,1.4740780023567956
596569,msmarco_passage_12_223340354,1.4571475873221074
596569,msmarco_passage_08_631161477,1.4565412957199642
596569,msmarco_passage_12_198610053,1.4491251514780403
596569,msmarco_passage_43_184578707,1.4407966405119883
596569,msmarco_passage_56_417255738,1.4164266204624292
596569,msmarco_passage_18_698804866,1.409522871439533
596569,msmarco_passage_37_321411565,1.392341944327666
596569,msmarco_passage_12_252384334,1.3707377236318428
596569,msmarco_passage_46_103318058,1.35592502060688
596569,msmarco_passage_12_198602682,1.3246833268214333
596569,msmarco_passage_58_184074828,1.3234916669256866
596569,msmarco_passage_45_166568914,1.314104362859998
596569,msmarco_passage_12_208146471,1.309347173092085
596569,msmarco_passage_32_205843371,1.2924165356825834
596569,msmarco_passage_03_507785349,1.287477632356085
596569,msmarco_passage_69_33869453,1.2806445955680352
596569,msmarco_passage_45_166450352,1.2706260326143644
596569,msmarco_passage_06_264243924,1.2552031423344032
596569,msmarco_passage_67_420801363,1.2546359808151533
596569,msmarco_passage_40_635339338,1.2363962579245766
596569,msmarco_passage_11_130768844,1.2245330868253468
596569,msmarco_passage_03_240659274,1.2134681687172053
596569,msmarco_passage_15_256285099,1.1788023280676594
596569,msmarco_passage_07_113222676,1.16827142924243
596569,msmarco_passage_29_719536011,1.1552478550058831
596569,msmarco_passage_34_202024325,1.1482919113359933
596569,msmarco_passage_67_426346176,1.1051751463742343
596569,msmarco_passage_64_162254261,1.1005993988123326
596569,msmarco_passage_00_751880172,1.095487813092675
596569,msmarco_passage_02_350957418,1.0707778619839172
596569,msmarco_passage_57_323756500,1.06549105226521
596569,msmarco_passage_56_818401466,1.048142869597915
596569,msmarco_passage_29_717647593,1.0210584415198063
596569,msmarco_passage_12_230369180,1.0046070264361189
596569,msmarco_passage_10_157347616,0.9915408416871936
596569,msmarco_passage_12_262465728,0.9891717813775734
596569,msmarco_passage_58_145552087,0.9414315703983552
596569,msmarco_passage_62_71153417,0.8383310902738875
596569,msmarco_passage_33_679075936,0.8084820233620781
596569,msmarco_passage_09_42078598,0.7950885506664616
596569,msmarco_passage_34_4189240,0.7774519698132729
596569,msmarco_passage_58_397801702,0.7143611755316015
596569,msmarco_passage_68_349236313,0.7038773601563854
596569,msmarco_passage_58_577291593,0.7027488886441978
596569,msmarco_passage_15_797242241,0.6938426536611157
596569,msmarco_passage_07_547200082,0.6690696504103961
596569,msmarco_passage_25_845606843,0.5924686582295219
596569,msmarco_passage_02_250714496,0.57506251587853
596569,msmarco_passage_38_406221216,0.5145142843250443
596569,msmarco_passage_30_560481215,0.410432921697696
629937,msmarco_passage_09_791178425,2.7275886913099203
629937,msmarco_passage_35_97813720,2.673693953249548
629937,msmarco_passage_35_98010201,2.5719316908478738
629937,msmarco_passage_53_692894208,2.4491858834093967
629937,msmarco_passage_60_676301869,2.3567592145781067
629937,msmarco_passage_35_97819308,2.218530772661158
629937,msmarco_passage_35_97818450,2.2099400193083696
629937,msmarco_passage_62_95660767,2.209536978423964
629937,msmarco_passage_35_97803886,2.1627989269055177
629937,msmarco_passage_35_97810880,2.162461118666225
629937,msmarco_passage_09_484020537,2.1493640423943736
629937,msmarco_passage_11_26079045,2.127961955665258
629937,msmarco_passage_35_97801556,2.1110916922428
629937,msmarco_passage_39_119423024,2.0984835255000114
629937,msmarco_passage_35_97810421,2.0813564685521952
629937,msmarco_passage_60_676302306,2.067158675886488
629937,msmarco_passage_58_711891015,2.036102529700377
629937,msmarco_passage_66_232381516,2.0193569017865807
629937,msmarco_passage_62_95661582,2.019328027430585
629937,msmarco_passage_35_97819879,1.9830380334717213
629937,msmarco_passage_55_419335968,1.9586689025214172
629937,msmarco_passage_26_235986020,1.9580090415692692
629937,msmarco_passage_22_182106995,1.942957699059213
629937,msmarco_passage_08_537938064,1.913895921441174
629937,msmarco_passage_10_677408704,1.9089059119981364
629937,msmarco_passage_08_537939962,1.8968575301559545
629937,msmarco_passage_55_278428779,1.89023808510974
629937,msmarco_passage_09_484020911,1.886963006104266
629937,msmarco_passage_66_232385322,1.8720150447047803
629937,msmarco_passage_53_692893727,1.870547351026224
629937,msmarco_passage_24_148952230,1.853106457286304
629937,msmarco_passage_56_465288988,1.8526803756195436
629937,msmarco_passage_40_265851862,1.8168217099995885
629937,msmarco_passage_60_676303540,1.8161056602541488
629937,msmarco_passage_48_843032222,1.804562468495752
629937,msmarco_passage_48_801735567,1.7859297327649182
629937,msmarco_passage_04_138825974,1.7666657621117328
629937,msmarco_passage_09_484017797,1.7649438636662855
629937,msmarco_passage_65_748292513,1.7305115324061833
629937,msmarco_passage_62_95660551,1.6907739457998003
629937,msmarco_passage_36_664053078,1.6889452998053809
629937,msmarco_passage_29_509540880,1.6428982295757213
629937,msmarco_passage_35_97809480,1.6356411271609856
629937,msmarco_passage_55_285963455,1.6036720780805809
629937,msmarco_passage_28_365546634,1.596383224227225
629937,msmarco_passage_23_814289615,1.58817597228954
629937,msmarco_passage_12_178115831,1.57763285393033
629937,msmarco_passage_48_433159696,1.5618022554309678
629937,msmarco_passage_35_97809978,1.5464748259938812
629937,msmarco_passage_66_833361895,1.533931890116857
629937,msmarco_passage_22_204519218,1.4829314194138905
629937,msmarco_passage_44_301941467,1.4822117540141764
629937,msmarco_passage_22_531929491,1.480510484052888
629937,msmarco_passage_22_469219572,1.433226740124432
629937,msmarco_passage_08_58852531,1.4303321124540194
629937,msmarco_passage_54_650511377,1.396636369420262
629937,msmarco_passage_33_844549464,1.3239558326990344
629937,msmarco_passage_03_467158834,1.3208067757130504
629937,msmarco_passage_53_687097811,1.2262172911213989
629937,msmarco_passage_52_618397368,1.1637096897136374
629937,msmarco_passage_03_22052954,1.1570877568216802
629937,msmarco_passage_04_134325297,1.1386839195197502
629937,msmarco_passage_39_695535638,1.1358750438254357
629937,msmarco_passage_04_170274344,1.075409874805367
629937,msmarco_passage_04_200065255,1.0365276757871729
629937,msmarco_passage_04_200074636,0.9350460594038396
629937,msmarco_passage_33_845147886,0.9267955792482432
629937,msmarco_passage_29_603095518,0.9199602621908626
629937,msmarco_passage_43_380466289,0.7491983235240001
629937,msmarco_passage_05_560573977,0.6810265516554317
629937,msmarco_passage_63_315633016,0.3718118669746991
646091,msmarco_passage_30_7772264,3.1979307100395364
646091,msmarco_passage_27_626193579,2.905828474951902
646091,msmarco_passage_06_450899513,2.7018983115234505
646091,msmarco_passage_53_592569309,2.6571489107986515
646091,msmarco_passage_53_590996709,2.6449522982548186
646091,msmarco_passage_06_765034498,2.638132652243517
646091,msmarco_passage_36_207498071,2.629472980904826
646091,msmarco_passage_53_355459800,2.6049757805398404
646091,msmarco_passage_28_313169904,2.5911334556334435
646091,msmarco_passage_53_355454477,2.5877661498449727
646091,msmarco_passage_10_630639482,2.479720242834832
646091,msmarco_passage_53_125872395,2.427447595878341
646091,msmarco_passage_53_607454387,2.4158985871514025
646091,msmarco_passage_67_822962800,2.3877148185184
646091,msmarco_passage_55_423404013,2.3610525504161743
646091,msmarco_passage_14_853672414,2.359981529351929
646091,msmarco_passage_60_323176943,2.323711965750402
646091,msmarco_passage_27_789816202,2.216555581733747
646091,msmarco_passage_59_580811532,2.215935825604436
646091,msmarco_passage_43_355704448,2.1138149400753603
646091,msmarco_passage_55_257186745,2.1033128819520868
646091,msmarco_passage_66_119411167,2.1029265660163707
646091,msmarco_passage_57_184777147,2.0943244049057785
646091,msmarco_passage_41_461856789,2.091243141073157
646091,msmarco_passage_53_125858768,2.066780814280932
646091,msmarco_passage_21_684836487,2.036958625909546
646091,msmarco_passage_56_468915587,2.0138714908052973
646091,msmarco_passage_08_467352951,2.0019448643062523
646091,msmarco_passage_37_36647802,1.9935282997343613
646091,msmarco_passage_65_381245232,1.9792640434250093
646091,msmarco_passage_22_825524449,1.946767031172328
646091,msmarco_passage_53_355457266,1.9380797291284224
646091,msmarco_passage_08_467349814,1.899505228596173
646091,msmarco_passage_00_433924377,1.887698099908171
646091,msmarco_passage_49_476121943,1.878597564952668
646091,msmarco_passage_41_189212567,1.8398509656079636
646091,msmarco_passage_30_603457968,1.8304868251525528
646091,msmarco_passage_67_172913145,1.80137770249279
646091,msmarco_passage_10_630865817,1.784573604991151
646091,msmarco_passage_47_609747966,1.7343107807253937
646091,msmarco_passage_29_452924510,1.7240186199792475
646091,msmarco_passage_30_786879955,1.7069396870503433
646091,msmarco_passage_35_395489672,1.6715590714036743
646091,msmarco_passage_04_375204141,1.6609422043636357
646091,msmarco_passage_28_775017335,1.6599544616785762
646091,msmarco_passage_53_739422445,1.6487080841326782
646091,msmarco_passage_49_610467021,1.5738142739148129
646091,msmarco_passage_47_660635221,1.5469043839509091
646091,msmarco_passage_22_349535409,1.5399917267964272
646091,msmarco_passage_53_253592504,1.5047079895425983
646091,msmarco_passage_48_64939105,1.4752875201793152
646091,msmarco_passage_24_626811987,1.4750489802164604
646091,msmarco_passage_48_281209139,1.4527734734297697
646091,msmarco_passage_48_280793081,1.447053324931293
646091,msmarco_passage_28_813659266,1.4429179842139872
646091,msmarco_passage_27_862889194,1.4321500033841017
646091,msmarco_passage_50_254102779,1.4241108434436067
646091,msmarco_passage_53_126546442,1.404584752135964
646091,msmarco_passage_61_48256839,1.3655405648221013
646091,msmarco_passage_35_395491863,1.3395068906890808
646091,msmarco_passage_57_451081289,1.321037516502326
646091,msmarco_passage_61_48261236,1.317532265971806
646091,msmarco_passage_44_853075903,1.3160681315542164
646091,msmarco_passage_24_212236989,1.2933822620579527
646091,msmarco_passage_24_51866661,1.2693493848013284
646091,msmarco_passage_04_151445828,1.2492107380556017
646091,msmarco_passage_31_341838657,1.200653421784076
646091,msmarco_passage_54_589010839,1.1771601197953558
646091,msmarco_passage_39_245877970,1.1708713549570906
646091,msmarco_passage_06_720224324,1.157539838526231
646091,msmarco_passage_54_102096112,1.1161873330756769
646091,msmarco_passage_65_54637077,1.0853813943183075
646091,msmarco_passage_36_768769532,1.0511223888102674
646091,msmarco_passage_03_723004579,0.9912751649201028
646091,msmarco_passage_08_432391680,0.91644513780574
646091,msmarco_passage_65_54632553,0.8406275127568236
646091,msmarco_passage_24_51862111,0.8346392201617809
646091,msmarco_passage_30_271230477,0.7915870695613648
647362,msmarco_passage_58_297970877,2.905870023009181
647362,msmarco_passage_04_149555778,2.6913968295779784
647362,msmarco_passage_58_297967826,2.462803655529384
647362,msmarco_passage_11_727532523,2.0941503953314684
647362,msmarco_passage_11_725312372,1.972526407982337
647362,msmarco_passage_01_500453624,1.9127800754732367
647362,msmarco_passage_01_500884606,1.906600980684776
647362,msmarco_passage_04_190620328,1.9005722474663207
647362,msmarco_passage_04_182106908,1.723728048486116
647362,msmarco_passage_01_501199332,1.6793646193541203
647362,msmarco_passage_04_150498333,1.6784100633987908
647362,msmarco_passage_01_501200430,1.660642124313651
647362,msmarco_passage_12_184371719,1.6571680691030442
647362,msmarco_passage_68_119528224,1.6446679577477803
647362,msmarco_passage_00_103723410,1.6338456307047309
647362,msmarco_passage_38_294823117,1.5736776572175537
647362,msmarco_passage_12_240531568,1.543652946824821
647362,msmarco_passage_04_150570309,1.5306744910151733
647362,msmarco_passage_02_231915619,1.5167113225272923
647362,msmarco_passage_01_500884167,1.508166301655572
647362,msmarco_passage_02_802843007,1.4759717578397515
647362,msmarco_passage_51_676516857,1.4482889447820888
647362,msmarco_passage_23_21747729,1.4068991376517366
647362,msmarco_passage_47_431082985,1.3917709015109825
647362,msmarco_passage_11_726327472,1.3897845656843495
647362,msmarco_passage_04_150512203,1.381079170417602
647362,msmarco_passage_04_182281821,1.3590374498954705
647362,msmarco_passage_44_724390807,1.3581768657894306
647362,msmarco_passage_22_466387270,1.345793601149046
647362,msmarco_passage_38_294823580,1.3327881722270711
647362,msmarco_passage_02_232140597,1.3195812280772456
647362,msmarco_passage_02_802886555,1.2904779048162394
647362,msmarco_passage_02_802844823,1.276124711895522
647362,msmarco_passage_02_802842463,1.2607965383651716
647362,msmarco_passage_00_60739810,1.252639573796596
647362,msmarco_passage_41_283979986,1.247127381095543
647362,msmarco_passage_51_678794409,1.2420657273389275
647362,msmarco_passage_02_231964877,1.237649091309453
647362,msmarco_passage_51_675567345,1.2077941698905723
647362,msmarco_passage_07_134522502,1.1964460425587542
647362,msmarco_passage_01_501213686,1.1910145292541043
647362,msmarco_passage_02_802847093,1.1827856518337077
647362,msmarco_passage_04_145664334,1.1824638104425924
647362,msmarco_passage_51_507900376,1.1232175387114325
647362,msmarco_passage_22_467943380,1.111097197069443
647362,msmarco_passage_04_146566052,1.0876522022781347
647362,msmarco_passage_48_820073153,1.0719452180315914
647362,msmarco_passage_22_804885426,1.0679226754449809
647362,msmarco_passage_53_290307784,1.052915066717882
647362,msmarco_passage_52_823298055,1.026528328859504
647362,msmarco_passage_06_534969907,0.9926694745076876
647362,msmarco_passage_25_132199262,0.9887000023569016
647362,msmarco_passage_04_146946992,0.9214432519390016
647362,msmarco_passage_14_567501408,0.8664916647192795
647362,msmarco_passage_10_712511177,0.8513522687606894
647362,msmarco_passage_07_167264238,0.8496634699301235
647362,msmarco_passage_04_860348892,0.814490958398785
647362,msmarco_passage_04_84910506,0.8131461153319925
647362,msmarco_passage_12_182186916,0.8034959974354667
647362,msmarco_passage_65_134091408,0.7975699888604101
647362,msmarco_passage_51_705877916,0.7966875353882118
647362,msmarco_passage_23_838294622,0.7955078744082458
647362,msmarco_passage_39_224733231,0.7924573433314801
647362,msmarco_passage_37_767313564,0.7621153714129305
647362,msmarco_passage_25_132198296,0.747046712496849
647362,msmarco_passage_32_169211137,0.7298415985279768
647362,msmarco_passage_45_841135310,0.7268011541777016
647362,msmarco_passage_03_238766736,0.7263119781347795
647362,msmarco_passage_51_680903369,0.7181592906756363
647362,msmarco_passage_19_772465089,0.6838913747494826
647362,msmarco_passage_59_182795910,0.6720994810672056
647362,msmarco_passage_51_691417512,0.6550485809525971
647362,msmarco_passage_18_748021263,0.6308360367768031
647362,msmarco_passage_53_46520336,0.629814318556543
647362,msmarco_passage_47_17270685,0.628412511295644
647362,msmarco_passage_32_169216672,0.594209329016914
647362,msmarco_passage_04_149172351,0.5696416692235539
647362,msmarco_passage_04_371868627,0.5600177103797308
647362,msmarco_passage_02_592334877,0.5550860465153995
647362,msmarco_passage_51_680975153,0.5521700979684789
647362,msmarco_passage_35_651743859,0.5190068947462722
647362,msmarco_passage_04_371871974,0.516888214264657
647362,msmarco_passage_14_807754422,0.4729082339479635
647362,msmarco_passage_35_651750139,0.4613264017159463
647362,msmarco_passage_36_581500399,0.4476406013556498
647362,msmarco_passage_04_145796676,0.3773261953192467
647362,msmarco_passage_58_454999219,0.3669613689537966
647362,msmarco_passage_14_825937411,0.3602968690552161
647362,msmarco_passage_50_635567575,0.1991191726604808
647362,msmarco_passage_46_588034474,0.1529774526058423
647362,msmarco_passage_43_104055711,0.1429644217487601
647362,msmarco_passage_45_553527296,0.1259681025536596
647362,msmarco_passage_39_541791276,0.0986522596463853
647362,msmarco_passage_56_397390102,0.0179751966068376
661905,msmarco_passage_38_642898398,3.0118744892756144
661905,msmarco_passage_08_352299541,2.826414058564353
661905,msmarco_passage_16_689871674,2.773001989437242
661905,msmarco_passage_26_186871582,2.5611899046005284
661905,msmarco_passage_17_120561114,2.51248568607099
661905,msmarco_passage_11_732897355,2.39288919169145
661905,msmarco_passage_01_512660233,2.316596166153403
661905,msmarco_passage_08_352298253,2.2906565391302287
661905,msmarco_passage_66_625460603,2.287862372392703
661905,msmarco_passage_11_833188930,2.2558548090770945
661905,msmarco_passage_07_459757637,2.239077657340158
661905,msmarco_passage_06_293397302,2.233794337699272
661905,msmarco_passage_64_263990542,2.220579252918872
661905,msmarco_passage_48_723534464,2.208302361665867
661905,msmarco_passage_02_377713617,2.1747844213619345
661905,msmarco_passage_64_263982443,2.1713832340551518
661905,msmarco_passage_35_96990408,2.17031980803201
661905,msmarco_passage_66_626318294,2.1491428206925134
661905,msmarco_passage_24_286091830,2.1435472052737032
661905,msmarco_passage_22_228073448,2.1365777214754003
661905,msmarco_passage_29_461868223,2.1234579047532267
661905,msmarco_passage_06_721899148,2.1021557949051397
661905,msmarco_passage_44_297247708,2.071498049340909
661905,msmarco_passage_24_109711427,2.060798862066985
661905,msmarco_passage_33_512693170,2.052314432291284
661905,msmarco_passage_66_622838823,2.0481395583416564
661905,msmarco_passage_25_68635838,2.0097978003533776
661905,msmarco_passage_37_396284990,2.009380265179379
661905,msmarco_passage_24_143747704,2.001605409255081
661905,msmarco_passage_27_105103644,2.001570025047745
661905,msmarco_passage_25_814988456,1.9930272935192084
661905,msmarco_passage_12_201413660,1.9836228063561632
661905,msmarco_passage_31_162702638,1.973208112482382
661905,msmarco_passage_05_29930218,1.970842378591969
661905,msmarco_passage_13_87069711,1.9702409994657355
661905,msmarco_passage_55_288758304,1.9556808779412609
661905,msmarco_passage_09_299134873,1.8890274908550784
661905,msmarco_passage_43_46975899,1.8879530548167385
661905,msmarco_passage_66_642398432,1.880410895065244
661905,msmarco_passage_15_110356696,1.879745284396732
661905,msmarco_passage_10_169871928,1.8796862196244024
661905,msmarco_passage_63_641087023,1.8585875850130087
661905,msmarco_passage_24_285746808,1.8569567163282676
661905,msmarco_passage_00_27645409,1.851198881407116
661905,msmarco_passage_62_599208310,1.8284187054604613
661905,msmarco_passage_14_561031407,1.8257110329505324
661905,msmarco_passage_45_601777509,1.824343997510673
661905,msmarco_passage_32_662252475,1.791836826082598
661905,msmarco_passage_01_664440164,1.78470949221741
661905,msmarco_passage_38_621520538,1.7802809745298431
661905,msmarco_passage_41_259318322,1.7778217926130122
661905,msmarco_passage_24_138868515,1.7733008646511457
661905,msmarco_passage_46_402150532,1.7665201834929904
661905,msmarco_passage_54_245756183,1.7618735658896651
661905,msmarco_passage_40_545022196,1.7606676255155806
661905,msmarco_passage_04_5917867,1.755945419863567
661905,msmarco_passage_26_187131707,1.686849120363379
661905,msmarco_passage_38_520735388,1.6751838666088108
661905,msmarco_passage_39_697720911,1.670189016297439
661905,msmarco_passage_68_615233105,1.6560227704586945
661905,msmarco_passage_35_774260478,1.6556339827082267
661905,msmarco_passage_06_487814287,1.6549028276846796
661905,msmarco_passage_52_646044438,1.6534530942390744
661905,msmarco_passage_04_605311273,1.6249707037200327
661905,msmarco_passage_51_483732820,1.6116728242325102
661905,msmarco_passage_55_397161582,1.5862972540966294
661905,msmarco_passage_16_437869672,1.5588294398640343
661905,msmarco_passage_51_870188580,1.5564940093104815
661905,msmarco_passage_61_765678574,1.5531733352917163
661905,msmarco_passage_48_593245914,1.5431048658582371
661905,msmarco_passage_12_218592614,1.496137693718495
661905,msmarco_passage_26_280410139,1.4698414700069729
661905,msmarco_passage_44_298465127,1.4449707325001555
661905,msmarco_passage_46_116240621,1.4378620479571724
661905,msmarco_passage_22_254683933,1.4341015406035948
661905,msmarco_passage_08_188855318,1.4337048409105373
661905,msmarco_passage_34_354147090,1.3264904843851175
661905,msmarco_passage_30_201448999,1.3093360466201984
661905,msmarco_passage_58_819854587,1.2892853151342425
661905,msmarco_passage_27_558416212,1.087944397375231
661905,msmarco_passage_09_849147595,1.0457868322376744
661905,msmarco_passage_13_176788859,1.0441356005892115
681645,msmarco_passage_38_542548004,2.8139188604265453
681645,msmarco_passage_52_157010218,2.4902438276686643
681645,msmarco_passage_07_784475446,2.4857307693243027
681645,msmarco_passage_15_51351061,2.4389574356756007
681645,msmarco_passage_07_784479248,2.4201603413893733
681645,msmarco_passage_33_127479767,2.362982848025893
681645,msmarco_passage_41_518852776,2.3570646956874417
681645,msmarco_passage_26_350028203,2.26968493445682
681645,msmarco_passage_49_123208798,2.263822066726934
681645,msmarco_passage_26_451487483,2.244723337148373
681645,msmarco_passage_05_340086795,2.2240853218487526
681645,msmarco_passage_35_100574180,2.201673558024889
681645,msmarco_passage_17_186756741,2.1977505803951924
681645,msmarco_passage_60_597781856,2.195057506114244
681645,msmarco_passage_07_576705546,2.1935342148697194
681645,msmarco_passage_34_285040221,2.184039526102247
681645,msmarco_passage_47_35489261,2.1766139114544374
681645,msmarco_passage_48_252800742,2.147021593519791
681645,msmarco_passage_50_255012135,2.1454441947817804
681645,msmarco_passage_45_320349337,2.1447015695662923
681645,msmarco_passage_10_884375586,2.139969157509055
681645,msmarco_passage_30_769956679,2.139911868130792
681645,msmarco_passage_60_592263509,2.1392504024066668
681645,msmarco_passage_03_465199087,2.1246839039242085
681645,msmarco_passage_42_761247083,2.11827496817477
681645,msmarco_passage_58_723562223,2.09955450454784
681645,msmarco_passage_48_419717072,2.082867827873729
681645,msmarco_passage_22_338115210,2.079879149302263
681645,msmarco_passage_17_186185973,2.0670948122325794
681645,msmarco_passage_60_292428169,2.058707642863656
681645,msmarco_passage_65_416314142,2.0520913710920388
681645,msmarco_passage_08_487597955,2.0502075107327267
681645,msmarco_passage_26_350030768,2.029098178414227
681645,msmarco_passage_01_716676189,2.0285751304315505
681645,msmarco_passage_50_255695995,2.0252476117174294
681645,msmarco_passage_46_300192145,2.0201263453262257
681645,msmarco_passage_39_26067529,2.0165831685584186
681645,msmarco_passage_38_546112553,2.0112290633940884
681645,msmarco_passage_00_410625657,2.009185515167408
681645,msmarco_passage_14_193732083,1.99910191373497
681645,msmarco_passage_00_438775487,1.990285673501048
681645,msmarco_passage_16_89948829,1.977198859693884
681645,msmarco_passage_00_438769104,1.9307405229120755
681645,msmarco_passage_42_841029938,1.923877205056784
681645,msmarco_passage_42_671390201,1.9179125020584855
681645,msmarco_passage_45_756892184,1.9164690546111085
681645,msmarco_passage_42_671387654,1.9063872538621112
681645,msmarco_passage_38_18609716,1.8975020859959515
681645,msmarco_passage_26_350028729,1.881103653671945
681645,msmarco_passage_65_416315738,1.8655496801701168
681645,msmarco_passage_00_662700208,1.8522734283122904
681645,msmarco_passage_61_833413224,1.8481563213349776
681645,msmarco_passage_07_784478867,1.8453679749162852
681645,msmarco_passage_61_134286569,1.84002231559162
681645,msmarco_passage_26_440158803,1.826056498769272
681645,msmarco_passage_51_520270848,1.818878051272335
681645,msmarco_passage_17_53005631,1.778261719918436
681645,msmarco_passage_00_438772229,1.757220725868469
681645,msmarco_passage_58_111535394,1.7560011348099671
681645,msmarco_passage_37_727297522,1.7364861758290795
681645,msmarco_passage_34_285038789,1.7353694343173227
681645,msmarco_passage_23_347070163,1.7241164133492366
681645,msmarco_passage_52_157011525,1.6891630518255307
681645,msmarco_passage_22_338113717,1.680963779098304
681645,msmarco_passage_26_350027853,1.641175672584772
681645,msmarco_passage_08_550948295,1.627967545360142
681645,msmarco_passage_61_833430136,1.602889059513068
681645,msmarco_passage_33_9508371,1.595572977803705
681645,msmarco_passage_61_833423517,1.571034929246473
681645,msmarco_passage_16_412949864,1.5143140267329622
681645,msmarco_passage_12_689101042,1.5128503710482704
681645,msmarco_passage_11_170290635,1.5002625383917445
681645,msmarco_passage_38_542548382,1.4238259765941503
681645,msmarco_passage_46_372226735,1.4189805825518549
681645,msmarco_passage_52_156817616,1.4158809855497625
681645,msmarco_passage_53_848640348,1.402658986635125
681645,msmarco_passage_38_538864280,1.4005776865101138
681645,msmarco_passage_49_168544538,1.3998888952263566
681645,msmarco_passage_51_523121419,1.3602282251541005
681645,msmarco_passage_45_320350238,1.346598697982902
681645,msmarco_passage_17_186754037,1.3418805861268164
681645,msmarco_passage_17_186793299,1.3312212599646214
681645,msmarco_passage_61_662444833,1.3188323486187894
681645,msmarco_passage_17_186183087,1.1892896000669446
681645,msmarco_passage_38_542730515,1.0544976792574854
681645,msmarco_passage_25_833238342,1.0126573111308637
681645,msmarco_passage_51_482320454,0.4869295984948675
688007,msmarco_passage_03_266477381,2.9516175021409987
688007,msmarco_passage_03_266478313,2.7308062310181995
688007,msmarco_passage_31_739159592,2.505377136442416
688007,msmarco_passage_09_852058652,2.5025586355935125
688007,msmarco_passage_33_766598147,2.44240249007391
688007,msmarco_passage_03_266482578,2.196380447929396
688007,msmarco_passage_09_852065874,2.111145798261142
688007,msmarco_passage_09_852014369,2.105387327013413
688007,msmarco_passage_09_852058189,2.0989102885031232
688007,msmarco_passage_33_766602775,2.0621423162371504
688007,msmarco_passage_09_852066333,2.0329652903274
688007,msmarco_passage_03_266486053,1.9839967654596355
688007,msmarco_passage_03_266486863,1.9529242744479691
688007,msmarco_passage_33_763605332,1.948671939075227
688007,msmarco_passage_09_852065060,1.938195300362624
688007,msmarco_passage_09_852065491,1.9348261791455976
688007,msmarco_passage_33_763167006,1.9347404529222088
688007,msmarco_passage_09_852059190,1.9294294423008664
688007,msmarco_passage_03_266476938,1.9008221583749736
688007,msmarco_passage_03_266480744,1.8638675814545624
688007,msmarco_passage_33_763404468,1.8417874009742452
688007,msmarco_passage_09_852061697,1.8138524114893928
688007,msmarco_passage_03_267538317,1.8052677289324648
688007,msmarco_passage_33_763211618,1.8045530926414564
688007,msmarco_passage_03_267542735,1.7587424153069653
688007,msmarco_passage_09_852060902,1.7235377921041903
688007,msmarco_passage_03_266488040,1.7227211920544214
688007,msmarco_passage_33_766597212,1.7222296111210889
688007,msmarco_passage_59_14446298,1.720357719779131
688007,msmarco_passage_09_852064267,1.6993834729278203
688007,msmarco_passage_33_766601775,1.6848985488182189
688007,msmarco_passage_03_266485238,1.6767235830598604
688007,msmarco_passage_09_852061308,1.6766667317166046
688007,msmarco_passage_31_739160025,1.6064247181900575
688007,msmarco_passage_03_266483487,1.5995219713759188
688007,msmarco_passage_59_14447608,1.5993890461838711
688007,msmarco_passage_03_266477686,1.5960483636632854
688007,msmarco_passage_03_266486415,1.573786253485668
688007,msmarco_passage_03_267536517,1.5699724078989497
688007,msmarco_passage_03_267541408,1.5479404458716806
688007,msmarco_passage_33_766604504,1.5354792177770653
688007,msmarco_passage_03_266488860,1.534821760572581
688007,msmarco_passage_03_266488456,1.5315161580451564
688007,msmarco_passage_03_266487277,1.5146403906230834
688007,msmarco_passage_09_852060003,1.5000705871421918
688007,msmarco_passage_33_763147651,1.4847188814931058
688007,msmarco_passage_03_266479480,1.4813004036022752
688007,msmarco_passage_33_766605275,1.4807464603138318
688007,msmarco_passage_03_266483949,1.4549418123438078
688007,msmarco_passage_03_266479098,1.4337394115899709
688007,msmarco_passage_33_766603633,1.4310410191101772
688007,msmarco_passage_33_763239884,1.420496461453917
688007,msmarco_passage_09_851969431,1.4135007285653376
688007,msmarco_passage_03_266483061,1.4091598392919584
688007,msmarco_passage_03_266489211,1.4018462110545704
688007,msmarco_passage_33_766599118,1.358534355895952
688007,msmarco_passage_33_763333015,1.3581365147571351
688007,msmarco_passage_09_851980332,1.3418647131088317
688007,msmarco_passage_33_766585472,1.3360642057472587
688007,msmarco_passage_33_766583723,1.3248514900873691
688007,msmarco_passage_59_14447006,1.3238215195647642
688007,msmarco_passage_09_851973251,1.2845243558981254
688007,msmarco_passage_03_267541845,1.2777443980733554
688007,msmarco_passage_09_852018835,1.2681759814116884
688007,msmarco_passage_33_766604073,1.244425771794249
688007,msmarco_passage_33_766605751,1.2436978094840752
688007,msmarco_passage_09_852063014,1.2404138245238978
688007,msmarco_passage_33_763685772,1.233829472696489
688007,msmarco_passage_03_266484400,1.2270837295176351
688007,msmarco_passage_33_763137769,1.2143625994445062
688007,msmarco_passage_33_763571497,1.2126913908447703
688007,msmarco_passage_35_674874169,1.2067278566602395
688007,msmarco_passage_03_266487677,1.1746884242954794
688007,msmarco_passage_33_766747773,1.1738862661261185
688007,msmarco_passage_59_14447937,1.1601970480708514
688007,msmarco_passage_03_266480358,1.1430947382339076
688007,msmarco_passage_33_763291528,1.1175529155278907
688007,msmarco_passage_59_14445923,1.1162176239613224
688007,msmarco_passage_31_739094932,1.0954073220261171
688007,msmarco_passage_03_266481113,1.053444968032311
688007,msmarco_passage_09_851974036,1.0403894319962637
688007,msmarco_passage_09_852053689,1.0400078780700763
688007,msmarco_passage_33_763136615,1.0307253547171753
688007,msmarco_passage_33_763237732,1.029521673121873
688007,msmarco_passage_09_851989802,0.9649021055145592
688007,msmarco_passage_33_763239468,0.9182630622391024
688007,msmarco_passage_33_763139331,0.8070487170378368
688007,msmarco_passage_33_763570635,0.8003901536866145
688007,msmarco_passage_03_266490500,0.751388655084021
688007,msmarco_passage_62_431034932,0.6520256470732829
707882,msmarco_passage_30_366123879,2.9392726542264223
707882,msmarco_passage_08_846998411,2.723749547331489
707882,msmarco_passage_08_847001055,2.4362188606642072
707882,msmarco_passage_08_846996505,2.248804840755815
707882,msmarco_passage_08_846999528,2.1865132191174985
707882,msmarco_passage_30_366124204,2.137842950699678
707882,msmarco_passage_30_366125585,2.132136309810686
707882,msmarco_passage_43_239027506,2.1320182591107155
707882,msmarco_passage_30_366126828,2.039129063370766
707882,msmarco_passage_08_847000129,2.038808946374703
707882,msmarco_passage_30_366124695,1.997612807145912
707882,msmarco_passage_52_662875370,1.950264531759743
707882,msmarco_passage_30_366125078,1.889580246803988
707882,msmarco_passage_30_366121542,1.8362716152282148
707882,msmarco_passage_08_847000658,1.6906025776504316
707882,msmarco_passage_30_366121141,1.6547947570963677
707882,msmarco_passage_30_366126013,1.6309340816860352
707882,msmarco_passage_30_366127210,1.608822737717905
707882,msmarco_passage_33_791846362,1.5286021030715786
707882,msmarco_passage_08_846997006,1.4683244943503848
707882,msmarco_passage_33_791847962,1.3809349051099242
707882,msmarco_passage_08_846995517,1.3675485843532753
707882,msmarco_passage_47_106673204,1.3496416003601874
707882,msmarco_passage_41_396537628,1.3322475911767595
707882,msmarco_passage_47_106673693,1.3290337990171106
707882,msmarco_passage_28_325140084,1.2898416138559363
707882,msmarco_passage_25_586242593,1.2452140850427715
707882,msmarco_passage_01_22588088,1.2365676648862562
707882,msmarco_passage_47_106643074,1.2099424701102437
707882,msmarco_passage_00_62994608,1.2085239395179226
707882,msmarco_passage_47_106654827,1.1978046009158232
707882,msmarco_passage_40_756632599,1.1859424775422198
707882,msmarco_passage_25_586239156,1.1824267485021815
707882,msmarco_passage_37_159764401,1.1610021529848908
707882,msmarco_passage_12_512186472,1.1571362920918993
707882,msmarco_passage_10_805417939,1.112090152992975
707882,msmarco_passage_61_390008977,1.1083065720278948
707882,msmarco_passage_31_168089324,1.105972282374613
707882,msmarco_passage_05_806666866,1.082802266927381
707882,msmarco_passage_12_711348332,1.0794629792575534
707882,msmarco_passage_68_667841723,1.0632544467954703
707882,msmarco_passage_00_735549428,1.0582165580256118
707882,msmarco_passage_33_791849493,1.0053647082671782
707882,msmarco_passage_58_80053606,0.9881877682517822
707882,msmarco_passage_04_187380045,0.976532565528276
707882,msmarco_passage_14_347856699,0.9741032272874034
707882,msmarco_passage_51_807397338,0.97274690454423
707882,msmarco_passage_10_82601465,0.9707318898334278
707882,msmarco_passage_22_119908283,0.957115474030506
707882,msmarco_passage_50_486819530,0.954266446247636
707882,msmarco_passage_03_326158599,0.9480029719125604
707882,msmarco_passage_15_433832205,0.9431766605035836
707882,msmarco_passage_66_290305495,0.933344184811834
707882,msmarco_passage_02_792922161,0.9124606650286116
707882,msmarco_passage_40_699904365,0.8602468825051391
707882,msmarco_passage_23_830130846,0.844382346980494
707882,msmarco_passage_34_383745008,0.8409342885888285
707882,msmarco_passage_22_354751578,0.8178039048958247
707882,msmarco_passage_59_355523744,0.7967978786005506
707882,msmarco_passage_57_389929955,0.7643423401462376
707882,msmarco_passage_53_779076278,0.7511472486158006
707882,msmarco_passage_53_796814471,0.7509884607318247
707882,msmarco_passage_32_349780954,0.7408696049734859
707882,msmarco_passage_16_263827845,0.7404136835451505
707882,msmarco_passage_53_811211615,0.7323104901760383
707882,msmarco_passage_59_629448175,0.7301672065962741
707882,msmarco_passage_33_65193507,0.7298560559711857
707882,msmarco_passage_53_824315590,0.7015876268466162
707882,msmarco_passage_36_159799390,0.7014085818385661
707882,msmarco_passage_53_796922989,0.6890868214459542
707882,msmarco_passage_60_607353499,0.6796827350911729
707882,msmarco_passage_03_326158178,0.6785366401603758
707882,msmarco_passage_36_576215455,0.6732637570611602
707882,msmarco_passage_13_155588473,0.6722199959787755
707882,msmarco_passage_27_378970087,0.6605252415811492
707882,msmarco_passage_63_403034185,0.6447339380144966
707882,msmarco_passage_00_58653626,0.6376353297854487
707882,msmarco_passage_57_389913103,0.6069266950808594
707882,msmarco_passage_03_58216767,0.5920928069094042
707882,msmarco_passage_21_771125023,0.5544711389699113
707882,msmarco_passage_36_576213674,0.5408241036755191
707882,msmarco_passage_40_378071658,0.5359912613041934
707882,msmarco_passage_57_389924902,0.4879234184672564
707882,msmarco_passage_32_6401731,0.4411639212105944
707882,msmarco_passage_59_629449483,0.4233360434949983
707882,msmarco_passage_21_771126814,0.4083095109528388
707882,msmarco_passage_21_771125541,0.3990829124737026
707882,msmarco_passage_68_633833250,0.3805936553838595
707882,msmarco_passage_02_852693022,0.3418516016559453
707882,msmarco_passage_36_442151351,0.3393299558284784
707882,msmarco_passage_50_36216011,0.3037110113823568
707882,msmarco_passage_29_712284251,0.1648300363752059
707882,msmarco_passage_21_771126006,0.0066470428548536
764738,msmarco_passage_25_498432234,2.82603820541203
764738,msmarco_passage_17_501552228,2.6672421169393914
764738,msmarco_passage_40_512427116,2.5917821112043247
764738,msmarco_passage_25_498024196,2.501584242611252
764738,msmarco_passage_42_691449377,2.435581445404475
764738,msmarco_passage_19_596453214,2.3555077812116805
764738,msmarco_passage_40_253900849,2.3522759965959605
764738,msmarco_passage_64_597917960,2.304050411325645
764738,msmarco_passage_26_352847528,2.295378842126354
764738,msmarco_passage_26_182794717,2.270253788784704
764738,msmarco_passage_14_421130213,2.267072239222032
764738,msmarco_passage_14_421127144,2.2659668382941227
764738,msmarco_passage_22_335678975,2.261855829813519
764738,msmarco_passage_23_520221613,2.2450276734669035
764738,msmarco_passage_31_354444076,2.239395449264311
764738,msmarco_passage_50_459586659,2.22518864574006
764738,msmarco_passage_21_668259462,2.210491809363869
764738,msmarco_passage_17_501555126,2.198385027304558
764738,msmarco_passage_38_53225537,2.1358595207071884
764738,msmarco_passage_17_501553428,2.135491284362039
764738,msmarco_passage_14_421129291,2.113088297623784
764738,msmarco_passage_23_752150101,2.1093859923756217
764738,msmarco_passage_14_421129754,2.1011978078627007
764738,msmarco_passage_22_335678507,2.047001423557987
764738,msmarco_passage_25_856491012,2.0256614428762982
764738,msmarco_passage_07_511776613,2.0230586892078564
764738,msmarco_passage_14_421132060,2.017479146170083
764738,msmarco_passage_41_757848646,2.0115921877426346
764738,msmarco_passage_60_30084160,2.004100438543064
764738,msmarco_passage_14_421134707,2.0025033323665458
764738,msmarco_passage_14_421128852,1.9973950053236835
764738,msmarco_passage_14_421124929,1.9957573352750724
764738,msmarco_passage_34_504632763,1.9779048353435065
764738,msmarco_passage_54_753002997,1.9695045426571276
764738,msmarco_passage_47_619580096,1.9581384477453987
764738,msmarco_passage_31_354444443,1.9497542205572616
764738,msmarco_passage_23_752155798,1.929019259420352
764738,msmarco_passage_43_140283282,1.9164728363506192
764738,msmarco_passage_35_588523008,1.913020340790739
764738,msmarco_passage_14_421126623,1.897251836848889
764738,msmarco_passage_23_752152017,1.8699042354259552
764738,msmarco_passage_14_421125312,1.8656312318667647
764738,msmarco_passage_54_753003355,1.8394185611156917
764738,msmarco_passage_40_255061882,1.837433434884335
764738,msmarco_passage_64_588989105,1.835033564619999
764738,msmarco_passage_33_609042946,1.833412475355466
764738,msmarco_passage_14_421126113,1.832106442591379
764738,msmarco_passage_37_18340783,1.8252570061198092
764738,msmarco_passage_39_707559901,1.813030664820836
764738,msmarco_passage_30_491515440,1.7416508941163378
764738,msmarco_passage_30_738556199,1.701616400062408
764738,msmarco_passage_39_707560328,1.6699011699535014
764738,msmarco_passage_40_512427958,1.6642589356868247
764738,msmarco_passage_23_520220303,1.651824497023855
764738,msmarco_passage_34_504633155,1.6486672268129463
764738,msmarco_passage_04_675505125,1.644695601841444
764738,msmarco_passage_21_668261757,1.6145410668805604
764738,msmarco_passage_04_675511673,1.592500544331132
764738,msmarco_passage_60_30350358,1.5678245890227762
764738,msmarco_passage_50_459585402,1.566016511378952
764738,msmarco_passage_04_607322359,1.564077391438465
764738,msmarco_passage_33_609045112,1.5393424423001405
764738,msmarco_passage_11_506226559,1.5371940693702153
764738,msmarco_passage_31_558606475,1.533010779179136
764738,msmarco_passage_21_668261395,1.5177647476697356
764738,msmarco_passage_43_544321567,1.5156888203287997
764738,msmarco_passage_30_491515780,1.5143378451904146
764738,msmarco_passage_25_498449149,1.3977780894205338
764738,msmarco_passage_11_506228312,1.3900552455033954
764738,msmarco_passage_11_436102817,1.3681878796819265
764738,msmarco_passage_00_60091494,1.3548924041442514
764738,msmarco_passage_60_30350787,1.3366089772169667
764738,msmarco_passage_29_709231577,1.3232730384577338
764738,msmarco_passage_60_30351209,1.254791677196239
764738,msmarco_passage_60_54482698,1.1209594435739083
764738,msmarco_passage_30_491516332,0.9901717546864738
764738,msmarco_passage_45_303463830,0.4698202452788024
764738,msmarco_passage_45_303461810,0.2097281931775311
806694,msmarco_passage_61_123799590,3.1292752943962814
806694,msmarco_passage_03_862597299,2.9163376708095803
806694,msmarco_passage_35_352621632,2.755623596690965
806694,msmarco_passage_35_352620363,2.5949378448374643
806694,msmarco_passage_28_60089811,2.319092950500154
806694,msmarco_passage_68_793393632,2.3037885634569584
806694,msmarco_passage_28_60089520,2.30308319245277
806694,msmarco_passage_10_438410610,2.22243365634699
806694,msmarco_passage_61_123798906,2.1854556640306844
806694,msmarco_passage_03_647114007,2.151932904441832
806694,msmarco_passage_36_454702840,2.145684457413263
806694,msmarco_passage_68_780410013,2.1131775461225235
806694,msmarco_passage_06_80537254,2.097112550178884
806694,msmarco_passage_46_505299160,2.0613635358810125
806694,msmarco_passage_65_268371117,2.0470156961700745
806694,msmarco_passage_50_490428375,2.043872636410228
806694,msmarco_passage_65_268502107,2.042662651205768
806694,msmarco_passage_29_873298888,1.9957325020234733
806694,msmarco_passage_68_784630774,1.979892823759951
806694,msmarco_passage_65_268139115,1.9795434758424493
806694,msmarco_passage_11_643101144,1.9793939570546943
806694,msmarco_passage_35_632346157,1.9688764101235496
806694,msmarco_passage_14_555871670,1.9538735277633743
806694,msmarco_passage_68_794964485,1.943701474085846
806694,msmarco_passage_44_773421844,1.9424258504529488
806694,msmarco_passage_10_438396101,1.9377902272759469
806694,msmarco_passage_05_132005397,1.9350349006444925
806694,msmarco_passage_02_6910420,1.924036715841596
806694,msmarco_passage_56_593063105,1.909249110679771
806694,msmarco_passage_65_268509394,1.90007993348176
806694,msmarco_passage_58_140006305,1.8783110201636533
806694,msmarco_passage_06_574650091,1.877873289605961
806694,msmarco_passage_56_598761151,1.8742858469836128
806694,msmarco_passage_03_862598129,1.872500921160132
806694,msmarco_passage_03_862598950,1.844680010404441
806694,msmarco_passage_44_721119659,1.8390502497190624
806694,msmarco_passage_65_268524219,1.8256767845574728
806694,msmarco_passage_68_795627685,1.8191221106950268
806694,msmarco_passage_26_506204338,1.8015447974697976
806694,msmarco_passage_68_795688487,1.7970214358635548
806694,msmarco_passage_03_656417557,1.796505379006725
806694,msmarco_passage_65_268502524,1.753448895116437
806694,msmarco_passage_39_255871588,1.7421305269619771
806694,msmarco_passage_03_465739494,1.7393807201741254
806694,msmarco_passage_68_795481477,1.73557515635925
806694,msmarco_passage_68_788383105,1.7265941720834608
806694,msmarco_passage_42_686818900,1.7238782627920743
806694,msmarco_passage_37_418983639,1.700443102529286
806694,msmarco_passage_28_774439194,1.698515371142559
806694,msmarco_passage_68_794616502,1.6324810853931937
806694,msmarco_passage_68_795682438,1.6290399326640643
806694,msmarco_passage_68_776716188,1.597145480909233
806694,msmarco_passage_35_352619657,1.577235264578834
806694,msmarco_passage_03_640979692,1.5444090277084728
806694,msmarco_passage_68_780411381,1.5371871851255268
806694,msmarco_passage_36_448485190,1.5355061919881727
806694,msmarco_passage_38_804648034,1.509647174697673
806694,msmarco_passage_68_794966029,1.50689591361756
806694,msmarco_passage_68_784631880,1.499255385012065
806694,msmarco_passage_68_795501345,1.4980067085689142
806694,msmarco_passage_68_788384320,1.4754368498102857
806694,msmarco_passage_62_620744011,1.4688750844276917
806694,msmarco_passage_68_791781022,1.451450451356267
806694,msmarco_passage_68_776717415,1.4360168223412613
806694,msmarco_passage_68_791779659,1.42465583849813
806694,msmarco_passage_03_651440409,1.419177937289236
806694,msmarco_passage_45_425273638,1.4134989586342743
806694,msmarco_passage_68_793395035,1.3994301686543815
806694,msmarco_passage_42_788420254,1.3977880901201156
806694,msmarco_passage_57_466352700,1.3967137828248344
806694,msmarco_passage_57_470537665,1.3677579739939163
806694,msmarco_passage_68_788811305,1.3671695683621836
806694,msmarco_passage_46_646798418,1.3339418872859812
806694,msmarco_passage_38_746482247,1.3309467476459238
806694,msmarco_passage_53_247629986,1.3040404263742056
806694,msmarco_passage_57_466343308,1.291670143379667
806694,msmarco_passage_68_794618037,1.2535852345646648
806694,msmarco_passage_26_803567922,1.2505379416633151
806694,msmarco_passage_57_470556789,1.24192092592349
806694,msmarco_passage_03_652966712,1.2266290469137744
806694,msmarco_passage_10_516151272,1.2066997641404942
806694,msmarco_passage_57_470576128,1.176494519056838
806694,msmarco_passage_04_753333706,1.1530883457885055
806694,msmarco_passage_03_437154425,0.9368833328415952
806694,msmarco_passage_05_214372617,0.7806550164913255
806694,msmarco_passage_06_23250072,0.7542854056970305
818583,msmarco_passage_38_498013421,3.1006957583685715
818583,msmarco_passage_14_602333503,3.025486044709746
818583,msmarco_passage_14_602257483,2.8714799532488047
818583,msmarco_passage_38_492156110,2.786601315182031
818583,msmarco_passage_38_494079979,2.706435455299503
818583,msmarco_passage_44_757711640,2.6004192850446746
818583,msmarco_passage_44_757676816,2.5692382975893997
818583,msmarco_passage_38_494078439,2.3760362033038227
818583,msmarco_passage_62_780881596,2.179336373063149
818583,msmarco_passage_07_548630868,2.174101254755896
818583,msmarco_passage_38_494077936,2.1735101071278256
818583,msmarco_passage_08_420334995,2.1437913660326364
818583,msmarco_passage_08_420334145,2.1062946033542294
818583,msmarco_passage_16_302325705,2.100243879925739
818583,msmarco_passage_38_492112529,2.098063110839683
818583,msmarco_passage_38_494073483,2.0932483414010257
818583,msmarco_passage_38_486658568,2.081136733457237
818583,msmarco_passage_52_22654803,2.0809930569683326
818583,msmarco_passage_38_486659386,2.053722109419157
818583,msmarco_passage_40_759639939,2.040748683434602
818583,msmarco_passage_47_384741325,2.040071553378856
818583,msmarco_passage_10_395989592,2.0357932965965184
818583,msmarco_passage_31_370951920,2.000877808052498
818583,msmarco_passage_04_218845177,1.9859850912335724
818583,msmarco_passage_08_420333788,1.977484396901886
818583,msmarco_passage_52_22501514,1.936844768083537
818583,msmarco_passage_14_610010417,1.920834414329132
818583,msmarco_passage_38_501607785,1.914868175215657
818583,msmarco_passage_52_22561668,1.8913859378037383
818583,msmarco_passage_08_420334635,1.8897923974397008
818583,msmarco_passage_38_466398293,1.870439731739284
818583,msmarco_passage_04_759194640,1.8502375422419344
818583,msmarco_passage_07_548570311,1.829896700199568
818583,msmarco_passage_44_235668072,1.7995103097637002
818583,msmarco_passage_51_614967264,1.7866975741207107
818583,msmarco_passage_07_548495555,1.7594312820297948
818583,msmarco_passage_40_759640917,1.7408133678563094
818583,msmarco_passage_02_742069713,1.72956222038193
818583,msmarco_passage_44_839815914,1.705825026854468
818583,msmarco_passage_16_302326661,1.701927694506557
818583,msmarco_passage_05_696858873,1.6984968658513249
818583,msmarco_passage_38_449963605,1.676165864114776
818583,msmarco_passage_40_753559079,1.6644557030123692
818583,msmarco_passage_04_167143329,1.6641471425878167
818583,msmarco_passage_44_839817266,1.6607352827042463
818583,msmarco_passage_68_731946620,1.6590094761084138
818583,msmarco_passage_07_548584718,1.655984099057378
818583,msmarco_passage_57_521698690,1.6547934818112555
818583,msmarco_passage_38_500734462,1.6529736979955016
818583,msmarco_passage_52_22533016,1.6367914164035653
818583,msmarco_passage_52_22439633,1.6317120926359308
818583,msmarco_passage_12_671719099,1.622902638274922
818583,msmarco_passage_07_548520990,1.6226039651165038
818583,msmarco_passage_44_757724887,1.6220852851013836
818583,msmarco_passage_38_501284466,1.6124851167656755
818583,msmarco_passage_07_548522498,1.6113450858174527
818583,msmarco_passage_38_449962259,1.5957456838692414
818583,msmarco_passage_38_449964715,1.587713605389232
818583,msmarco_passage_68_732594619,1.5864463081128803
818583,msmarco_passage_38_501284867,1.5807755494202609
818583,msmarco_passage_38_449967790,1.578626589733902
818583,msmarco_passage_38_500734858,1.5778125756848254
818583,msmarco_passage_38_501608174,1.5752518070491743
818583,msmarco_passage_38_500735355,1.5588247394462182
818583,msmarco_passage_38_466392841,1.5351720086575047
818583,msmarco_passage_38_456397624,1.5262295884507182
818583,msmarco_passage_38_501608671,1.5237961596907288
818583,msmarco_passage_38_456398031,1.5135183047303449
818583,msmarco_passage_38_501285364,1.509278329358498
818583,msmarco_passage_44_839819527,1.5016668620064917
818583,msmarco_passage_44_839816778,1.4861870332557476
818583,msmarco_passage_44_839818259,1.478129111860944
818583,msmarco_passage_14_602350914,1.4750714637953557
818583,msmarco_passage_44_839819111,1.472708319066287
818583,msmarco_passage_38_500462039,1.469952539779681
818583,msmarco_passage_44_839821223,1.4656561167240387
818583,msmarco_passage_02_742071380,1.4591879551642226
818583,msmarco_passage_38_501285894,1.4506740182020903
818583,msmarco_passage_38_501609201,1.4490075337574682
818583,msmarco_passage_44_839820739,1.4394799360888118
818583,msmarco_passage_38_500735885,1.434422114377098
818583,msmarco_passage_44_839816355,1.432894041216116
818583,msmarco_passage_44_839819900,1.4327956595251956
818583,msmarco_passage_44_839818684,1.429979466944835
818583,msmarco_passage_44_839817773,1.4148521116353237
818583,msmarco_passage_44_839820325,1.3576108521653425
818583,msmarco_passage_38_466400849,1.3159769754106003
818583,msmarco_passage_07_548667171,1.255095324682797
818583,msmarco_passage_38_466396638,1.2091095196102382
818583,msmarco_passage_44_757457798,1.1101498606656068
818583,msmarco_passage_65_26623790,1.06265321354568
832573,msmarco_passage_24_205403578,2.9686822111646336
832573,msmarco_passage_36_856824266,2.796815883280201
832573,msmarco_passage_48_735882301,2.719528627209041
832573,msmarco_passage_27_612382169,2.581300212855205
832573,msmarco_passage_24_205385166,2.543852311770509
832573,msmarco_passage_36_760432315,2.5315676102780307
832573,msmarco_passage_24_205383441,2.487323489655404
832573,msmarco_passage_36_856824989,2.3694065377081595
832573,msmarco_passage_36_856825738,2.3600635613119025
832573,msmarco_passage_48_735874891,2.3250170983691896
832573,msmarco_passage_04_652472890,2.321846103611316
832573,msmarco_passage_20_44541310,2.3141073323807944
832573,msmarco_passage_44_616052972,2.3050365540378173
832573,msmarco_passage_66_363021488,2.3016037304863053
832573,msmarco_passage_27_612379643,2.297709894357272
832573,msmarco_passage_48_867940102,2.297399687449816
832573,msmarco_passage_44_615851504,2.2314291422444428
832573,msmarco_passage_04_652474540,2.229723256926952
832573,msmarco_passage_44_330342456,2.204675323533928
832573,msmarco_passage_06_762881318,2.1773946256059693
832573,msmarco_passage_57_172131245,2.161142378189317
832573,msmarco_passage_21_672500165,2.1451763155766392
832573,msmarco_passage_24_205387559,2.1410802309317165
832573,msmarco_passage_24_203994696,2.140975002423874
832573,msmarco_passage_24_205386715,2.134536736218368
832573,msmarco_passage_26_384257416,2.1206807302004966
832573,msmarco_passage_20_25229117,2.110032083328517
832573,msmarco_passage_35_589599099,2.1036071514333563
832573,msmarco_passage_48_735880289,2.102157493366832
832573,msmarco_passage_38_599104239,2.0994092036288943
832573,msmarco_passage_24_205392445,2.098362425169038
832573,msmarco_passage_53_363897370,2.0836665094403126
832573,msmarco_passage_02_98991136,2.0809111667365783
832573,msmarco_passage_48_735877106,2.0768035592008944
832573,msmarco_passage_32_587653705,2.069499030323005
832573,msmarco_passage_04_652471247,2.040648310115992
832573,msmarco_passage_51_506906596,2.029209194420173
832573,msmarco_passage_27_623966954,2.0272336079294555
832573,msmarco_passage_06_762882160,2.0269726519907363
832573,msmarco_passage_06_771703068,2.02147211824262
832573,msmarco_passage_24_205389529,2.018667694377892
832573,msmarco_passage_08_248391751,2.0176994342921786
832573,msmarco_passage_23_363993876,2.0146078329366848
832573,msmarco_passage_38_599241550,1.9943067677922284
832573,msmarco_passage_26_385068019,1.983254952965905
832573,msmarco_passage_44_615977775,1.91911355913532
832573,msmarco_passage_04_652471715,1.917005145424276
832573,msmarco_passage_24_208567325,1.880354826355625
832573,msmarco_passage_28_571614889,1.8755215180284268
832573,msmarco_passage_53_364301634,1.872438899307791
832573,msmarco_passage_59_207803404,1.868091135966204
832573,msmarco_passage_53_364308385,1.86345945421084
832573,msmarco_passage_30_462530638,1.8547349616599689
832573,msmarco_passage_44_615956648,1.8463611524963843
832573,msmarco_passage_28_571616275,1.8222549746975172
832573,msmarco_passage_36_856825277,1.8196136981764512
832573,msmarco_passage_66_87612642,1.8150430559738844
832573,msmarco_passage_53_363899411,1.7946970233226247
832573,msmarco_passage_51_127297458,1.7922285461661716
832573,msmarco_passage_24_208574459,1.7565057959474215
832573,msmarco_passage_24_205394914,1.7354935295905791
832573,msmarco_passage_51_127383170,1.7349372392696107
832573,msmarco_passage_51_127292451,1.7333934860046567
832573,msmarco_passage_57_172200900,1.668322496497631
832573,msmarco_passage_28_571615341,1.6568098046295068
832573,msmarco_passage_57_172092194,1.6371454404024022
832573,msmarco_passage_02_205350403,1.5760265816105818
832573,msmarco_passage_25_311246181,1.5219480206466045
832573,msmarco_passage_00_58855961,1.5161615909079014
832573,msmarco_passage_27_623967352,1.200499365563108
832573,msmarco_passage_27_619016982,0.9964334346449458
835760,msmarco_passage_15_588172240,3.188002463778853
835760,msmarco_passage_29_482632351,2.9506509949658444
835760,msmarco_passage_04_156883639,2.795156947883481
835760,msmarco_passage_12_833050844,2.743908630634156
835760,msmarco_passage_22_465100299,2.7408085574413112
835760,msmarco_passage_46_424085011,2.724743761736045
835760,msmarco_passage_08_318648522,2.70614825303159
835760,msmarco_passage_08_787082193,2.6746409806500333
835760,msmarco_passage_60_814093193,2.6739803086733054
835760,msmarco_passage_28_781805823,2.656685804302895
835760,msmarco_passage_15_603451720,2.629430736108876
835760,msmarco_passage_60_157085187,2.576039663182668
835760,msmarco_passage_29_164262160,2.5585421166588587
835760,msmarco_passage_01_156766438,2.543851229662086
835760,msmarco_passage_51_275797742,2.5266959308299453
835760,msmarco_passage_22_465099929,2.524971821898623
835760,msmarco_passage_58_363814381,2.5154278050015644
835760,msmarco_passage_30_848266581,2.5025477756718795
835760,msmarco_passage_21_699341642,2.4846108040980246
835760,msmarco_passage_24_223806817,2.48241743709219
835760,msmarco_passage_28_789430552,2.466257541149236
835760,msmarco_passage_01_156762605,2.464688755871761
835760,msmarco_passage_27_221421544,2.4551105681010705
835760,msmarco_passage_02_230563351,2.4540722912408524
835760,msmarco_passage_22_465101587,2.4515918325425656
835760,msmarco_passage_01_156757005,2.439619590807088
835760,msmarco_passage_10_618455500,2.418891836176845
835760,msmarco_passage_02_229034087,2.41410024425679
835760,msmarco_passage_48_634008474,2.408064166863213
835760,msmarco_passage_44_589654351,2.3960689366877808
835760,msmarco_passage_06_748705661,2.336970069180808
835760,msmarco_passage_04_156884151,2.3095075565871297
835760,msmarco_passage_00_825433416,2.2747615537170605
835760,msmarco_passage_22_218953299,2.256675016315413
835760,msmarco_passage_42_533042728,2.2555726695608294
835760,msmarco_passage_02_230565823,2.1890019260910853
835760,msmarco_passage_30_610562030,2.1813548799394287
835760,msmarco_passage_30_646808423,2.1696787379187183
835760,msmarco_passage_25_117780954,2.157108943493614
835760,msmarco_passage_03_831382301,2.1508655552708045
835760,msmarco_passage_13_410111776,2.149804835659576
835760,msmarco_passage_25_809064713,2.110353629874436
835760,msmarco_passage_00_839984182,2.0847223377941217
835760,msmarco_passage_51_275788154,2.0839220899949016
835760,msmarco_passage_05_517223372,2.054616507556533
835760,msmarco_passage_67_816726896,2.0012659171542624
835760,msmarco_passage_50_584731426,1.9723296301214883
835760,msmarco_passage_57_246171894,1.874947115611848
835760,msmarco_passage_60_179381844,1.8078051242475843
835760,msmarco_passage_56_847733738,1.7076377654397703
835760,msmarco_passage_39_830489156,1.687424288295296
835760,msmarco_passage_46_385397644,1.473229531533164
835760,msmarco_passage_03_866915177,1.2598902158656435
835760,msmarco_passage_14_386769605,1.127324507909512
835760,msmarco_passage_65_101286616,1.1268912293467863
835760,msmarco_passage_44_622015214,1.1255129441861076
835760,msmarco_passage_04_170006407,1.1245415566634605
835760,msmarco_passage_21_795825654,1.075907666261599
835760,msmarco_passage_47_263266979,1.0681763027117614
835760,msmarco_passage_36_84587885,1.050698329146694
835760,msmarco_passage_47_582374335,1.0442970048241114
835760,msmarco_passage_08_632679871,1.03879673135534
835760,msmarco_passage_65_731158057,1.038753699638355
835760,msmarco_passage_59_54251071,1.0323625990610876
835760,msmarco_passage_14_394205065,1.020886188135672
835760,msmarco_passage_07_33411099,1.016837125390221
835760,msmarco_passage_37_829117029,0.9980845181334091
835760,msmarco_passage_53_284215612,0.9946353603795672
835760,msmarco_passage_11_719058628,0.955134561860247
835760,msmarco_passage_30_612156039,0.9332956677144364
835760,msmarco_passage_07_158511520,0.922708548049624
835760,msmarco_passage_42_770740658,0.8947439269385116
835760,msmarco_passage_30_606640914,0.8748704763902254
835760,msmarco_passage_43_561295484,0.8628996157440207
835760,msmarco_passage_54_345737584,0.8506341335597115
835760,msmarco_passage_30_606641773,0.8172794201308935
835760,msmarco_passage_18_421501279,0.6142064447977538
835760,msmarco_passage_32_198437990,0.6123218819764366
835760,msmarco_passage_04_202842906,0.4959039567593827
835760,msmarco_passage_24_317909889,0.3981364628515682
835760,msmarco_passage_63_806462725,0.1543962020586865
845121,msmarco_passage_52_246108062,3.098728967260669
845121,msmarco_passage_18_309798117,3.0762853091518085
845121,msmarco_passage_34_59598021,3.006714734399855
845121,msmarco_passage_01_649801203,2.8352035066970003
845121,msmarco_passage_06_611756102,2.742583384531325
845121,msmarco_passage_61_674420170,2.687402442168094
845121,msmarco_passage_39_391065769,2.6603945421724964
845121,msmarco_passage_34_450950632,2.654886126366081
845121,msmarco_passage_14_661014156,2.548278878239524
845121,msmarco_passage_18_449954113,2.5424138422391565
845121,msmarco_passage_16_135625020,2.5315874567695564
845121,msmarco_passage_47_85472529,2.4939289153832567
845121,msmarco_passage_09_302844069,2.4846479386853115
845121,msmarco_passage_47_85469029,2.466163456488658
845121,msmarco_passage_20_678906337,2.423590969492598
845121,msmarco_passage_11_676755663,2.4195049673078826
845121,msmarco_passage_45_155033601,2.3928198578920727
845121,msmarco_passage_64_214863454,2.346159246277815
845121,msmarco_passage_40_9070969,2.337342968168944
845121,msmarco_passage_20_679172490,2.334938189080291
845121,msmarco_passage_14_656189764,2.33484160322876
845121,msmarco_passage_41_20389422,2.3137062571803035
845121,msmarco_passage_11_676890534,2.311998693916129
845121,msmarco_passage_41_16670751,2.3107014145428804
845121,msmarco_passage_18_309801056,2.307701874266091
845121,msmarco_passage_31_157852285,2.296298930211636
845121,msmarco_passage_18_167784576,2.289114601871241
845121,msmarco_passage_56_793379895,2.2677072916565244
845121,msmarco_passage_40_168314271,2.26549381772618
845121,msmarco_passage_22_468881411,2.2504942991661148
845121,msmarco_passage_64_214839525,2.2034940088707806
845121,msmarco_passage_52_247343627,2.198742753189055
845121,msmarco_passage_20_679177999,2.197040546554582
845121,msmarco_passage_36_833322466,2.1925494039287488
845121,msmarco_passage_20_679183336,2.183035634984758
845121,msmarco_passage_52_241829257,2.172462672432982
845121,msmarco_passage_63_597379033,2.1711255722210288
845121,msmarco_passage_17_515256025,2.152691985350505
845121,msmarco_passage_17_742212399,2.145913955645873
845121,msmarco_passage_32_201093325,2.107058579292624
845121,msmarco_passage_17_441857355,2.106557074061433
845121,msmarco_passage_38_796348903,2.104784707538866
845121,msmarco_passage_33_604160715,2.103881886713648
845121,msmarco_passage_44_523397606,2.0942917918231267
845121,msmarco_passage_34_59597034,2.088461950689259
845121,msmarco_passage_14_658272202,2.086011485975639
845121,msmarco_passage_06_166888649,2.083280318541592
845121,msmarco_passage_00_286849929,2.061845606942021
845121,msmarco_passage_29_298160224,2.040588147283788
845121,msmarco_passage_20_619924261,2.027369491275725
845121,msmarco_passage_29_270141803,2.019450454221668
845121,msmarco_passage_54_677724008,2.017765842119285
845121,msmarco_passage_18_449373822,2.0091149888059605
845121,msmarco_passage_18_774527528,2.0063279113178467
845121,msmarco_passage_06_644755029,2.0036450529725487
845121,msmarco_passage_63_597359901,1.9989600898851052
845121,msmarco_passage_51_431895942,1.9948410857793948
845121,msmarco_passage_05_692755922,1.9846075262582856
845121,msmarco_passage_52_244264788,1.9822060800453487
845121,msmarco_passage_03_739045538,1.9404654160125492
845121,msmarco_passage_08_349100844,1.928139586143336
845121,msmarco_passage_29_270140669,1.926053538144214
845121,msmarco_passage_52_235764034,1.919111217714161
845121,msmarco_passage_39_47038497,1.9150312257603608
845121,msmarco_passage_20_678923762,1.888991020040511
845121,msmarco_passage_45_199437048,1.8228395331008092
845121,msmarco_passage_49_260923818,1.7768462215825294
845121,msmarco_passage_15_361902785,1.7693530349368372
845121,msmarco_passage_52_244247483,1.7286052231309077
845121,msmarco_passage_52_241838234,1.7072527574928498
845121,msmarco_passage_29_28225904,1.7053266166695005
845121,msmarco_passage_52_235767024,1.6783706633137314
845121,msmarco_passage_52_247349256,1.6666326393869864
845121,msmarco_passage_68_684812623,1.6421042049633057
845121,msmarco_passage_40_95606867,1.637588178008601
845121,msmarco_passage_38_265248186,1.6018646813016415
845121,msmarco_passage_52_244706109,1.5791758042577693
845121,msmarco_passage_00_506917072,1.5756558834811516
845121,msmarco_passage_44_459544492,1.555537210481421
845121,msmarco_passage_52_244277207,1.5383223872331826
845121,msmarco_passage_20_679182829,1.4787879634671357
845121,msmarco_passage_52_241838745,1.4511136203047108
845121,msmarco_passage_08_34123453,1.436235438840336
845121,msmarco_passage_68_582987733,1.431834548895323
845121,msmarco_passage_68_684811894,1.396336729100555
845121,msmarco_passage_18_167788448,1.3912935250490643
845121,msmarco_passage_36_833374217,1.172463845795393
845121,msmarco_passage_04_588468824,1.1445368388733634
935353,msmarco_passage_45_272090219,3.05730790588466
935353,msmarco_passage_03_399019105,2.934903018145836
935353,msmarco_passage_01_116824619,2.9101508504728475
935353,msmarco_passage_27_782235490,2.76187158950017
935353,msmarco_passage_17_642045950,2.741577079710135
935353,msmarco_passage_34_806832578,2.7201660221792183
935353,msmarco_passage_49_225979544,2.714523385944504
935353,msmarco_passage_04_128069419,2.7026714129640506
935353,msmarco_passage_40_148012392,2.646792939302707
935353,msmarco_passage_66_440740118,2.614860994995863
935353,msmarco_passage_00_564032982,2.585058148828684
935353,msmarco_passage_04_128066736,2.573983799486894
935353,msmarco_passage_04_187325443,2.496184666038018
935353,msmarco_passage_53_117590216,2.485784290294617
935353,msmarco_passage_02_280277114,2.452036726268438
935353,msmarco_passage_68_148620030,2.425510793814904
935353,msmarco_passage_04_222437935,2.4251294294560566
935353,msmarco_passage_01_116824152,2.3902305641414263
935353,msmarco_passage_40_90587857,2.317922972348867
935353,msmarco_passage_22_209449236,2.300224763326309
935353,msmarco_passage_53_117590789,2.296108100925042
935353,msmarco_passage_04_128065496,2.243229570826048
935353,msmarco_passage_04_222437049,2.2145037635326386
935353,msmarco_passage_04_216457794,2.1953180551478497
935353,msmarco_passage_49_251536666,2.1776846333357005
935353,msmarco_passage_41_590614578,2.096556416836763
935353,msmarco_passage_19_836413334,2.0914004235801023
935353,msmarco_passage_03_400743106,2.086087646109477
935353,msmarco_passage_03_154451277,2.0742271843048243
935353,msmarco_passage_17_635369419,2.039089790165883
935353,msmarco_passage_04_18518977,2.036074849915657
935353,msmarco_passage_44_72755873,1.9963053717391612
935353,msmarco_passage_01_590936275,1.9875771319140227
935353,msmarco_passage_18_835486139,1.924882386566584
935353,msmarco_passage_18_835483239,1.9028109724645432
935353,msmarco_passage_35_528501965,1.877195468886235
935353,msmarco_passage_04_220629990,1.8672620130962283
935353,msmarco_passage_04_216453637,1.8539498570786077
935353,msmarco_passage_18_836620646,1.850314317413171
935353,msmarco_passage_21_378430062,1.825813870426019
935353,msmarco_passage_63_337837504,1.8222619880671689
935353,msmarco_passage_04_204108335,1.8162644870654128
935353,msmarco_passage_62_843606100,1.8151324529744115
935353,msmarco_passage_12_233242509,1.7878176583540748
935353,msmarco_passage_08_846390135,1.770202549069967
935353,msmarco_passage_64_126259750,1.763729910870546
935353,msmarco_passage_04_204109926,1.7301120867941622
935353,msmarco_passage_18_835485671,1.7154404493848483
935353,msmarco_passage_44_477278946,1.7143286202696653
935353,msmarco_passage_19_836391786,1.6998967843500468
935353,msmarco_passage_49_214107835,1.6631919852146737
935353,msmarco_passage_04_204109527,1.6596792108445595
935353,msmarco_passage_04_204109182,1.639174147933951
935353,msmarco_passage_38_379652143,1.6259816548986312
935353,msmarco_passage_45_533450333,1.6194258690934915
935353,msmarco_passage_04_204108803,1.5998180120634726
935353,msmarco_passage_64_134999308,1.5870772037530556
935353,msmarco_passage_00_564032482,1.5732913711485956
935353,msmarco_passage_04_208493518,1.5727610755306023
935353,msmarco_passage_04_208493851,1.5651189792778248
935353,msmarco_passage_04_203472456,1.564694060409069
935353,msmarco_passage_00_565095356,1.5381734205770952
935353,msmarco_passage_30_765078909,1.5219833048018123
935353,msmarco_passage_64_126262974,1.5167079581829217
935353,msmarco_passage_44_477274583,1.4979248212497969
935353,msmarco_passage_19_836418489,1.488275449854441
935353,msmarco_passage_11_802404525,1.4575464159989966
935353,msmarco_passage_04_208491796,1.4516093005287345
935353,msmarco_passage_04_208294046,1.397638935184708
935353,msmarco_passage_44_480488533,1.3778123815972072
935353,msmarco_passage_04_201764545,1.3649398291029993
935353,msmarco_passage_04_208294480,1.3521379331645291
935353,msmarco_passage_04_222836807,1.3258980440953605
935353,msmarco_passage_04_208159775,1.2860726846289174
935353,msmarco_passage_04_208491547,1.242634090589942
935353,msmarco_passage_04_223438133,1.2268421078322789
935353,msmarco_passage_45_846408030,1.203057578166173
935353,msmarco_passage_09_51824235,1.191410435211735
935353,msmarco_passage_63_834019925,1.1634052082690671
935353,msmarco_passage_47_512055212,1.1269872941858494
935353,msmarco_passage_14_10135865,1.113993881783501
935353,msmarco_passage_44_478213850,1.0208652702825192
935353,msmarco_passage_11_803879078,0.9899354108124973
935353,msmarco_passage_04_208159441,0.9095512675290688
935353,msmarco_passage_44_479677530,0.8210530508285915
935964,msmarco_passage_54_800252753,3.1333519116163253
935964,msmarco_passage_03_424881978,2.8153520866153805
935964,msmarco_passage_67_44904878,2.738192506174623
935964,msmarco_passage_08_318054068,2.4752225509725947
935964,msmarco_passage_31_370485379,2.3868422403459206
935964,msmarco_passage_35_61733187,2.365943780582604
935964,msmarco_passage_35_61731466,2.3472446870909405
935964,msmarco_passage_31_370489867,2.3094001650001386
935964,msmarco_passage_03_806530124,2.304007043177181
935964,msmarco_passage_54_800252270,2.2821647341163005
935964,msmarco_passage_54_800253094,2.257183479893932
935964,msmarco_passage_67_1061224,2.24836612226614
935964,msmarco_passage_03_688340344,2.128372982309937
935964,msmarco_passage_03_424887607,2.118362405049417
935964,msmarco_passage_24_577786297,2.1140630691511118
935964,msmarco_passage_60_299833660,2.104892846084943
935964,msmarco_passage_02_85129069,2.089833560521316
935964,msmarco_passage_35_61731967,2.070089549172877
935964,msmarco_passage_08_846197554,2.054673624312144
935964,msmarco_passage_64_812650549,2.0437524688345867
935964,msmarco_passage_53_663304422,2.033770353180382
935964,msmarco_passage_38_73849586,1.989768565780022
935964,msmarco_passage_28_866210139,1.9658319740348404
935964,msmarco_passage_16_12518676,1.948378137513045
935964,msmarco_passage_64_696793428,1.943717790082225
935964,msmarco_passage_53_248942772,1.9258825082242328
935964,msmarco_passage_60_349909265,1.923202614582056
935964,msmarco_passage_64_226883289,1.9169834458240005
935964,msmarco_passage_64_371027480,1.915094641144596
935964,msmarco_passage_65_262458913,1.9028598954623956
935964,msmarco_passage_03_519760458,1.889774630849556
935964,msmarco_passage_64_853398525,1.888183666383264
935964,msmarco_passage_16_12589481,1.886726153258863
935964,msmarco_passage_66_186283170,1.8644527672987223
935964,msmarco_passage_67_1060757,1.8418185988607267
935964,msmarco_passage_64_696794037,1.837540816560997
935964,msmarco_passage_66_252210233,1.835113396890634
935964,msmarco_passage_51_229572285,1.829726583870283
935964,msmarco_passage_16_12592512,1.823527065777623
935964,msmarco_passage_54_807204601,1.8175011190241828
935964,msmarco_passage_09_469293164,1.816734330926851
935964,msmarco_passage_64_531374129,1.7903171012143964
935964,msmarco_passage_30_439250975,1.7854027826669363
935964,msmarco_passage_40_498720155,1.7774933493324976
935964,msmarco_passage_66_180531270,1.7704449278551588
935964,msmarco_passage_11_667492487,1.7643768990101965
935964,msmarco_passage_55_266282383,1.759798453118543
935964,msmarco_passage_55_826043092,1.7575454582147778
935964,msmarco_passage_52_740092049,1.7568164030672035
935964,msmarco_passage_55_151966205,1.731543157500849
935964,msmarco_passage_26_400518410,1.7298407027850915
935964,msmarco_passage_37_317269012,1.7180481520597086
935964,msmarco_passage_48_479279848,1.7155709621333
935964,msmarco_passage_44_9980910,1.706386753486895
935964,msmarco_passage_10_380328471,1.705783282608457
935964,msmarco_passage_66_180528267,1.6935142616897287
935964,msmarco_passage_60_349910448,1.6896030027665891
935964,msmarco_passage_66_246953274,1.663968211845419
935964,msmarco_passage_32_787556607,1.6584618928086103
935964,msmarco_passage_64_535251701,1.647635556586596
935964,msmarco_passage_65_262447270,1.6297303455118584
935964,msmarco_passage_11_691879317,1.5907058237598826
935964,msmarco_passage_12_65586608,1.5872439484581031
935964,msmarco_passage_60_349910753,1.5813819727123346
935964,msmarco_passage_67_1062167,1.5780989613607386
935964,msmarco_passage_64_834194686,1.5760952167555846
935964,msmarco_passage_31_493401056,1.5574984248631234
935964,msmarco_passage_11_311483242,1.5560108260409045
935964,msmarco_passage_04_8317333,1.5476323432929355
935964,msmarco_passage_66_212925208,1.5457421649252834
935964,msmarco_passage_00_71794528,1.51320502172366
935964,msmarco_passage_36_183330356,1.5073604595659609
935964,msmarco_passage_64_531373586,1.4685590027511426
935964,msmarco_passage_59_687969290,1.4683455355629962
935964,msmarco_passage_10_710530719,1.4667021728824914
935964,msmarco_passage_24_577783661,1.4639747021369869
935964,msmarco_passage_56_733085520,1.4446102677726993
935964,msmarco_passage_57_509901333,1.4443845510954272
935964,msmarco_passage_58_767897208,1.4087677473558928
935964,msmarco_passage_11_311506436,1.3816700555014976
935964,msmarco_passage_08_430140681,1.3421479432372618
935964,msmarco_passage_31_792857475,1.3387987411090283
935964,msmarco_passage_28_640559089,1.33808063856258
935964,msmarco_passage_54_807205518,1.3191051909295304
935964,msmarco_passage_45_564087522,1.2885475499798855
935964,msmarco_passage_16_12592950,1.269251480958601
935964,msmarco_passage_30_254823012,1.1480820695302951
952262,msmarco_passage_04_375241745,3.1706762301683424
952262,msmarco_passage_54_265700064,2.9665162401832097
952262,msmarco_passage_38_632156574,2.8669071077566253
952262,msmarco_passage_11_8858858,2.814897154960513
952262,msmarco_passage_48_749209638,2.681420690491947
952262,msmarco_passage_55_297870367,2.653462481961109
952262,msmarco_passage_00_239612976,2.54138397191599
952262,msmarco_passage_08_61246098,2.536344026743636
952262,msmarco_passage_48_750280267,2.501485255115629
952262,msmarco_passage_42_857904295,2.479304121149675
952262,msmarco_passage_54_277091143,2.4678622552924234
952262,msmarco_passage_39_119018585,2.453897459839742
952262,msmarco_passage_34_772695569,2.4468573996773886
952262,msmarco_passage_48_774362860,2.442189584931008
952262,msmarco_passage_22_590727458,2.408214622435237
952262,msmarco_passage_40_515445277,2.3764571718677066
952262,msmarco_passage_57_447613267,2.3238838305704337
952262,msmarco_passage_09_850150414,2.322956845271037
952262,msmarco_passage_26_112845949,2.315434425471406
952262,msmarco_passage_39_118844285,2.313296310785598
952262,msmarco_passage_27_464765209,2.3009336855827307
952262,msmarco_passage_65_827626432,2.300537552551451
952262,msmarco_passage_38_518614745,2.2997527421272634
952262,msmarco_passage_57_447973988,2.280266904275049
952262,msmarco_passage_49_70173791,2.258544258184577
952262,msmarco_passage_04_374463077,2.241650232779486
952262,msmarco_passage_29_460292639,2.215859178444861
952262,msmarco_passage_48_753200302,2.2113325588029884
952262,msmarco_passage_34_772694736,2.203662689758851
952262,msmarco_passage_53_497927341,2.1888611706219265
952262,msmarco_passage_59_268543239,2.1779064301504927
952262,msmarco_passage_49_5231358,2.168089155468485
952262,msmarco_passage_54_265701703,2.164181592319701
952262,msmarco_passage_04_84678409,2.1551750995142536
952262,msmarco_passage_54_265701251,2.1250930093446696
952262,msmarco_passage_53_557660037,2.1220624404275483
952262,msmarco_passage_24_246146361,2.1060851171915367
952262,msmarco_passage_35_777782600,2.10136089202499
952262,msmarco_passage_54_375717841,2.0882006237329738
952262,msmarco_passage_04_375255298,2.0854832190411017
952262,msmarco_passage_09_36561061,2.082820240391816
952262,msmarco_passage_38_518620838,2.071529387865363
952262,msmarco_passage_27_612555233,2.0714062714450217
952262,msmarco_passage_65_864442489,2.071109312770618
952262,msmarco_passage_45_321674368,2.0687418062326373
952262,msmarco_passage_39_598358173,2.0547779358216376
952262,msmarco_passage_11_89354857,2.030822417337612
952262,msmarco_passage_08_217461491,2.0298225935786904
952262,msmarco_passage_29_460300967,2.0296743250095464
952262,msmarco_passage_52_459894176,2.02415777759295
952262,msmarco_passage_44_567000444,2.023255617859146
952262,msmarco_passage_35_333920753,2.022493292395072
952262,msmarco_passage_48_838301481,2.0196666186633423
952262,msmarco_passage_48_631419940,1.9803485091720372
952262,msmarco_passage_28_258485728,1.9775030920436716
952262,msmarco_passage_02_357430957,1.9699143305249696
952262,msmarco_passage_42_435274365,1.961721774553815
952262,msmarco_passage_28_258488468,1.955680338295424
952262,msmarco_passage_53_421857392,1.9508676675559096
952262,msmarco_passage_07_506859894,1.9498844167518972
952262,msmarco_passage_48_749890435,1.9437047262813076
952262,msmarco_passage_57_446003337,1.9396687507514
952262,msmarco_passage_45_471487531,1.9356794460979896
952262,msmarco_passage_04_375260282,1.9301775316941536
952262,msmarco_passage_53_490177949,1.921059418067207
952262,msmarco_passage_16_462241957,1.91580596806352
952262,msmarco_passage_65_793365323,1.8847490851579976
952262,msmarco_passage_08_89528615,1.84475339353235
952262,msmarco_passage_38_635542698,1.8361881353834253
952262,msmarco_passage_57_447372873,1.7819386979975045
952262,msmarco_passage_14_777005005,1.7819236959583342
952262,msmarco_passage_57_447371892,1.7583249686565663
952262,msmarco_passage_30_263240214,1.7302948229181565
952262,msmarco_passage_39_598362767,1.6971624593386545
952262,msmarco_passage_66_16801373,1.6759955170487952
952262,msmarco_passage_39_598361396,1.628509040440734
952262,msmarco_passage_67_225522180,1.563618952959967
952262,msmarco_passage_57_447569416,1.4884121691624326
952262,msmarco_passage_57_447375732,1.428855509451486
952262,msmarco_passage_25_812195261,1.4144456707241675
952284,msmarco_passage_30_313376847,2.645454099794229
952284,msmarco_passage_32_132398653,2.398233259143059
952284,msmarco_passage_22_850847499,2.34517168376089
952284,msmarco_passage_11_288630511,2.1135469814782204
952284,msmarco_passage_23_511390340,2.109718168654363
952284,msmarco_passage_38_846139030,2.1092353472933256
952284,msmarco_passage_36_726687505,2.088045513694716
952284,msmarco_passage_53_700312764,2.065799204454402
952284,msmarco_passage_23_513988962,2.003483482386569
952284,msmarco_passage_33_864309229,2.0025874960845016
952284,msmarco_passage_30_313430418,1.9290423399232368
952284,msmarco_passage_11_288635897,1.9247377294747483
952284,msmarco_passage_38_844698238,1.923533935218808
952284,msmarco_passage_38_844695644,1.89075634707005
952284,msmarco_passage_67_105579985,1.8832013347987424
952284,msmarco_passage_27_110289987,1.8777845929438517
952284,msmarco_passage_38_844692838,1.843626324969684
952284,msmarco_passage_46_382445692,1.8419461082981328
952284,msmarco_passage_14_634936447,1.838151841386077
952284,msmarco_passage_65_468650531,1.8294437721914016
952284,msmarco_passage_67_365187034,1.7857823978953544
952284,msmarco_passage_53_146447213,1.7764654139349911
952284,msmarco_passage_68_54589172,1.7730772162818669
952284,msmarco_passage_46_381968583,1.772963067761519
952284,msmarco_passage_24_569099268,1.7719223251594691
952284,msmarco_passage_40_439533480,1.760801323389365
952284,msmarco_passage_64_344301132,1.7580789756645483
952284,msmarco_passage_14_169048942,1.7567019042444054
952284,msmarco_passage_34_640642046,1.749559693380076
952284,msmarco_passage_65_468653707,1.7489556293099733
952284,msmarco_passage_23_510622897,1.747382329610358
952284,msmarco_passage_65_468654273,1.744462265025
952284,msmarco_passage_53_146592941,1.741524393564139
952284,msmarco_passage_22_518472709,1.7400871654312804
952284,msmarco_passage_65_468651055,1.7312649474452653
952284,msmarco_passage_30_524228664,1.7251545549778755
952284,msmarco_passage_41_13234359,1.713759187919906
952284,msmarco_passage_61_373096056,1.7091856636582596
952284,msmarco_passage_30_313413887,1.7057239794591348
952284,msmarco_passage_38_846335755,1.69550842803114
952284,msmarco_passage_16_84821804,1.6930030021769729
952284,msmarco_passage_22_513668760,1.6813255673802086
952284,msmarco_passage_30_313413410,1.679871415013245
952284,msmarco_passage_54_370991786,1.6769429758633367
952284,msmarco_passage_47_153093670,1.673430361108759
952284,msmarco_passage_47_152667289,1.6701888431095122
952284,msmarco_passage_23_518175705,1.6673292668930788
952284,msmarco_passage_22_523487368,1.6446709648207354
952284,msmarco_passage_22_518209799,1.6441490543582438
952284,msmarco_passage_46_496662263,1.6389760348598053
952284,msmarco_passage_67_213010701,1.6388867840075032
952284,msmarco_passage_23_510623367,1.6355254103792638
952284,msmarco_passage_34_872046465,1.6341097258942177
952284,msmarco_passage_22_518351232,1.6329754475203777
952284,msmarco_passage_22_851624376,1.6291264268944936
952284,msmarco_passage_47_154033459,1.62845023548799
952284,msmarco_passage_23_607304665,1.6245566667336455
952284,msmarco_passage_29_326101727,1.6191039684700372
952284,msmarco_passage_41_12927302,1.6128489221285445
952284,msmarco_passage_22_518603800,1.6110414019108588
952284,msmarco_passage_40_439536540,1.6090415650200232
952284,msmarco_passage_40_439540470,1.6079488320910853
952284,msmarco_passage_53_146588055,1.5860776092098343
952284,msmarco_passage_67_106271073,1.585650912289198
952284,msmarco_passage_30_313410648,1.5844705241599848
952284,msmarco_passage_07_657212163,1.578707773051714
952284,msmarco_passage_11_288621140,1.5637638473680282
952284,msmarco_passage_10_770545480,1.555042449727391
952284,msmarco_passage_14_651465481,1.553469232215023
952284,msmarco_passage_30_313413024,1.5477792749602983
952284,msmarco_passage_14_651423759,1.5468500519706452
952284,msmarco_passage_67_894348900,1.546577951201006
952284,msmarco_passage_47_152601001,1.545494533950914
952284,msmarco_passage_62_65975544,1.5415747767888983
952284,msmarco_passage_60_744014637,1.5366042540010445
952284,msmarco_passage_30_524632082,1.5283177694608054
952284,msmarco_passage_23_518174799,1.528226897382028
952284,msmarco_passage_23_517407245,1.526814446522216
952284,msmarco_passage_24_569096438,1.5257975717814918
952284,msmarco_passage_32_132409243,1.5246502483865558
952284,msmarco_passage_52_561107099,1.505078826314057
952284,msmarco_passage_40_439538287,1.4813656142608074
952284,msmarco_passage_04_423294611,1.443438289262851
952284,msmarco_passage_62_75043896,1.4226646674862882
952284,msmarco_passage_34_452489420,1.4101927993282044
952284,msmarco_passage_53_146496517,1.4059635588605155
952284,msmarco_passage_53_146449978,1.37042035670118
952284,msmarco_passage_22_513671442,1.3647399070992765
952284,msmarco_passage_01_392943593,1.263598851496574
952284,msmarco_passage_16_84827086,1.235216005116218
952284,msmarco_passage_23_518174338,1.2082036156179772
952284,msmarco_passage_06_204447363,1.0669408510397649
975079,msmarco_passage_34_122507568,3.178974627688527
975079,msmarco_passage_68_160730821,2.8786014577550865
975079,msmarco_passage_04_428426158,2.819999024984345
975079,msmarco_passage_39_7640982,2.8011444911597554
975079,msmarco_passage_19_577300446,2.760253296069381
975079,msmarco_passage_58_259083082,2.557108436265016
975079,msmarco_passage_06_135432401,2.370397531611472
975079,msmarco_passage_18_508298739,2.25515298871764
975079,msmarco_passage_59_773341087,2.229931804818277
975079,msmarco_passage_04_665756474,2.1811581673625424
975079,msmarco_passage_40_157215370,2.133758949352806
975079,msmarco_passage_35_751087673,2.089917292421886
975079,msmarco_passage_02_235583144,2.079033264929969
975079,msmarco_passage_18_508295128,2.0663810644681058
975079,msmarco_passage_18_643815000,1.9696145876316251
975079,msmarco_passage_04_380239030,1.9659041959788344
975079,msmarco_passage_10_207505389,1.96135981345896
975079,msmarco_passage_04_208886763,1.952150949275884
975079,msmarco_passage_68_150137893,1.9258371062650768
975079,msmarco_passage_04_380415839,1.9088596118363457
975079,msmarco_passage_01_317043704,1.8878992968924595
975079,msmarco_passage_68_636615833,1.8844503886877968
975079,msmarco_passage_58_596374967,1.862108707850738
975079,msmarco_passage_04_379289492,1.7995430510307704
975079,msmarco_passage_21_533470521,1.7927772106129811
975079,msmarco_passage_34_256606788,1.7911582213696122
975079,msmarco_passage_58_92711356,1.7897774551714796
975079,msmarco_passage_65_148520253,1.7866953423346454
975079,msmarco_passage_38_640900286,1.7847005349516678
975079,msmarco_passage_58_518024804,1.7820696847136783
975079,msmarco_passage_08_43774818,1.7802674373419614
975079,msmarco_passage_04_209741407,1.7648631792692966
975079,msmarco_passage_21_533344494,1.7601544277954375
975079,msmarco_passage_04_378365436,1.756855063398714
975079,msmarco_passage_58_517720803,1.7539986705930852
975079,msmarco_passage_20_500975309,1.7329214162534723
975079,msmarco_passage_38_639628805,1.726703277239123
975079,msmarco_passage_04_377884628,1.7226719577800451
975079,msmarco_passage_18_485636181,1.715318183602017
975079,msmarco_passage_18_794333391,1.7120087382777118
975079,msmarco_passage_14_56330413,1.7071977667918727
975079,msmarco_passage_24_412135705,1.6863711676712492
975079,msmarco_passage_04_386520464,1.6847373453201373
975079,msmarco_passage_35_635520594,1.6810526277342912
975079,msmarco_passage_12_226303770,1.6779056698976804
975079,msmarco_passage_04_379702174,1.6683521662634715
975079,msmarco_passage_04_380418794,1.6627135479444732
975079,msmarco_passage_05_112615659,1.6469296976734331
975079,msmarco_passage_04_380033594,1.6350265493746237
975079,msmarco_passage_18_769498545,1.618223317530553
975079,msmarco_passage_04_377603070,1.6114425162436958
975079,msmarco_passage_00_274244248,1.5944020146174531
975079,msmarco_passage_21_646549032,1.5911421799650731
975079,msmarco_passage_17_443919198,1.5764622809173785
975079,msmarco_passage_04_377910097,1.5762097039917562
975079,msmarco_passage_04_377487769,1.5760503227168787
975079,msmarco_passage_21_533472016,1.5567524495921634
975079,msmarco_passage_58_151022490,1.553301544429247
975079,msmarco_passage_58_526323071,1.5468228755638609
975079,msmarco_passage_06_580038732,1.5455418636790716
975079,msmarco_passage_20_22881258,1.5416869658818768
975079,msmarco_passage_04_379885110,1.497208075551547
975079,msmarco_passage_04_378316384,1.49602486472329
975079,msmarco_passage_34_337711083,1.4683085958771591
975079,msmarco_passage_04_380958799,1.46498036962865
975079,msmarco_passage_18_169733336,1.457935796837105
975079,msmarco_passage_04_380029175,1.4525381771429826
975079,msmarco_passage_04_380307746,1.427774039589547
975079,msmarco_passage_04_377824638,1.4256525246465663
975079,msmarco_passage_10_262149126,1.3948593281299797
975079,msmarco_passage_32_199903890,1.386894709204695
975079,msmarco_passage_04_380835412,1.3810671378010968
975079,msmarco_passage_20_515148046,1.373070479392133
975079,msmarco_passage_06_383517164,1.3467701370423384
975079,msmarco_passage_08_677854469,1.3436817880877123
975079,msmarco_passage_04_378264937,1.339834614601767
975079,msmarco_passage_04_379833081,1.303243960150963
975079,msmarco_passage_04_380377459,1.2888812983462947
975079,msmarco_passage_08_677858835,1.2840218005473458
975079,msmarco_passage_08_676009446,1.2783763516590032
975079,msmarco_passage_21_533471484,1.2716080127743892
975079,msmarco_passage_21_604958951,1.2573127748795914
975079,msmarco_passage_04_381281091,1.2518332814662538
975079,msmarco_passage_38_639807682,1.2275947165902377
975079,msmarco_passage_08_679473323,1.1837714400688846
975079,msmarco_passage_04_380957391,1.1283968617202351
975079,msmarco_passage_64_236854654,1.1227018964620534
975079,msmarco_passage_21_65766080,0.931128991042138
975079,msmarco_passage_21_65765669,0.7633957105639833
975079,msmarco_passage_21_604956910,0.698052288465936
975079,msmarco_passage_12_263358866,0.5656500875631969
1006728,msmarco_passage_66_84491897,3.121455627858639
1006728,msmarco_passage_29_510661852,2.6715128658186824
1006728,msmarco_passage_00_805095721,2.632901073577006
1006728,msmarco_passage_65_225025567,2.413813740422896
1006728,msmarco_passage_13_574326454,2.262166400603169
1006728,msmarco_passage_23_479124719,2.1882113930341744
1006728,msmarco_passage_51_653520227,2.1864253916098955
1006728,msmarco_passage_28_864687853,2.185347748310793
1006728,msmarco_passage_13_693866620,2.1592157686420848
1006728,msmarco_passage_65_811449448,2.1537080380896727
1006728,msmarco_passage_12_367443747,2.1371346338357244
1006728,msmarco_passage_28_687617757,2.106576126753432
1006728,msmarco_passage_27_425030639,2.096843461571137
1006728,msmarco_passage_21_656747181,2.0961181950870014
1006728,msmarco_passage_55_329988089,2.0942837297030854
1006728,msmarco_passage_30_650927429,2.080101933966364
1006728,msmarco_passage_53_483517307,2.0750034342025008
1006728,msmarco_passage_17_477012949,2.074620839215744
1006728,msmarco_passage_02_506635606,2.055303590560527
1006728,msmarco_passage_65_799579625,2.0442405435306688
1006728,msmarco_passage_61_380172725,2.035670681569122
1006728,msmarco_passage_67_682144407,2.024410784398374
1006728,msmarco_passage_04_229067163,2.009116194307236
1006728,msmarco_passage_27_749801923,2.003776592992033
1006728,msmarco_passage_57_521474018,1.998385808095478
1006728,msmarco_passage_58_335462263,1.99251305986359
1006728,msmarco_passage_35_86380492,1.9857069081522167
1006728,msmarco_passage_64_190427898,1.9735269200469767
1006728,msmarco_passage_30_796203139,1.9697371846048608
1006728,msmarco_passage_29_185077002,1.9645723927983216
1006728,msmarco_passage_65_851916699,1.9591622383001304
1006728,msmarco_passage_42_534040447,1.9436399835524103
1006728,msmarco_passage_07_504695154,1.9379023580783887
1006728,msmarco_passage_00_341244349,1.9333113344649475
1006728,msmarco_passage_55_468332099,1.929863504703272
1006728,msmarco_passage_15_573561225,1.877013219624474
1006728,msmarco_passage_04_825259357,1.872455077672856
1006728,msmarco_passage_68_91442967,1.87149431193698
1006728,msmarco_passage_30_796204069,1.854011349136773
1006728,msmarco_passage_66_70476399,1.8497930897817725
1006728,msmarco_passage_41_466167079,1.845304513259161
1006728,msmarco_passage_43_390862538,1.8447341143057456
1006728,msmarco_passage_02_821202298,1.843884777615184
1006728,msmarco_passage_39_127139605,1.8395959946345717
1006728,msmarco_passage_66_122176201,1.8320398017258872
1006728,msmarco_passage_66_1108697,1.8160584191816196
1006728,msmarco_passage_13_403576164,1.791807668451184
1006728,msmarco_passage_53_760526383,1.784772970894405
1006728,msmarco_passage_61_780499106,1.777879655570643
1006728,msmarco_passage_04_134348380,1.7771549579492636
1006728,msmarco_passage_28_480238827,1.7769183218618234
1006728,msmarco_passage_30_676181643,1.770695328665631
1006728,msmarco_passage_27_489780271,1.746921481008473
1006728,msmarco_passage_02_177290040,1.7439584493875502
1006728,msmarco_passage_33_845240529,1.7429811204388028
1006728,msmarco_passage_27_514444626,1.7204963061795349
1006728,msmarco_passage_08_291664990,1.7184150377489271
1006728,msmarco_passage_66_66485405,1.7112580021500587
1006728,msmarco_passage_02_499256362,1.7067470325881526
1006728,msmarco_passage_55_274913047,1.705161341714859
1006728,msmarco_passage_22_147691478,1.670064162664754
1006728,msmarco_passage_11_855149121,1.6684976657827697
1006728,msmarco_passage_09_388841887,1.6631757670771508
1006728,msmarco_passage_52_405966859,1.6559967964586757
1006728,msmarco_passage_17_588078572,1.654089889447462
1006728,msmarco_passage_05_364836294,1.5600598996278785
1006728,msmarco_passage_26_244647406,1.5394243650317194
1006728,msmarco_passage_06_436396330,1.5144843900772786
1006728,msmarco_passage_00_341395235,1.498530896432201
1006728,msmarco_passage_02_194038620,1.3901458324477785
1040198,msmarco_passage_21_73132792,3.251265447753668
1040198,msmarco_passage_18_855527748,2.902462548616744
1040198,msmarco_passage_21_72934589,2.752342421781734
1040198,msmarco_passage_19_125724558,2.691647774931067
1040198,msmarco_passage_19_489886196,2.4200868986065887
1040198,msmarco_passage_18_855178612,2.250506372826731
1040198,msmarco_passage_28_851468982,2.155778188292921
1040198,msmarco_passage_62_514650149,2.043117004105678
1040198,msmarco_passage_67_65385584,2.039111748112216
1040198,msmarco_passage_33_467171744,1.9785988850636929
1040198,msmarco_passage_56_572160546,1.9533369918943868
1040198,msmarco_passage_40_177206664,1.932493288235141
1040198,msmarco_passage_49_149590442,1.917526839218152
1040198,msmarco_passage_42_545514224,1.90505389678742
1040198,msmarco_passage_15_409962143,1.809692320552109
1040198,msmarco_passage_30_406653359,1.805817698245086
1040198,msmarco_passage_17_757418816,1.791745447458546
1040198,msmarco_passage_60_574959377,1.7856277631716058
1040198,msmarco_passage_22_556103881,1.7776130809232833
1040198,msmarco_passage_10_276645874,1.7480440840324163
1040198,msmarco_passage_62_545085931,1.7422201667462318
1040198,msmarco_passage_00_401241303,1.654295363395744
1040198,msmarco_passage_03_214408754,1.643548201922768
1040198,msmarco_passage_58_487253591,1.5972379519650228
1040198,msmarco_passage_58_4144455,1.5904172038047404
1040198,msmarco_passage_65_416302992,1.5379616226108497
1040198,msmarco_passage_00_638907269,1.4825757918708231
1040198,msmarco_passage_09_462981855,1.47986091805058
1040198,msmarco_passage_18_812055727,1.4689722801742164
1040198,msmarco_passage_54_370465365,1.4592164375633851
1040198,msmarco_passage_30_333271108,1.4385870466032034
1040198,msmarco_passage_45_255382087,1.436383790911727
1040198,msmarco_passage_52_364046568,1.4283314443277582
1040198,msmarco_passage_20_113907761,1.3759856367169168
1040198,msmarco_passage_39_667737250,1.3698726152813558
1040198,msmarco_passage_67_862052137,1.2983986496650568
1040198,msmarco_passage_52_102217389,1.2836885473139408
1040198,msmarco_passage_00_715279921,1.278578120905019
1040198,msmarco_passage_18_855005759,1.2742421415384848
1040198,msmarco_passage_16_264361861,1.2661594000272376
1040198,msmarco_passage_35_430595429,1.2604419871958037
1040198,msmarco_passage_16_95665947,1.248743482645497
1040198,msmarco_passage_06_99493473,1.2398173216241348
1040198,msmarco_passage_46_465432412,1.2088464908151544
1040198,msmarco_passage_62_34395877,1.2065314433116774
1040198,msmarco_passage_15_408035513,1.2041991570390895
1040198,msmarco_passage_18_437270263,1.1735978980035977
1040198,msmarco_passage_11_18503729,1.171418441660803
1040198,msmarco_passage_28_318199316,1.1617874385538065
1040198,msmarco_passage_63_146624801,1.1487811134302888
1040198,msmarco_passage_10_107325146,1.1297877611036031
1040198,msmarco_passage_32_841003200,1.1083023001067376
1040198,msmarco_passage_32_7355814,1.1048077525363855
1040198,msmarco_passage_05_669818285,1.0969963399454457
1040198,msmarco_passage_56_589855907,1.0953324454505078
1040198,msmarco_passage_52_101929280,1.0877206183694736
1040198,msmarco_passage_57_657618493,1.066745956527533
1040198,msmarco_passage_63_97389808,1.0622915630305905
1040198,msmarco_passage_10_64195837,1.0322921469435082
1040198,msmarco_passage_56_407863337,1.029348744962191
1040198,msmarco_passage_67_908209190,1.0095489743525456
1040198,msmarco_passage_15_686685683,0.9948688628546504
1040198,msmarco_passage_46_429324763,0.9466270503176116
1040198,msmarco_passage_41_836292810,0.9414983513109308
1040198,msmarco_passage_39_255786236,0.9318496255890172
1040198,msmarco_passage_59_718754704,0.8957919020190495
1040198,msmarco_passage_39_132815117,0.8871412466740903
1040198,msmarco_passage_22_601342393,0.871832772991265
1040198,msmarco_passage_18_323840140,0.8289996717241896
1040198,msmarco_passage_52_111928475,0.8149662539089394
1040198,msmarco_passage_26_596508380,0.7961043047992423
1040198,msmarco_passage_10_169243635,0.7864914965475853
1040198,msmarco_passage_52_551342835,0.7833935520613154
1040198,msmarco_passage_16_300200839,0.7727844334777434
1040198,msmarco_passage_52_783107488,0.7341186725889586
1040198,msmarco_passage_46_161851344,0.7335469159184854
1040198,msmarco_passage_32_7358111,0.6916427654058747
1040198,msmarco_passage_43_827474270,0.6827696846646178
1040198,msmarco_passage_44_113090637,0.6498832784895332
1040198,msmarco_passage_41_16080113,0.6142441998365216
1040198,msmarco_passage_59_704133983,0.5834950581613811
1040198,msmarco_passage_52_111927231,0.5072483809884797
1040198,msmarco_passage_36_161094094,0.4870454349045952
1040198,msmarco_passage_48_650686037,0.4757266735460337
1040198,msmarco_passage_27_652840517,0.4313569044351683
1040198,msmarco_passage_18_540221396,0.2641881583861843
1104300,msmarco_passage_04_229219126,2.838518370836973
1104300,msmarco_passage_13_403234311,2.761581300391376
1104300,msmarco_passage_39_832891254,2.5350360434830077
1104300,msmarco_passage_00_692365008,2.4494764264018927
1104300,msmarco_passage_09_610218932,2.440018077821521
1104300,msmarco_passage_02_555869908,2.4391609375450853
1104300,msmarco_passage_04_176516058,2.402211716395088
1104300,msmarco_passage_40_129206162,2.329486530295048
1104300,msmarco_passage_12_540375302,2.323771531507407
1104300,msmarco_passage_12_540376203,2.311335391055382
1104300,msmarco_passage_29_605016800,2.310934581950704
1104300,msmarco_passage_40_142748462,2.3082960845333163
1104300,msmarco_passage_41_661660789,2.302187648260087
1104300,msmarco_passage_38_289490307,2.266069929888077
1104300,msmarco_passage_41_625228576,2.2530800685173507
1104300,msmarco_passage_65_725400684,2.251596348298593
1104300,msmarco_passage_09_610194919,2.2498107696516056
1104300,msmarco_passage_57_226304837,2.2419878308737085
1104300,msmarco_passage_40_115347772,2.2365202368462493
1104300,msmarco_passage_39_514532327,2.227040637370064
1104300,msmarco_passage_29_589534850,2.2103730724917923
1104300,msmarco_passage_02_506774090,2.1914013383095634
1104300,msmarco_passage_09_610199455,2.189565727999077
1104300,msmarco_passage_39_808771055,2.172337134295211
1104300,msmarco_passage_22_456950510,2.1579366039564856
1104300,msmarco_passage_19_56101998,2.153828991186037
1104300,msmarco_passage_61_239219324,2.134508244936298
1104300,msmarco_passage_61_239218741,2.1214257157728094
1104300,msmarco_passage_29_587960871,2.119821609398145
1104300,msmarco_passage_04_549705104,2.0964532012503487
1104300,msmarco_passage_61_239219860,2.060937666854583
1104300,msmarco_passage_29_599036822,2.04965229236201
1104300,msmarco_passage_30_601723083,2.049347780931321
1104300,msmarco_passage_15_611630807,2.04695997438699
1104300,msmarco_passage_02_506556041,2.033161222536558
1104300,msmarco_passage_32_178533301,2.0315094871825363
1104300,msmarco_passage_29_589530830,2.024206062872215
1104300,msmarco_passage_13_412194312,2.0204469205923106
1104300,msmarco_passage_52_213444635,2.007449582824304
1104300,msmarco_passage_13_400772056,1.9996534933029249
1104300,msmarco_passage_09_610218486,1.9827314883916851
1104300,msmarco_passage_15_573385878,1.9812621033984672
1104300,msmarco_passage_40_142735209,1.962537200226122
1104300,msmarco_passage_04_42133534,1.95218918783605
1104300,msmarco_passage_43_558645816,1.9484588506752771
1104300,msmarco_passage_43_527780572,1.9444058251372005
1104300,msmarco_passage_29_609782749,1.939293382625888
1104300,msmarco_passage_32_95205948,1.9314808943070465
1104300,msmarco_passage_02_506773688,1.928584716707166
1104300,msmarco_passage_18_227923596,1.926367642786068
1104300,msmarco_passage_40_138634813,1.9259070676272736
1104300,msmarco_passage_64_463600069,1.923058533672454
1104300,msmarco_passage_37_792859431,1.91877675275613
1104300,msmarco_passage_60_146314666,1.9012301860564187
1104300,msmarco_passage_39_472501017,1.900730424702304
1104300,msmarco_passage_26_370083617,1.8937401664597375
1104300,msmarco_passage_29_589529027,1.8928964283751597
1104300,msmarco_passage_13_371135114,1.8808715490598569
1104300,msmarco_passage_18_227926314,1.8803607122556187
1104300,msmarco_passage_03_146090210,1.8771804387803317
1104300,msmarco_passage_37_77852196,1.8674668748210443
1104300,msmarco_passage_12_832096704,1.856057803701652
1104300,msmarco_passage_18_227912998,1.8360713723688904
1104300,msmarco_passage_29_589528444,1.835851495152493
1104300,msmarco_passage_55_856361516,1.8251199812828736
1104300,msmarco_passage_14_388709261,1.8246070209881424
1104300,msmarco_passage_01_160180776,1.8190931875917016
1104300,msmarco_passage_35_731101872,1.8084538871456084
1104300,msmarco_passage_03_147934224,1.8058346063901112
1104300,msmarco_passage_37_792820752,1.725124925629109
1104300,msmarco_passage_05_671063169,1.6996100327667174
1104300,msmarco_passage_37_77859890,1.6956813841089626
1104300,msmarco_passage_11_233110103,1.6889357182047815
1104300,msmarco_passage_13_373889262,1.6798616772022763
1104300,msmarco_passage_41_662038207,1.6393358625762589
1104300,msmarco_passage_29_188199365,1.4900561602800442
1104300,msmarco_passage_03_147938471,1.3778162623904164
1104300,msmarco_passage_31_573665262,1.075660261352857
1104447,msmarco_passage_23_292595528,3.265008287805319
1104447,msmarco_passage_64_118540069,3.0536953775716675
1104447,msmarco_passage_55_657553371,2.82933983728326
1104447,msmarco_passage_23_288556993,2.7219528480930077
1104447,msmarco_passage_35_174658196,2.682550446330409
1104447,msmarco_passage_30_651422467,2.676628627341992
1104447,msmarco_passage_31_577003900,2.615947652178687
1104447,msmarco_passage_12_233474783,2.5988603771760777
1104447,msmarco_passage_23_290887728,2.579485167578558
1104447,msmarco_passage_23_288607043,2.5726245350274715
1104447,msmarco_passage_30_741466243,2.555326663330845
1104447,msmarco_passage_04_127721315,2.519880445178135
1104447,msmarco_passage_23_802015408,2.496596818438993
1104447,msmarco_passage_04_209169682,2.4839651081875456
1104447,msmarco_passage_65_369944174,2.466890090664037
1104447,msmarco_passage_31_593523675,2.465228287950686
1104447,msmarco_passage_47_463747303,2.463521217282977
1104447,msmarco_passage_45_349456027,2.439698052672336
1104447,msmarco_passage_61_680933437,2.4275052236240726
1104447,msmarco_passage_17_510278683,2.424336318292017
1104447,msmarco_passage_30_791791284,2.4090914801908925
1104447,msmarco_passage_66_308163384,2.3982843433310204
1104447,msmarco_passage_22_471903366,2.3918156745796564
1104447,msmarco_passage_30_755252597,2.38648105739728
1104447,msmarco_passage_44_586545035,2.3758181432804903
1104447,msmarco_passage_30_796116110,2.3673021098790223
1104447,msmarco_passage_35_380262770,2.356275598714075
1104447,msmarco_passage_32_584547635,2.3560148613716985
1104447,msmarco_passage_10_561771439,2.355221705142872
1104447,msmarco_passage_03_460889820,2.351943046303996
1104447,msmarco_passage_32_540525539,2.3439708079982986
1104447,msmarco_passage_30_717686399,2.341849276008942
1104447,msmarco_passage_66_308174201,2.341220050643228
1104447,msmarco_passage_22_471901875,2.340958349462058
1104447,msmarco_passage_30_672589461,2.340173862956272
1104447,msmarco_passage_31_552512556,2.33119382767827
1104447,msmarco_passage_47_554626035,2.3307365253594483
1104447,msmarco_passage_25_691392825,2.328670593575332
1104447,msmarco_passage_31_593526794,2.3277451185110154
1104447,msmarco_passage_23_291141900,2.321625359235536
1104447,msmarco_passage_05_867319797,2.318593179652378
1104447,msmarco_passage_26_114498360,2.299323459834356
1104447,msmarco_passage_30_585741779,2.2964389227800246
1104447,msmarco_passage_03_529927689,2.295984386877929
1104447,msmarco_passage_12_226015228,2.295155598626731
1104447,msmarco_passage_30_580579463,2.2950947589617114
1104447,msmarco_passage_09_339822431,2.268571318556364
1104447,msmarco_passage_30_785024807,2.253522793208825
1104447,msmarco_passage_05_850711058,2.2529139655115964
1104447,msmarco_passage_30_720287144,2.229323222050557
1104447,msmarco_passage_30_780045514,2.2272481460051377
1104447,msmarco_passage_57_829974748,2.2189742536704165
1104447,msmarco_passage_60_247595378,2.2185217719188084
1104447,msmarco_passage_38_865032892,2.217436349806688
1104447,msmarco_passage_64_138475297,2.2166280645107723
1104447,msmarco_passage_31_608727495,2.2165478008069552
1104447,msmarco_passage_28_336830624,2.203011415071673
1104447,msmarco_passage_45_349455569,2.1970016273336666
1104447,msmarco_passage_15_182568779,2.1952696767410416
1104447,msmarco_passage_57_831267725,2.18769292780606
1104447,msmarco_passage_33_760815407,2.1589735737122155
1104447,msmarco_passage_04_199470139,2.157714736481364
1104447,msmarco_passage_11_674610516,2.1542604572316724
1104447,msmarco_passage_30_579628152,2.1194841115086587
1104447,msmarco_passage_10_404882267,2.113084035461974
1104447,msmarco_passage_04_154129214,2.098855258704502
1104447,msmarco_passage_36_444945944,2.0965717052847594
1104447,msmarco_passage_17_96047533,2.0952769468270804
1104447,msmarco_passage_53_329547683,2.091378912762514
1104447,msmarco_passage_30_705078065,2.0875147336132414
1104447,msmarco_passage_26_114495329,2.07630464041146
1104447,msmarco_passage_39_313195563,2.06108909358526
1104447,msmarco_passage_31_622569643,2.034639694082582
1104447,msmarco_passage_31_613282042,2.030064455543994
1104447,msmarco_passage_38_828354705,2.0245320631762644
1104447,msmarco_passage_30_296004957,2.001526243602913
1104447,msmarco_passage_03_294181101,1.992399217214187
1104447,msmarco_passage_23_602836538,1.9856392180788625
1104447,msmarco_passage_03_294181564,1.968325737386274
1104447,msmarco_passage_30_580103107,1.9410056757618597
1104447,msmarco_passage_12_265262699,1.938178052305704
1104447,msmarco_passage_04_152993504,1.9185703560064569
1104447,msmarco_passage_30_772483025,1.9003257536390163
1104447,msmarco_passage_65_582805089,1.8648970832513616
1104447,msmarco_passage_30_579598183,1.8636918876866977
1104447,msmarco_passage_04_191576262,1.8083429223498364
1104447,msmarco_passage_04_194929669,1.5225456650684488
1107704,msmarco_passage_06_847023736,2.812792965821973
1107704,msmarco_passage_01_204519962,2.7330194004345607
1107704,msmarco_passage_68_155495476,2.5507190535356408
1107704,msmarco_passage_53_63292867,2.539312328105387
1107704,msmarco_passage_22_36009561,2.492329716468885
1107704,msmarco_passage_06_847024080,2.465821854412761
1107704,msmarco_passage_51_47302845,2.364347303786732
1107704,msmarco_passage_06_847023229,2.251413292528931
1107704,msmarco_passage_47_582394948,2.241729512298108
1107704,msmarco_passage_44_689888732,2.235092558151572
1107704,msmarco_passage_51_46542865,2.230264689120117
1107704,msmarco_passage_00_862017707,2.2198634768469288
1107704,msmarco_passage_01_842750925,2.19432262871054
1107704,msmarco_passage_38_823706842,2.1828432220288585
1107704,msmarco_passage_06_59281931,2.169540049587809
1107704,msmarco_passage_30_687127974,2.1465763262965605
1107704,msmarco_passage_06_835423118,2.1360021417611827
1107704,msmarco_passage_06_221679446,2.117728765486937
1107704,msmarco_passage_29_185355146,2.1135764801262047
1107704,msmarco_passage_49_218790750,2.1071853535022447
1107704,msmarco_passage_51_18562686,2.086530258798374
1107704,msmarco_passage_06_221669119,2.073476067654292
1107704,msmarco_passage_45_772390856,2.0460490603167827
1107704,msmarco_passage_69_20130280,2.032215928052701
1107704,msmarco_passage_29_155322468,2.004016637266054
1107704,msmarco_passage_19_257239828,1.993039840610959
1107704,msmarco_passage_11_235772614,1.977419756883892
1107704,msmarco_passage_30_754131916,1.9636669667542863
1107704,msmarco_passage_06_221671867,1.962806195066118
1107704,msmarco_passage_44_689889125,1.9605187862337223
1107704,msmarco_passage_51_82796319,1.9289497335938592
1107704,msmarco_passage_08_862825781,1.920968518962766
1107704,msmarco_passage_19_159147852,1.9026139706224745
1107704,msmarco_passage_51_102946721,1.885344270988139
1107704,msmarco_passage_18_512922787,1.8780661883167933
1107704,msmarco_passage_18_766353021,1.877902765483036
1107704,msmarco_passage_51_86981357,1.8591798378022435
1107704,msmarco_passage_09_491359375,1.843925119430512
1107704,msmarco_passage_45_805410746,1.8293545993913376
1107704,msmarco_passage_68_189920779,1.827637316216986
1107704,msmarco_passage_40_205920852,1.8271816466184376
1107704,msmarco_passage_41_624792701,1.826304706271284
1107704,msmarco_passage_15_518831258,1.7955504994778504
1107704,msmarco_passage_18_766588368,1.7934660217095086
1107704,msmarco_passage_54_640975953,1.781968638484212
1107704,msmarco_passage_58_398470214,1.7689976886325771
1107704,msmarco_passage_10_211354419,1.7599461829961325
1107704,msmarco_passage_19_377220718,1.7591981688918836
1107704,msmarco_passage_40_184436647,1.7588284891991095
1107704,msmarco_passage_01_204342000,1.7564973963220325
1107704,msmarco_passage_22_14701779,1.7187260793105918
1107704,msmarco_passage_53_63291281,1.7083509017463192
1107704,msmarco_passage_50_185704489,1.702880503270495
1107704,msmarco_passage_04_198865203,1.6936610128309046
1107704,msmarco_passage_59_721317266,1.6934366292370755
1107704,msmarco_passage_49_209563422,1.656770434489509
1107704,msmarco_passage_43_108952456,1.642599757509298
1107704,msmarco_passage_18_766592446,1.6425197084490055
1107704,msmarco_passage_07_272492463,1.641904848100409
1107704,msmarco_passage_41_38410875,1.6391260993999313
1107704,msmarco_passage_01_370207387,1.6070114579915218
1107704,msmarco_passage_06_847024627,1.601383949996186
1107704,msmarco_passage_06_221677669,1.5806934622471458
1107704,msmarco_passage_32_194613804,1.5746046289437314
1107704,msmarco_passage_43_108950340,1.5699323330562889
1107704,msmarco_passage_30_169724599,1.549246845819445
1107704,msmarco_passage_09_317744879,1.5433003632894926
1107704,msmarco_passage_07_371020197,1.5424869230851943
1107704,msmarco_passage_04_142239997,1.5296536493504382
1107704,msmarco_passage_45_553545891,1.5221972232102368
1107704,msmarco_passage_20_596151716,1.4951049112330517
1107704,msmarco_passage_66_545244124,1.4936055382829485
1107704,msmarco_passage_08_416337685,1.476773230298781
1107704,msmarco_passage_04_171657857,1.475622563533409
1107704,msmarco_passage_27_679020380,1.4683501449943668
1107704,msmarco_passage_03_417514206,1.4577811034024055
1107704,msmarco_passage_04_171612499,1.4519373846510606
1107704,msmarco_passage_42_182235247,1.4170134796361225
1107704,msmarco_passage_06_238396857,1.4100143956153508
1107704,msmarco_passage_58_398461577,1.4093656985363887
1107704,msmarco_passage_08_587631271,1.3890654793370092
1107704,msmarco_passage_09_864645494,1.340466833764765
1107704,msmarco_passage_23_403589512,1.3377848410228983
1107704,msmarco_passage_31_499659697,1.3345726385702787
1107704,msmarco_passage_58_398454675,1.3016239145983175
1107704,msmarco_passage_51_66274640,1.1397121773938337
1107704,msmarco_passage_06_474490299,1.0360945685297935
1107704,msmarco_passage_47_612994286,0.936065427026872
1107821,msmarco_passage_40_167978653,3.0391809275001287
1107821,msmarco_passage_31_859330905,2.7681162004709243
1107821,msmarco_passage_20_544498564,2.7085755023772062
1107821,msmarco_passage_45_848744528,2.588281042142709
1107821,msmarco_passage_20_544494898,2.532723348889477
1107821,msmarco_passage_26_865036706,2.4866394538976926
1107821,msmarco_passage_65_235879265,2.474405412508321
1107821,msmarco_passage_40_167980252,2.4380488354021854
1107821,msmarco_passage_02_273729003,2.4099449778713966
1107821,msmarco_passage_20_544500170,2.3791489933595518
1107821,msmarco_passage_67_820258878,2.257011355442712
1107821,msmarco_passage_20_544495826,2.201249749049635
1107821,msmarco_passage_39_21614560,2.150467644924106
1107821,msmarco_passage_20_544493761,2.121632671276548
1107821,msmarco_passage_67_820252284,2.11944156977751
1107821,msmarco_passage_19_254216961,2.0921022300741887
1107821,msmarco_passage_13_612055334,2.088315914159472
1107821,msmarco_passage_40_167979346,1.9981765616467504
1107821,msmarco_passage_19_725582677,1.9897290531353515
1107821,msmarco_passage_20_544502347,1.951799199569948
1107821,msmarco_passage_41_428720018,1.9460509966787063
1107821,msmarco_passage_18_550590180,1.8834825599560232
1107821,msmarco_passage_61_448036976,1.8417786722018863
1107821,msmarco_passage_20_544530081,1.8286903296998047
1107821,msmarco_passage_20_544497086,1.800743324203563
1107821,msmarco_passage_11_291134486,1.798390007786498
1107821,msmarco_passage_21_511891094,1.7657233968275965
1107821,msmarco_passage_19_26714410,1.748601609747518
1107821,msmarco_passage_00_1841950,1.7401609413363717
1107821,msmarco_passage_52_53674650,1.7276525505586104
1107821,msmarco_passage_09_775228106,1.7108131136879776
1107821,msmarco_passage_30_286229076,1.6708768933081266
1107821,msmarco_passage_15_801329554,1.6655876943407637
1107821,msmarco_passage_67_820255716,1.6586688083036378
1107821,msmarco_passage_20_544909032,1.6529577988707658
1107821,msmarco_passage_52_53673876,1.6426310606193364
1107821,msmarco_passage_09_775228577,1.6330980272601954
1107821,msmarco_passage_17_539321502,1.6321018103635672
1107821,msmarco_passage_19_298591649,1.6223960864225118
1107821,msmarco_passage_65_506108671,1.6187677003295131
1107821,msmarco_passage_39_18553025,1.6117869868835717
1107821,msmarco_passage_20_417766454,1.5646830936282874
1107821,msmarco_passage_00_1844673,1.5539196957016534
1107821,msmarco_passage_36_323953668,1.549003587880008
1107821,msmarco_passage_20_544498036,1.546097334595702
1107821,msmarco_passage_22_293973489,1.5406427024140503
1107821,msmarco_passage_18_220232433,1.5317876149620973
1107821,msmarco_passage_65_278501224,1.5141242911504074
1107821,msmarco_passage_00_1841074,1.5139882398852798
1107821,msmarco_passage_21_511890678,1.5105299631342743
1107821,msmarco_passage_65_561197663,1.5089470649878185
1107821,msmarco_passage_20_747536433,1.4942963086419032
1107821,msmarco_passage_19_412258826,1.4497620966457958
1107821,msmarco_passage_59_393061618,1.4246833495119304
1107821,msmarco_passage_58_690549353,1.4138110215760542
1107821,msmarco_passage_65_486892545,1.375559973052776
1107821,msmarco_passage_55_813162420,1.3694737914524295
1107821,msmarco_passage_66_593413787,1.3637125551019655
1107821,msmarco_passage_52_101648909,1.3498683934410411
1107821,msmarco_passage_18_693300794,1.3449691481145944
1107821,msmarco_passage_30_822859988,1.3401926193606672
1107821,msmarco_passage_54_818772173,1.326266357375636
1107821,msmarco_passage_21_405127828,1.3251454161231264
1107821,msmarco_passage_66_591069937,1.3238144498659803
1107821,msmarco_passage_20_544528980,1.3007290802846354
1107821,msmarco_passage_19_406176885,1.294015496142615
1107821,msmarco_passage_20_142498946,1.284403181439277
1107821,msmarco_passage_19_743571751,1.2575761913632806
1107821,msmarco_passage_55_802156398,1.225640055336916
1107821,msmarco_passage_20_327717234,1.223209205593304
1107821,msmarco_passage_36_848553914,1.2033487748388991
1107821,msmarco_passage_06_842160917,1.1959659724771077
1107821,msmarco_passage_19_123032628,1.1683948452602733
1107821,msmarco_passage_07_333969596,1.1615131236644405
1107821,msmarco_passage_17_793582936,1.1401150443029224
1107821,msmarco_passage_20_256618485,1.137529680599769
1107821,msmarco_passage_15_400317724,1.0717966649683135
1107821,msmarco_passage_21_705366745,1.060565503676823
1107821,msmarco_passage_20_456110955,1.0526611196439375
1107821,msmarco_passage_44_244334515,1.0520326793313026
1107821,msmarco_passage_08_829514438,1.0502032660801304
1107821,msmarco_passage_25_720598122,1.0495683270197926
1107821,msmarco_passage_35_204548370,1.044113830264319
1107821,msmarco_passage_35_204474348,1.0292118716319405
1107821,msmarco_passage_18_605832690,1.0038377228474975
1107821,msmarco_passage_49_208980751,0.9759473449198588
1107821,msmarco_passage_59_399788045,0.8670065801636739
1107821,msmarco_passage_20_99061286,0.8258396469788117
1107821,msmarco_passage_59_392188261,0.82030531336331
1107821,msmarco_passage_55_622657259,0.8106634674717983
1107821,msmarco_passage_57_291147173,0.8067330946198468
1107821,msmarco_passage_13_483047477,0.7528654227833855
1107821,msmarco_passage_17_680326672,0.6996224588962667
1107821,msmarco_passage_18_61738325,0.6096098060803883
1107821,msmarco_passage_33_726169219,0.3288833537699372
1109840,msmarco_passage_66_809521360,3.0276183166642983
1109840,msmarco_passage_66_809521662,2.608783319949921
1109840,msmarco_passage_44_115337209,2.4236775640688197
1109840,msmarco_passage_44_115537575,2.3568930404190778
1109840,msmarco_passage_26_615703467,2.313551190203203
1109840,msmarco_passage_10_696727361,2.3062911671545896
1109840,msmarco_passage_56_152854308,2.258504768436361
1109840,msmarco_passage_50_828441468,2.236880822911807
1109840,msmarco_passage_65_153889578,2.194523517284206
1109840,msmarco_passage_49_124266603,2.190469022646974
1109840,msmarco_passage_68_847343233,2.1717116192645096
1109840,msmarco_passage_36_667854016,2.133613885264224
1109840,msmarco_passage_14_545088589,2.118236190567726
1109840,msmarco_passage_16_801355629,2.0766335763392165
1109840,msmarco_passage_56_340675876,2.071971445280466
1109840,msmarco_passage_42_614604480,2.05918497274656
1109840,msmarco_passage_54_864985268,2.0298556959545504
1109840,msmarco_passage_26_369115946,2.012966270214312
1109840,msmarco_passage_39_614137588,1.9906794566198127
1109840,msmarco_passage_27_156302563,1.9638530649429708
1109840,msmarco_passage_26_594738200,1.960889900087972
1109840,msmarco_passage_53_4236873,1.9524244307982588
1109840,msmarco_passage_49_121180127,1.9464614088840135
1109840,msmarco_passage_51_838466541,1.9419986049086524
1109840,msmarco_passage_03_810136312,1.9011370848567564
1109840,msmarco_passage_19_590801423,1.8906723449049896
1109840,msmarco_passage_48_489105177,1.8875128572784747
1109840,msmarco_passage_46_157376529,1.8484483189874872
1109840,msmarco_passage_39_614129787,1.8336795273174908
1109840,msmarco_passage_20_209009563,1.8265000006775776
1109840,msmarco_passage_50_453176684,1.8194850919635468
1109840,msmarco_passage_45_59669851,1.802836471665885
1109840,msmarco_passage_54_156735560,1.7729003033614656
1109840,msmarco_passage_56_344885622,1.750686428053995
1109840,msmarco_passage_60_866818379,1.7413106791071375
1109840,msmarco_passage_04_594228167,1.735897946518951
1109840,msmarco_passage_03_46438368,1.7326434114393603
1109840,msmarco_passage_45_335862880,1.724011693147021
1109840,msmarco_passage_55_484699237,1.710024711558718
1109840,msmarco_passage_51_867095133,1.6929137265512504
1109840,msmarco_passage_20_263290543,1.6704855680889596
1109840,msmarco_passage_14_544188653,1.6604182463244286
1109840,msmarco_passage_09_573361920,1.6552234809752802
1109840,msmarco_passage_26_615711873,1.6507393593966566
1109840,msmarco_passage_04_594226390,1.6246151017592687
1109840,msmarco_passage_00_793270130,1.599712062852343
1109840,msmarco_passage_36_460967009,1.5944019535009606
1109840,msmarco_passage_41_611811861,1.5593239564012904
1109840,msmarco_passage_02_11947026,1.5499992742061472
1109840,msmarco_passage_56_70940902,1.5376263963982448
1109840,msmarco_passage_19_809631093,1.5175795188616132
1109840,msmarco_passage_03_470907524,1.510351620767599
1109840,msmarco_passage_55_155234956,1.5064952966945062
1109840,msmarco_passage_56_344278322,1.500061808884674
1109840,msmarco_passage_64_558967925,1.4817496780292878
1109840,msmarco_passage_49_121178078,1.4793392272039934
1109840,msmarco_passage_42_546085691,1.4446741648468056
1109840,msmarco_passage_56_337065775,1.4404233222465876
1109840,msmarco_passage_41_650229976,1.4209605333511808
1109840,msmarco_passage_18_731033487,1.416953870833202
1109840,msmarco_passage_06_85564116,1.3983802805277037
1109840,msmarco_passage_03_53494342,1.3507030669063442
1109840,msmarco_passage_32_344604873,1.3174720791101917
1109840,msmarco_passage_16_326441382,1.30995034052897
1109840,msmarco_passage_14_748145387,1.2943847112909987
1109840,msmarco_passage_61_141591050,1.1867778169131362
1109840,msmarco_passage_44_713547071,1.1788366089223077
1109840,msmarco_passage_26_508213799,1.1751749797572202
1109840,msmarco_passage_57_799615970,1.1732532970086074
1109840,msmarco_passage_57_743319540,1.129820623548427
1109840,msmarco_passage_61_841448037,1.0759182309403654
1109840,msmarco_passage_46_763973292,1.075875125875022
1109840,msmarco_passage_23_446431342,1.0682091735479575
1109840,msmarco_passage_40_747440012,0.9339780295221954
1109840,msmarco_passage_51_40362320,0.9193830416379668
1109840,msmarco_passage_40_151401853,0.9106487986465422
1109840,msmarco_passage_01_521559528,0.8776951959170671
1109840,msmarco_passage_54_803185613,0.8772272667735815
1109840,msmarco_passage_00_673699499,0.8753816612993109
1109840,msmarco_passage_48_549535384,0.8651722937844235
1109840,msmarco_passage_03_749933593,0.8550664579102267
1109840,msmarco_passage_11_478958973,0.8347778931339709
1109840,msmarco_passage_26_609419802,0.8324581525507769
1109840,msmarco_passage_40_224414572,0.8119245782639826
1109840,msmarco_passage_66_72894811,0.7956727527141523
1109840,msmarco_passage_00_279880596,0.7703471249724381
1109840,msmarco_passage_00_19722921,0.6440764749015278
1109840,msmarco_passage_43_351182658,0.5356579040303605
1110996,msmarco_passage_30_604452674,2.9741774043262006
1110996,msmarco_passage_01_139310248,2.7781931554845496
1110996,msmarco_passage_11_677770223,2.491477786076538
1110996,msmarco_passage_15_425718829,2.471679467956881
1110996,msmarco_passage_00_649131098,2.457851342456416
1110996,msmarco_passage_00_560151626,2.4189538826092334
1110996,msmarco_passage_04_564118648,2.4139144098569645
1110996,msmarco_passage_18_804877541,2.385654001217512
1110996,msmarco_passage_26_73011492,2.3818079846938525
1110996,msmarco_passage_26_73007633,2.374228377778868
1110996,msmarco_passage_23_622305877,2.36397727957624
1110996,msmarco_passage_44_589985172,2.358676260470516
1110996,msmarco_passage_28_559196041,2.3583056063117995
1110996,msmarco_passage_00_612808760,2.332466760665732
1110996,msmarco_passage_12_538543645,2.3275661727022223
1110996,msmarco_passage_00_560159972,2.316080481796183
1110996,msmarco_passage_56_729113403,2.306578698468132
1110996,msmarco_passage_02_158591850,2.3018696533683105
1110996,msmarco_passage_32_260062509,2.296603286504537
1110996,msmarco_passage_04_763251714,2.2957331188628403
1110996,msmarco_passage_02_566603201,2.293123699662235
1110996,msmarco_passage_30_689815006,2.26868427348614
1110996,msmarco_passage_46_425523451,2.252579283562978
1110996,msmarco_passage_18_289820540,2.249659923456232
1110996,msmarco_passage_45_567061541,2.2437776662082767
1110996,msmarco_passage_11_441177389,2.2227612227932583
1110996,msmarco_passage_06_276580941,2.2095369606291477
1110996,msmarco_passage_60_225330799,2.2070938124200987
1110996,msmarco_passage_45_567060611,2.1875643669559195
1110996,msmarco_passage_30_708194607,2.166443483209646
1110996,msmarco_passage_26_73003119,2.140854204595866
1110996,msmarco_passage_26_72998139,2.1402621951299827
1110996,msmarco_passage_00_560160811,2.136501563712906
1110996,msmarco_passage_29_608157610,2.1291305912711254
1110996,msmarco_passage_04_63803325,2.099730981286672
1110996,msmarco_passage_30_737572032,2.095643178072691
1110996,msmarco_passage_21_352548529,2.083432069823413
1110996,msmarco_passage_45_566862897,2.076568857142709
1110996,msmarco_passage_60_202277207,2.0683847070272168
1110996,msmarco_passage_30_747856735,2.056910622238471
1110996,msmarco_passage_30_628146864,2.04545360413968
1110996,msmarco_passage_02_173964114,2.0061030119284005
1110996,msmarco_passage_18_289655031,1.9935791788852368
1110996,msmarco_passage_00_560156240,1.9890255099117464
1110996,msmarco_passage_30_767801567,1.973806926381151
1110996,msmarco_passage_26_73013217,1.971421758228948
1110996,msmarco_passage_05_702894585,1.9686711074792047
1110996,msmarco_passage_37_713635908,1.9608249857833728
1110996,msmarco_passage_26_73000197,1.953767406220116
1110996,msmarco_passage_26_73012774,1.9429906645840005
1110996,msmarco_passage_04_173184420,1.938286524079512
1110996,msmarco_passage_21_97536492,1.9283016636591075
1110996,msmarco_passage_26_72999048,1.9205317450507768
1110996,msmarco_passage_02_221754029,1.916870157752471
1110996,msmarco_passage_06_7315083,1.9073735186492728
1110996,msmarco_passage_26_72998590,1.9051625892042277
1110996,msmarco_passage_21_93072907,1.903894054637565
1110996,msmarco_passage_00_560158369,1.892206294535346
1110996,msmarco_passage_30_686565283,1.8841124410472831
1110996,msmarco_passage_21_352558963,1.8766199721247128
1110996,msmarco_passage_21_93074467,1.8674925139636065
1110996,msmarco_passage_21_352555901,1.8674133634985317
1110996,msmarco_passage_26_73013646,1.858813350185815
1110996,msmarco_passage_60_225328704,1.818464389222822
1110996,msmarco_passage_22_206639311,1.813691509533559
1110996,msmarco_passage_30_709001416,1.769037318843603
1110996,msmarco_passage_60_225336089,1.7501835278608524
1110996,msmarco_passage_26_73011982,1.7034500732577933
1110996,msmarco_passage_26_73005638,1.6675794147006904
1110996,msmarco_passage_26_73010684,1.666125218103505
1110996,msmarco_passage_32_260073123,1.6551071552765144
1110996,msmarco_passage_30_698152607,1.58796495493046
1110996,msmarco_passage_26_73005179,1.5757077794933425
1110996,msmarco_passage_26_73001488,1.4965636304682657
1110996,msmarco_passage_21_93082371,1.4812717803215951
1110996,msmarco_passage_30_754913887,1.4315620410192582
1110996,msmarco_passage_15_729791428,1.1980051130521887
1111577,msmarco_passage_57_75277978,2.907909001117945
1111577,msmarco_passage_45_771413389,2.473357860231476
1111577,msmarco_passage_30_131171717,2.432074569947852
1111577,msmarco_passage_47_543222397,2.4282983872715107
1111577,msmarco_passage_30_131172954,2.311238852502637
1111577,msmarco_passage_05_563782946,2.224053815061084
1111577,msmarco_passage_29_617232841,2.2042066851180397
1111577,msmarco_passage_05_563789830,2.182190788870795
1111577,msmarco_passage_22_234860495,2.173999928967744
1111577,msmarco_passage_53_783821943,2.1354036208407883
1111577,msmarco_passage_51_67737018,2.096214984653328
1111577,msmarco_passage_25_376872968,2.04136763076658
1111577,msmarco_passage_30_131174111,2.037535249114026
1111577,msmarco_passage_30_131168603,1.9753779985650404
1111577,msmarco_passage_29_617233848,1.969490583780712
1111577,msmarco_passage_22_88487252,1.9646543127939284
1111577,msmarco_passage_63_102153304,1.942162696594673
1111577,msmarco_passage_06_302242293,1.94151532906116
1111577,msmarco_passage_18_81156413,1.9407409232182056
1111577,msmarco_passage_61_839109552,1.915694094039132
1111577,msmarco_passage_04_181795147,1.887004128733948
1111577,msmarco_passage_30_169971847,1.87871259493012
1111577,msmarco_passage_01_692921249,1.873827755086448
1111577,msmarco_passage_26_809267999,1.867775499029352
1111577,msmarco_passage_25_263869503,1.8575451333960609
1111577,msmarco_passage_25_376870905,1.853130961313458
1111577,msmarco_passage_30_131200137,1.8516892332428965
1111577,msmarco_passage_06_302244060,1.8493941458244023
1111577,msmarco_passage_57_717166832,1.8157574459329344
1111577,msmarco_passage_50_831341103,1.7965540560640525
1111577,msmarco_passage_18_81156006,1.7962950542204994
1111577,msmarco_passage_04_181794401,1.787170868231207
1111577,msmarco_passage_57_75278708,1.7542335042876618
1111577,msmarco_passage_30_169975126,1.740339254476605
1111577,msmarco_passage_07_652797087,1.7240830888879255
1111577,msmarco_passage_43_384382367,1.716844299668495
1111577,msmarco_passage_22_88488594,1.707787480727005
1111577,msmarco_passage_43_384380584,1.698915114312751
1111577,msmarco_passage_32_334555566,1.6963740367699809
1111577,msmarco_passage_30_131174746,1.6871761962559024
1111577,msmarco_passage_30_131180116,1.6693638559288555
1111577,msmarco_passage_52_224642532,1.6521817407287842
1111577,msmarco_passage_57_75279844,1.6475273272324964
1111577,msmarco_passage_11_63410930,1.6444676583941893
1111577,msmarco_passage_25_376871425,1.5721359861579618
1111577,msmarco_passage_43_325712566,1.5702427061365054
1111577,msmarco_passage_22_270154705,1.542972846578755
1111577,msmarco_passage_39_565124980,1.5347706094021696
1111577,msmarco_passage_30_131170422,1.5250196276288088
1111577,msmarco_passage_22_88488160,1.4878251094232524
1111577,msmarco_passage_25_376869589,1.4653961082761036
1111577,msmarco_passage_43_325713868,1.459713040666735
1111577,msmarco_passage_12_181442295,1.421619777034156
1111577,msmarco_passage_61_841924017,1.3839937192263738
1111577,msmarco_passage_01_692927939,1.3444191334402265
1111577,msmarco_passage_30_131204210,1.2888965311317568
1111577,msmarco_passage_43_384377245,1.2663586614005604
1111577,msmarco_passage_30_377644554,1.247660537247859
1111577,msmarco_passage_01_692924533,1.1763070887937337
1111577,msmarco_passage_25_390044986,1.1563757620261774
1111577,msmarco_passage_27_580262349,1.141256064861178
1111577,msmarco_passage_29_779983746,1.136100390910826
1111577,msmarco_passage_21_280239558,1.106100824502335
1111577,msmarco_passage_31_647302268,1.0923222043640686
1111577,msmarco_passage_01_692926610,1.039779048197044
1111577,msmarco_passage_43_384379307,1.0390813904331462
1111577,msmarco_passage_39_236443481,1.0222452580359491
1111577,msmarco_passage_43_325717960,0.9841497068332876
1111577,msmarco_passage_57_75279404,0.9617706583809232
1111577,msmarco_passage_64_360154975,0.9554074889612812
1111577,msmarco_passage_23_415753245,0.9203824374941918
1111577,msmarco_passage_57_832077565,0.9040705150087098
1111577,msmarco_passage_32_607924405,0.9033431261966626
1111577,msmarco_passage_25_382189592,0.892405893334849
1111577,msmarco_passage_23_612384518,0.8837964019997417
1111577,msmarco_passage_10_308296547,0.7901802593434748
1111577,msmarco_passage_66_291683321,0.7451986503566661
1111577,msmarco_passage_57_407051391,0.7381117042457419
1111577,msmarco_passage_25_68978907,0.7057168635338258
1111577,msmarco_passage_08_619077655,0.63610465153242
1111577,msmarco_passage_61_523002615,0.5149255306761181
1111577,msmarco_passage_20_702121434,0.4639321639081526
1111577,msmarco_passage_17_850720417,0.2985335013986311
1113361,msmarco_passage_28_207314361,3.3128575991630558
1113361,msmarco_passage_16_95653147,3.172386603286097
1113361,msmarco_passage_64_194926716,3.061346949286598
1113361,msmarco_passage_26_565836663,2.818587058655425
1113361,msmarco_passage_64_194927232,2.756388000288193
1113361,msmarco_passage_33_122466742,2.723067101171429
1113361,msmarco_passage_01_791701828,2.6531807191980645
1113361,msmarco_passage_15_407171828,2.5851597654601943
1113361,msmarco_passage_31_544615024,2.5804359772648717
1113361,msmarco_passage_61_672284759,2.5538582761785142
1113361,msmarco_passage_64_194926047,2.5224005806709897
1113361,msmarco_passage_52_103224724,2.4831513412480724
1113361,msmarco_passage_09_618972452,2.475651330570632
1113361,msmarco_passage_31_544622952,2.4156884762183624
1113361,msmarco_passage_15_407177357,2.407450492404962
1113361,msmarco_passage_26_565474089,2.3665339721719247
1113361,msmarco_passage_14_109598586,2.362733490861449
1113361,msmarco_passage_01_758492175,2.3459500611979927
1113361,msmarco_passage_26_565835758,2.3250613402240163
1113361,msmarco_passage_64_194927745,2.319044539207425
1113361,msmarco_passage_20_487344176,2.305314426816331
1113361,msmarco_passage_20_487346340,2.301271202425184
1113361,msmarco_passage_30_685763627,2.294511859928278
1113361,msmarco_passage_01_758491694,2.290417641263153
1113361,msmarco_passage_26_560258345,2.2903528955056878
1113361,msmarco_passage_33_122464325,2.2894082355288337
1113361,msmarco_passage_41_660382296,2.273782105963737
1113361,msmarco_passage_30_616567402,2.225414843176728
1113361,msmarco_passage_28_207312509,2.1942107094703807
1113361,msmarco_passage_01_758488957,2.175158237559765
1113361,msmarco_passage_28_209125286,2.147198647434754
1113361,msmarco_passage_04_138802342,2.144393622635027
1113361,msmarco_passage_33_122466298,2.138229744515942
1113361,msmarco_passage_28_209116004,2.105270614374446
1113361,msmarco_passage_01_758493634,2.088861150190481
1113361,msmarco_passage_30_743439859,2.0801511676621134
1113361,msmarco_passage_33_562932088,2.068572563300479
1113361,msmarco_passage_28_207314765,2.0189483986282
1113361,msmarco_passage_33_122464696,2.0059120905001526
1113361,msmarco_passage_26_565472697,2.004241572446328
1113361,msmarco_passage_26_565835279,2.0021995041442997
1113361,msmarco_passage_01_758487571,1.988088704601138
1113361,msmarco_passage_10_696317784,1.9742811937826457
1113361,msmarco_passage_26_616291499,1.9484297071007364
1113361,msmarco_passage_01_758488187,1.9463685272198776
1113361,msmarco_passage_64_194929757,1.9372263249915704
1113361,msmarco_passage_53_831527146,1.926966279306475
1113361,msmarco_passage_30_616568296,1.924731098038675
1113361,msmarco_passage_52_91295008,1.8967335427338352
1113361,msmarco_passage_52_91309931,1.8819212945612755
1113361,msmarco_passage_28_207313787,1.8677634504276412
1113361,msmarco_passage_33_122469933,1.862619511321119
1113361,msmarco_passage_61_672279935,1.841715226964839
1113361,msmarco_passage_26_565478691,1.82075614775422
1113361,msmarco_passage_26_565838400,1.807693057722635
1113361,msmarco_passage_15_407175011,1.7995338458172767
1113361,msmarco_passage_28_208514503,1.7847942027908683
1113361,msmarco_passage_52_91348025,1.779922447212244
1113361,msmarco_passage_26_614475492,1.770152416897647
1113361,msmarco_passage_21_747133973,1.75857201207532
1113361,msmarco_passage_40_167197823,1.6794790403975328
1113361,msmarco_passage_40_171692202,1.6409687421790062
1113361,msmarco_passage_64_187159682,1.611481459968077
1113361,msmarco_passage_28_207962905,1.6016410979856763
1113361,msmarco_passage_31_544619528,1.5974295359055477
1113361,msmarco_passage_01_758490364,1.587949025962699
1113361,msmarco_passage_07_416097865,1.5745106581392994
1113361,msmarco_passage_15_407175499,1.5638120401557007
1113361,msmarco_passage_20_487344553,1.535642331468293
1113361,msmarco_passage_16_95373582,1.507488494534167
1113361,msmarco_passage_56_425120813,1.490840896353992
1113361,msmarco_passage_30_609147630,1.48577349868513
1113361,msmarco_passage_56_290820068,1.3774531022320753
1113361,msmarco_passage_35_87677392,1.3767085639932082
1113361,msmarco_passage_33_145096896,1.3716246619541002
1113361,msmarco_passage_54_63630781,1.31056743426205
1113361,msmarco_passage_12_536053659,1.2491796587198971
1113361,msmarco_passage_20_459015971,1.188053090886328
1113361,msmarco_passage_02_24689534,1.0363579621812211
1113361,msmarco_passage_35_627601590,0.9230652745910808
1113361,msmarco_passage_05_779929474,0.8636497163649968
1113361,msmarco_passage_28_281094502,0.8000082125049615
1113361,msmarco_passage_58_749266660,0.65766072981955
1113361,msmarco_passage_59_864311636,0.6347742360067561
1113361,msmarco_passage_59_864312871,0.5931105426960981
1113361,msmarco_passage_25_149303335,0.5447355590635277
1117243,msmarco_passage_24_223390352,2.98060813665092
1117243,msmarco_passage_13_8344014,2.7503425817632072
1117243,msmarco_passage_67_383701492,2.489759344873268
1117243,msmarco_passage_13_8342907,2.479739418671691
1117243,msmarco_passage_23_342669409,2.432060945369829
1117243,msmarco_passage_33_176439880,2.42289947538822
1117243,msmarco_passage_37_509408647,2.3946415530216507
1117243,msmarco_passage_67_788091872,2.3486131040446243
1117243,msmarco_passage_29_287281174,2.341840923304516
1117243,msmarco_passage_10_821867114,2.341092821784524
1117243,msmarco_passage_10_881791455,2.2960497308573875
1117243,msmarco_passage_45_826819142,2.287182574223554
1117243,msmarco_passage_57_496862955,2.2807445715264385
1117243,msmarco_passage_28_472543822,2.2717247181187945
1117243,msmarco_passage_10_821023015,2.26485006751446
1117243,msmarco_passage_23_342799373,2.2251747601896583
1117243,msmarco_passage_22_653310155,2.19441964207919
1117243,msmarco_passage_02_363957758,2.185419163545286
1117243,msmarco_passage_13_8345348,2.1663043689197496
1117243,msmarco_passage_06_326098268,2.151562245748324
1117243,msmarco_passage_23_342849392,2.122087575592296
1117243,msmarco_passage_23_342470210,2.117020861673669
1117243,msmarco_passage_35_141392194,2.1167121795799884
1117243,msmarco_passage_13_79861544,2.110572224771105
1117243,msmarco_passage_23_342468354,2.098199808464343
1117243,msmarco_passage_36_661573305,2.0930780105608484
1117243,msmarco_passage_58_805469003,2.0735228168926856
1117243,msmarco_passage_23_342471482,2.07160153387864
1117243,msmarco_passage_23_342471840,2.067607884480277
1117243,msmarco_passage_08_326151255,2.05071184329516
1117243,msmarco_passage_48_773190700,2.04722603926496
1117243,msmarco_passage_36_661568514,2.025466804147348
1117243,msmarco_passage_17_227185278,1.9941264139733237
1117243,msmarco_passage_66_718947514,1.994095013121299
1117243,msmarco_passage_23_342670237,1.9923503513548808
1117243,msmarco_passage_15_826169229,1.9893674594370243
1117243,msmarco_passage_48_773185812,1.9834206557104228
1117243,msmarco_passage_64_559029609,1.983243094214652
1117243,msmarco_passage_23_342794604,1.970040863703543
1117243,msmarco_passage_40_473640047,1.949155971503304
1117243,msmarco_passage_39_175447999,1.9468968986269908
1117243,msmarco_passage_01_660893994,1.9175722250762623
1117243,msmarco_passage_29_529807026,1.915005549284148
1117243,msmarco_passage_12_206387565,1.91496188975848
1117243,msmarco_passage_35_141391298,1.9136574439510616
1117243,msmarco_passage_57_330465943,1.909343980787907
1117243,msmarco_passage_24_247375910,1.8958375137780723
1117243,msmarco_passage_36_733647130,1.8763578839907056
1117243,msmarco_passage_36_665505933,1.8630321030697516
1117243,msmarco_passage_33_48211830,1.8583772483720185
1117243,msmarco_passage_24_46762192,1.84680597403857
1117243,msmarco_passage_48_673868172,1.832100994262814
1117243,msmarco_passage_23_342496390,1.8237332084032407
1117243,msmarco_passage_68_528645509,1.780329658193628
1117243,msmarco_passage_04_87699688,1.7730664380890002
1117243,msmarco_passage_35_141392634,1.7726063207102218
1117243,msmarco_passage_54_779601632,1.7712091427150756
1117243,msmarco_passage_23_342695830,1.7507333515513712
1117243,msmarco_passage_26_230299387,1.7412179883542351
1117243,msmarco_passage_08_706421280,1.7180992517036189
1117243,msmarco_passage_24_174684133,1.714108328414672
1117243,msmarco_passage_36_414359973,1.6843819032058611
1117243,msmarco_passage_29_717411626,1.6337920311814451
1117243,msmarco_passage_58_580389995,1.6187989891278114
1117243,msmarco_passage_52_858618109,1.6060298084257756
1117243,msmarco_passage_23_342679632,1.6059619149225033
1117243,msmarco_passage_10_802896446,1.594314868359921
1117243,msmarco_passage_46_337569882,1.5905180248054496
1117243,msmarco_passage_23_342529034,1.5693042849010428
1117243,msmarco_passage_58_580383830,1.567191453099367
1117243,msmarco_passage_23_342688717,1.5506176014916648
1117243,msmarco_passage_23_342678692,1.5453099504613736
1117243,msmarco_passage_39_62811092,1.5362113262169543
1117243,msmarco_passage_36_735435020,1.4455889524234606
1117243,msmarco_passage_23_342646464,1.392415447087461
1117243,msmarco_passage_37_275100900,1.3652324320073888
1117243,msmarco_passage_13_165936339,1.3292799846947194
1117243,msmarco_passage_23_342789665,1.3142863607115216
1117243,msmarco_passage_36_735436581,1.2921754954396054
1117243,msmarco_passage_50_717401943,1.2413307170314514
1117243,msmarco_passage_33_529827352,1.0250176939314164
1117243,msmarco_passage_09_243550733,0.9263036248505812
1117243,msmarco_passage_05_768574362,0.8317344953511745
1118716,msmarco_passage_07_847844617,2.814177444469929
1118716,msmarco_passage_15_95579322,2.6220167410677417
1118716,msmarco_passage_19_863328013,2.395489192847822
1118716,msmarco_passage_43_530797423,2.3155177989011757
1118716,msmarco_passage_22_54726837,2.31016474399336
1118716,msmarco_passage_19_863525564,2.275807480813352
1118716,msmarco_passage_22_54723452,2.265778588652131
1118716,msmarco_passage_20_738724479,2.1880756554356706
1118716,msmarco_passage_40_164637888,2.1331261005689583
1118716,msmarco_passage_22_330351173,2.0951690345420007
1118716,msmarco_passage_49_463390739,2.0947995071810324
1118716,msmarco_passage_36_221397133,2.094509225217524
1118716,msmarco_passage_61_664046466,2.060736381239247
1118716,msmarco_passage_05_508078172,2.016730937836613
1118716,msmarco_passage_59_818022467,2.0086716736453702
1118716,msmarco_passage_03_661800358,1.9943193451616497
1118716,msmarco_passage_30_732666366,1.991495666161488
1118716,msmarco_passage_22_54725230,1.9901214319008065
1118716,msmarco_passage_03_556679932,1.975904045077736
1118716,msmarco_passage_03_149556207,1.9742772418793133
1118716,msmarco_passage_26_209670105,1.9619268790674165
1118716,msmarco_passage_16_74576390,1.9212061526316335
1118716,msmarco_passage_61_659615765,1.9159968416618665
1118716,msmarco_passage_32_174709857,1.90892610030462
1118716,msmarco_passage_15_615915709,1.9004939923470503
1118716,msmarco_passage_00_762417723,1.8902156818494944
1118716,msmarco_passage_60_822061409,1.8861887650654463
1118716,msmarco_passage_12_574162595,1.8706989464653403
1118716,msmarco_passage_20_738721519,1.8671348972180335
1118716,msmarco_passage_01_68694164,1.8596597924625735
1118716,msmarco_passage_29_772374112,1.839022356238128
1118716,msmarco_passage_47_388857500,1.8380754128019472
1118716,msmarco_passage_04_220813603,1.8246606865486423
1118716,msmarco_passage_29_182233355,1.8182730688354063
1118716,msmarco_passage_38_798317563,1.8105750534742844
1118716,msmarco_passage_04_220812136,1.810363518121576
1118716,msmarco_passage_42_585420200,1.7944611832893669
1118716,msmarco_passage_29_772380471,1.7940535283224566
1118716,msmarco_passage_31_543809280,1.787361478694874
1118716,msmarco_passage_09_521636726,1.763041462254867
1118716,msmarco_passage_22_54727375,1.7528145504509125
1118716,msmarco_passage_33_147856716,1.7436029055365432
1118716,msmarco_passage_65_248383304,1.729510397809995
1118716,msmarco_passage_32_17191686,1.7267478124718556
1118716,msmarco_passage_40_176570076,1.7261101511907762
1118716,msmarco_passage_40_188639408,1.7003793316221558
1118716,msmarco_passage_14_133967739,1.697924001297172
1118716,msmarco_passage_15_602202376,1.6977403803832345
1118716,msmarco_passage_42_583298879,1.6951910190057708
1118716,msmarco_passage_58_243687274,1.6913315197324843
1118716,msmarco_passage_13_70612212,1.6815494798459656
1118716,msmarco_passage_47_740154542,1.678314151013423
1118716,msmarco_passage_01_235970154,1.6754468626961283
1118716,msmarco_passage_41_19707376,1.6644643707931728
1118716,msmarco_passage_09_720942072,1.661027074431688
1118716,msmarco_passage_04_220812580,1.6604808518987506
1118716,msmarco_passage_38_798315742,1.6415122459899876
1118716,msmarco_passage_01_194505620,1.640286427645905
1118716,msmarco_passage_47_800487015,1.6191229975780763
1118716,msmarco_passage_38_785417504,1.6147992157885855
1118716,msmarco_passage_35_218674391,1.6033118292507198
1118716,msmarco_passage_58_597778697,1.5972116109837629
1118716,msmarco_passage_01_713494295,1.5676318797561744
1118716,msmarco_passage_01_779628357,1.55399997059857
1118716,msmarco_passage_19_455979455,1.546869249364825
1118716,msmarco_passage_38_591082748,1.541331132282722
1118716,msmarco_passage_32_17192503,1.5275446055363306
1118716,msmarco_passage_42_584328208,1.5091161517573726
1118716,msmarco_passage_22_329063318,1.49499772775558
1118716,msmarco_passage_01_595927593,1.4879089382658517
1118716,msmarco_passage_41_19708169,1.4630265705160026
1118716,msmarco_passage_20_295857570,1.4475216609026165
1118716,msmarco_passage_14_832777339,1.4473626573647576
1118716,msmarco_passage_26_96022271,1.443709857036476
1118716,msmarco_passage_08_587601098,1.4401697425234592
1118716,msmarco_passage_32_17194545,1.4355921937747134
1118716,msmarco_passage_08_259871272,1.4330974549229003
1118716,msmarco_passage_66_811824222,1.429910364532916
1118716,msmarco_passage_03_661792720,1.4296080951800063
1118716,msmarco_passage_00_298149980,1.4195189039127922
1118716,msmarco_passage_01_355684857,1.418536244197915
1118716,msmarco_passage_21_282985793,1.393315364334193
1118716,msmarco_passage_19_863371216,1.3780550338703326
1118716,msmarco_passage_26_209668839,1.3576069366150203
1118716,msmarco_passage_38_811561620,1.3454622805646668
1118716,msmarco_passage_47_849602459,1.3214638929726747
1118716,msmarco_passage_41_25981837,1.275742971312543
1118716,msmarco_passage_19_863371659,1.216199179283024
1118716,msmarco_passage_38_593126138,1.1816646198502787
1118716,msmarco_passage_21_278781131,1.1525715610064082
1118716,msmarco_passage_10_268048998,1.061699447998256
1118716,msmarco_passage_58_700962985,1.0506710570807545
1118716,msmarco_passage_58_670645184,1.0129472198165357
1118716,msmarco_passage_58_670645932,0.9761302942504486
1118716,msmarco_passage_50_676747402,0.8109643183663715
1121909,msmarco_passage_02_729699920,3.1365987442195418
1121909,msmarco_passage_68_306305974,2.950801865968097
1121909,msmarco_passage_32_618725185,2.5989362099288105
1121909,msmarco_passage_68_264235915,2.5461553766738776
1121909,msmarco_passage_29_317614290,2.5393002973750622
1121909,msmarco_passage_32_545015896,2.501029338962223
1121909,msmarco_passage_53_847881865,2.4750186878379044
1121909,msmarco_passage_04_202970031,2.410271339095188
1121909,msmarco_passage_26_217868073,2.40739297073803
1121909,msmarco_passage_21_588006708,2.355760901786933
1121909,msmarco_passage_01_808246541,2.304305051030872
1121909,msmarco_passage_04_152537639,2.286771959809756
1121909,msmarco_passage_04_124498028,2.282491511581921
1121909,msmarco_passage_21_570995647,2.279423673625207
1121909,msmarco_passage_04_202975092,2.2620804312452627
1121909,msmarco_passage_33_846509333,2.257013710716712
1121909,msmarco_passage_53_829222290,2.242637931074165
1121909,msmarco_passage_21_739458789,2.236351634716431
1121909,msmarco_passage_40_59700559,2.2302807069127524
1121909,msmarco_passage_33_563534582,2.2132250273737784
1121909,msmarco_passage_68_264234447,2.211764213937311
1121909,msmarco_passage_32_169326239,2.1734271159036798
1121909,msmarco_passage_32_169170375,2.173060563884232
1121909,msmarco_passage_32_169326532,2.1571250374175155
1121909,msmarco_passage_03_170839675,2.1502730022256067
1121909,msmarco_passage_01_808247906,2.141493415248707
1121909,msmarco_passage_68_306306376,2.1392570166906064
1121909,msmarco_passage_18_205805352,2.129325492947764
1121909,msmarco_passage_11_44497847,2.114940707892698
1121909,msmarco_passage_24_419077459,2.0982070346390485
1121909,msmarco_passage_04_215971725,2.092097692339579
1121909,msmarco_passage_04_202974575,2.089119052327804
1121909,msmarco_passage_68_51863102,2.083466144806097
1121909,msmarco_passage_01_808252200,2.06673625954406
1121909,msmarco_passage_04_85633051,2.065820297750196
1121909,msmarco_passage_14_140230473,2.0551825914017146
1121909,msmarco_passage_22_471648774,2.046267584810887
1121909,msmarco_passage_55_599750856,2.0352209715346383
1121909,msmarco_passage_52_577481321,2.031878077530697
1121909,msmarco_passage_11_44498723,2.015476078909757
1121909,msmarco_passage_04_202973473,2.0091251482092334
1121909,msmarco_passage_60_819669495,1.994801288270546
1121909,msmarco_passage_03_353717213,1.9850843476259588
1121909,msmarco_passage_36_164694480,1.9703502286291323
1121909,msmarco_passage_68_306305753,1.9477981110099796
1121909,msmarco_passage_32_772194314,1.9395695623344285
1121909,msmarco_passage_68_97857113,1.9395151119573175
1121909,msmarco_passage_04_202970821,1.9213188268101185
1121909,msmarco_passage_04_124497625,1.9176393032959465
1121909,msmarco_passage_39_7423178,1.9060592074588445
1121909,msmarco_passage_04_215972517,1.894860289779376
1121909,msmarco_passage_58_208681626,1.8934313752608352
1121909,msmarco_passage_33_846508384,1.8664035659300693
1121909,msmarco_passage_03_170840187,1.86329574912502
1121909,msmarco_passage_43_556465343,1.8548353117582093
1121909,msmarco_passage_36_258484918,1.842324156130352
1121909,msmarco_passage_32_169325395,1.8350640556181004
1121909,msmarco_passage_04_135094424,1.8304123535630643
1121909,msmarco_passage_36_225974166,1.8266265773909371
1121909,msmarco_passage_08_284730472,1.8263759529448824
1121909,msmarco_passage_31_640439544,1.8231015986932175
1121909,msmarco_passage_43_110271231,1.811314284969768
1121909,msmarco_passage_04_215972976,1.8021467169067755
1121909,msmarco_passage_36_363934856,1.7787329493005577
1121909,msmarco_passage_36_363928339,1.759008395435691
1121909,msmarco_passage_58_81318370,1.7505203540094565
1121909,msmarco_passage_04_191405895,1.743616197828841
1121909,msmarco_passage_04_215975224,1.7322117396603125
1121909,msmarco_passage_54_606456131,1.715755637082902
1121909,msmarco_passage_58_81317494,1.710813640960008
1121909,msmarco_passage_41_607145196,1.706126422658723
1121909,msmarco_passage_04_184306499,1.6715789996405823
1121909,msmarco_passage_54_605536296,1.6503940830493729
1121909,msmarco_passage_65_211026536,1.6460019313616396
1121909,msmarco_passage_03_147879984,1.6398909277155471
1121909,msmarco_passage_32_631387320,1.6257050888077615
1121909,msmarco_passage_21_422168301,1.6243895026302766
1121909,msmarco_passage_32_169173419,1.604737434765771
1121909,msmarco_passage_04_202968276,1.6007465432878534
1121909,msmarco_passage_33_846514507,1.5844021813618778
1121909,msmarco_passage_68_264237811,1.5788166000362436
1121909,msmarco_passage_32_169326986,1.5699635366648492
1121909,msmarco_passage_01_808246163,1.5641439057253506
1121909,msmarco_passage_02_729696383,1.5445418176233885
1121909,msmarco_passage_18_609196337,1.535140890593534
1121909,msmarco_passage_03_807928110,1.5035578745444158
1121909,msmarco_passage_68_51864431,1.4957766290674015
1121909,msmarco_passage_68_264236443,1.398910450139745
1121909,msmarco_passage_36_363934340,1.3226042741758235
1121909,msmarco_passage_04_154913283,1.3187850755743924
1121909,msmarco_passage_02_240377214,1.1857887282873183
1121909,msmarco_passage_38_220731367,1.1756494163467766
1121909,msmarco_passage_28_232491496,1.1398901415381746
1121909,msmarco_passage_20_141249141,1.1279899370541175
1121909,msmarco_passage_68_264241327,1.118663949400238
1128632,msmarco_passage_50_575325127,2.805272697264014
1128632,msmarco_passage_50_575322419,2.755760779221794
1128632,msmarco_passage_60_500985753,2.6702492862039926
1128632,msmarco_passage_50_575321217,2.668449780023098
1128632,msmarco_passage_35_82242479,2.5571372694612715
1128632,msmarco_passage_44_272802500,2.5482797285984544
1128632,msmarco_passage_51_133669391,2.5349401844995865
1128632,msmarco_passage_42_837102773,2.514782046613623
1128632,msmarco_passage_59_209817211,2.379732993088984
1128632,msmarco_passage_48_693050242,2.36575071651024
1128632,msmarco_passage_44_290936262,2.33481179750363
1128632,msmarco_passage_57_595374192,2.3328387179539485
1128632,msmarco_passage_59_208874081,2.3155909348168797
1128632,msmarco_passage_16_860101278,2.3119806994765413
1128632,msmarco_passage_44_285398829,2.3083643112966827
1128632,msmarco_passage_44_285382314,2.291297620592164
1128632,msmarco_passage_27_671732454,2.254023906705193
1128632,msmarco_passage_44_267754348,2.224190532077761
1128632,msmarco_passage_13_209411005,2.2157517262601383
1128632,msmarco_passage_49_25539936,2.2154997211221388
1128632,msmarco_passage_53_534950150,2.2097433753074385
1128632,msmarco_passage_46_752131195,2.2077395761939824
1128632,msmarco_passage_05_833930449,2.2019185091880025
1128632,msmarco_passage_59_209814690,2.1890877801212607
1128632,msmarco_passage_09_50051792,2.1688829551481734
1128632,msmarco_passage_60_496562755,2.1354415351886376
1128632,msmarco_passage_27_671736649,2.1233274976368044
1128632,msmarco_passage_27_669034527,2.1066876257577363
1128632,msmarco_passage_01_529021334,2.069789368328628
1128632,msmarco_passage_59_210318414,2.043440299144329
1128632,msmarco_passage_13_492316882,2.0408939325571063
1128632,msmarco_passage_11_545015929,2.037971580697742
1128632,msmarco_passage_24_134164208,2.0348132994879693
1128632,msmarco_passage_05_830346882,2.0314791483484065
1128632,msmarco_passage_08_57868752,2.029575827676876
1128632,msmarco_passage_55_95312872,2.0285641144546807
1128632,msmarco_passage_11_545001999,2.0267068951204714
1128632,msmarco_passage_44_269831529,2.0212919109769896
1128632,msmarco_passage_59_541272563,2.011567433641822
1128632,msmarco_passage_44_266744169,1.9717064251262768
1128632,msmarco_passage_17_23320452,1.971086331291409
1128632,msmarco_passage_36_643683050,1.962051533063136
1128632,msmarco_passage_27_672812389,1.9507179102078367
1128632,msmarco_passage_07_706013172,1.9479525949354264
1128632,msmarco_passage_59_208073980,1.9312699750528612
1128632,msmarco_passage_27_672601473,1.931227766837209
1128632,msmarco_passage_55_716478299,1.9301955253289027
1128632,msmarco_passage_24_245056375,1.927882882153988
1128632,msmarco_passage_48_774585770,1.923623471097502
1128632,msmarco_passage_28_853795476,1.9228825763257111
1128632,msmarco_passage_48_658381904,1.9013498982285757
1128632,msmarco_passage_48_675965283,1.8941568333663192
1128632,msmarco_passage_34_742348570,1.8923830320123365
1128632,msmarco_passage_39_525754835,1.889226923730911
1128632,msmarco_passage_27_672965659,1.8716775440217237
1128632,msmarco_passage_49_150847808,1.862843902892576
1128632,msmarco_passage_40_439387984,1.8578357423504197
1128632,msmarco_passage_24_231609384,1.8270220680185976
1128632,msmarco_passage_11_694269186,1.7606420502393854
1128632,msmarco_passage_24_213870290,1.7254940785479314
1128632,msmarco_passage_48_70118135,1.7220151600096738
1128632,msmarco_passage_16_295482577,1.7207500675764738
1128632,msmarco_passage_01_504783045,1.7138826417692736
1128632,msmarco_passage_40_623687461,1.6670562497066517
1128632,msmarco_passage_27_673056427,1.585563386379679
1128632,msmarco_passage_36_673108504,1.549397603643408
1128632,msmarco_passage_14_864335726,1.5369908286145504
1128632,msmarco_passage_53_416262137,1.5360936117126662
1128632,msmarco_passage_24_226408764,1.5292325464237555
1128632,msmarco_passage_50_2142588,1.525022025472919
1128632,msmarco_passage_59_209531051,1.507636730273331
1128632,msmarco_passage_32_130211020,1.5054882741492754
1128632,msmarco_passage_03_473996454,1.4751692135395955
1128632,msmarco_passage_42_864019798,1.44334964054969
1128632,msmarco_passage_03_129711451,1.4423353436726565
1128632,msmarco_passage_51_501188950,1.411038689585118
1128632,msmarco_passage_43_491293205,1.4092199964156338
1128632,msmarco_passage_66_161714243,1.3928838091661533
1128632,msmarco_passage_11_355102024,1.3874333120887186
1128632,msmarco_passage_68_16096655,1.3811124809546214
1128632,msmarco_passage_35_708981366,1.361060215584671
1128632,msmarco_passage_39_819633599,1.3305646158417066
1128632,msmarco_passage_03_672369988,1.2844374705077972
1128632,msmarco_passage_43_491697984,1.1322057252596407
1129560,msmarco_passage_22_621770950,2.998917982059717
1129560,msmarco_passage_10_493909355,2.788321668888234
1129560,msmarco_passage_26_361480211,2.260440420735017
1129560,msmarco_passage_64_554391756,2.213226405544881
1129560,msmarco_passage_50_805101851,2.192095069594599
1129560,msmarco_passage_36_865296650,2.1415059275770165
1129560,msmarco_passage_36_324481872,2.1276992238228587
1129560,msmarco_passage_62_663066714,2.099002530064867
1129560,msmarco_passage_35_718899164,2.0764616411956047
1129560,msmarco_passage_54_626422583,2.041608560210729
1129560,msmarco_passage_39_733374473,2.000924679313508
1129560,msmarco_passage_58_523393988,1.9991146170557592
1129560,msmarco_passage_51_194060182,1.9378171128091648
1129560,msmarco_passage_51_457594652,1.914798805525492
1129560,msmarco_passage_46_170815507,1.8979262992476635
1129560,msmarco_passage_52_134232437,1.897624373731928
1129560,msmarco_passage_36_855563876,1.896225944518656
1129560,msmarco_passage_58_523395258,1.8755779050416983
1129560,msmarco_passage_46_667538698,1.847176511494787
1129560,msmarco_passage_40_547746912,1.833719304161311
1129560,msmarco_passage_36_866667921,1.8114888319987583
1129560,msmarco_passage_14_5253258,1.7302545026546077
1129560,msmarco_passage_54_626397384,1.7217289066879924
1129560,msmarco_passage_52_136113088,1.7116880712502978
1129560,msmarco_passage_20_460581847,1.6825511106872966
1129560,msmarco_passage_52_120536496,1.679976111993554
1129560,msmarco_passage_33_597726049,1.6705996886766352
1129560,msmarco_passage_07_488135027,1.6508791598761592
1129560,msmarco_passage_55_148101600,1.621044166209306
1129560,msmarco_passage_03_36757255,1.6057629972568417
1129560,msmarco_passage_53_830481373,1.6017002871230896
1129560,msmarco_passage_36_866658695,1.5893160478822137
1129560,msmarco_passage_45_64786802,1.5748373215975504
1129560,msmarco_passage_36_436270418,1.544868309035185
1129560,msmarco_passage_46_667568331,1.518695262576129
1129560,msmarco_passage_52_126893784,1.517957637346244
1129560,msmarco_passage_55_148096761,1.5147603086068155
1129560,msmarco_passage_53_829928333,1.504640511795742
1129560,msmarco_passage_45_146888616,1.4816701043941063
1129560,msmarco_passage_54_186862717,1.4680479056163354
1129560,msmarco_passage_32_212059051,1.4655234964572172
1129560,msmarco_passage_52_127316816,1.4405966456076007
1129560,msmarco_passage_58_523397008,1.4211894801823028
1129560,msmarco_passage_14_498293823,1.3824988213795502
1129560,msmarco_passage_51_626711064,1.3642066682094698
1129560,msmarco_passage_33_594550311,1.3390760322914768
1129560,msmarco_passage_00_46303014,1.2982524274706746
1129560,msmarco_passage_52_133160604,1.2695728626641265
1129560,msmarco_passage_08_272878839,1.2552532421086249
1129560,msmarco_passage_54_625952822,1.2459189933585064
1129560,msmarco_passage_68_633942759,1.2362606661736475
1129560,msmarco_passage_43_814898542,1.2260405745032652
1129560,msmarco_passage_42_435827275,1.1780940650365
1129560,msmarco_passage_52_120555472,1.1692263789189636
1129560,msmarco_passage_64_241898150,1.1549394279952447
1129560,msmarco_passage_40_281670058,1.1368174872614774
1129560,msmarco_passage_56_787814424,1.1208871197889352
1129560,msmarco_passage_66_371429771,1.1063131069190877
1129560,msmarco_passage_59_484115721,1.096317600806407
1129560,msmarco_passage_39_557515076,1.0947725715600327
1129560,msmarco_passage_40_281671351,1.0805448979341212
1129560,msmarco_passage_40_294767852,1.06582642380131
1129560,msmarco_passage_50_431087140,1.0575340856366429
1129560,msmarco_passage_36_299063696,1.0492960113980545
1129560,msmarco_passage_62_764410946,1.024513629231684
1129560,msmarco_passage_26_533464633,1.0173141513863713
1129560,msmarco_passage_19_70618742,1.0131708775147754
1129560,msmarco_passage_30_718871224,0.9991797759788416
1129560,msmarco_passage_57_387749395,0.9892069266905538
1129560,msmarco_passage_01_288016691,0.9724230848073668
1129560,msmarco_passage_51_627093844,0.9696411826166386
1129560,msmarco_passage_30_363358061,0.9646974741826558
1129560,msmarco_passage_30_634894357,0.9199463819314746
1129560,msmarco_passage_19_835837524,0.9138232627169632
1129560,msmarco_passage_40_281668235,0.912353857380782
1129560,msmarco_passage_05_332557555,0.9028304953623336
1129560,msmarco_passage_40_281674720,0.8506515366256387
1129560,msmarco_passage_41_457347163,0.8433217554159147
1129560,msmarco_passage_04_614563476,0.81359269280655
1129560,msmarco_passage_33_677996953,0.8095104663043428
1129560,msmarco_passage_03_797871823,0.8008959704064303
1129560,msmarco_passage_40_664225542,0.7914573631322621
1129560,msmarco_passage_30_63630855,0.7906222134781209
1129560,msmarco_passage_05_758131726,0.7625178023749114
1129560,msmarco_passage_17_165431248,0.7390566944225987
1129560,msmarco_passage_54_625008784,0.7275578774762432
1129560,msmarco_passage_06_85063210,0.7090822244000419
1129560,msmarco_passage_23_242364833,0.6634372587756409
1129560,msmarco_passage_21_781023246,0.657578080803712
1129560,msmarco_passage_17_771171990,0.6266047448962927
1129560,msmarco_passage_10_166877906,0.5894376895576793
1129560,msmarco_passage_33_62150798,0.5357658739988708
1129560,msmarco_passage_44_711919316,0.533582849641597
1129560,msmarco_passage_29_110691172,0.4644157495307648
1129560,msmarco_passage_43_167690637,0.1103178205977437
