qid,docno,score
2082,msmarco_passage_30_709623997,1.7496148347854614
2082,msmarco_passage_64_431617227,1.4738346601224168
2082,msmarco_passage_45_632929045,1.4313751642861912
2082,msmarco_passage_45_623131157,1.3450661493835387
2082,msmarco_passage_26_846132892,1.3390791569176306
2082,msmarco_passage_10_673115327,1.2471121470981696
2082,msmarco_passage_39_461879190,1.2229659623374167
2082,msmarco_passage_55_738286358,1.206986481228616
2082,msmarco_passage_40_137452930,1.1873312721698743
2082,msmarco_passage_44_462432502,1.153899223607423
2082,msmarco_passage_44_461409698,1.1299545559683457
2082,msmarco_passage_66_708619074,1.1181193435720622
2082,msmarco_passage_08_672756935,1.1107483450708715
2082,msmarco_passage_02_179210433,1.0990601304716665
2082,msmarco_passage_02_645296948,1.0906238614044754
2082,msmarco_passage_10_669572296,1.0818954682115265
2082,msmarco_passage_68_48591780,1.0800876187573514
2082,msmarco_passage_13_136821179,1.078538545736147
2082,msmarco_passage_15_602878005,1.0643954752994875
2082,msmarco_passage_30_608937387,1.0615017962866815
2082,msmarco_passage_29_164562769,1.0588792594782823
2082,msmarco_passage_26_847195118,1.055437888006859
2082,msmarco_passage_04_94071710,1.0465009373397076
2082,msmarco_passage_04_281815983,1.0384388903091697
2082,msmarco_passage_61_171511063,1.029331604952883
2082,msmarco_passage_44_700568174,1.011823629775071
2082,msmarco_passage_06_769107145,1.005481391528557
2082,msmarco_passage_49_487162093,1.003010501444633
2082,msmarco_passage_37_218307932,1.0023568344820897
2082,msmarco_passage_49_486599463,1.0010469818937369
2082,msmarco_passage_37_220671067,0.9988601113775094
2082,msmarco_passage_38_414866952,0.9983696586392784
2082,msmarco_passage_22_256176072,0.9948140956204512
2082,msmarco_passage_37_336748254,0.9921669294975076
2082,msmarco_passage_48_539417877,0.991813840184893
2082,msmarco_passage_57_535171510,0.991001027969304
2082,msmarco_passage_07_668692692,0.9579899535096924
2082,msmarco_passage_24_169139765,0.9480586142375552
2082,msmarco_passage_04_94070926,0.94557179318273
2082,msmarco_passage_37_336752759,0.9374955568407556
2082,msmarco_passage_10_673366077,0.907989800798482
2082,msmarco_passage_53_564392719,0.9079463321880754
2082,msmarco_passage_03_308010621,0.9064477067862826
2082,msmarco_passage_39_125029338,0.902312676894841
2082,msmarco_passage_34_93901849,0.8989711683665591
2082,msmarco_passage_07_123296727,0.8939453497015197
2082,msmarco_passage_66_708607265,0.8934791536166751
2082,msmarco_passage_48_591410873,0.8917833009964139
2082,msmarco_passage_53_692238347,0.8828169154416164
2082,msmarco_passage_37_336546592,0.8784053999508543
2082,msmarco_passage_65_783016699,0.8762289074254154
2082,msmarco_passage_28_625525754,0.8658668657829023
2082,msmarco_passage_53_588973533,0.8610011103117995
2082,msmarco_passage_11_67024711,0.8585686129008607
2082,msmarco_passage_47_611882979,0.8473343103683642
2082,msmarco_passage_57_814341505,0.8404825037923352
2082,msmarco_passage_22_534539976,0.8235326469531787
2082,msmarco_passage_31_566103947,0.8224035863512256
2082,msmarco_passage_48_591406582,0.8223353880085968
2082,msmarco_passage_48_593692065,0.8149538765987152
2082,msmarco_passage_60_188502221,0.8047196760847064
2082,msmarco_passage_29_458776515,0.7980954191954853
2082,msmarco_passage_43_494102932,0.7890904935709949
2082,msmarco_passage_41_170486272,0.7874067484158013
2082,msmarco_passage_48_544808271,0.7872092849221722
2082,msmarco_passage_39_714339196,0.7845793764579472
2082,msmarco_passage_48_544777559,0.7145268643724507
2082,msmarco_passage_15_399504985,0.5742322422160303
2082,msmarco_passage_08_423967280,0.3931601583957672
23287,msmarco_passage_02_500358436,1.6850011282496982
23287,msmarco_passage_37_406984666,1.4924831089838784
23287,msmarco_passage_03_865272429,1.408521202072068
23287,msmarco_passage_26_607486542,1.3864112369941943
23287,msmarco_passage_42_184648743,1.165537637930461
23287,msmarco_passage_11_422302183,1.130055490633159
23287,msmarco_passage_02_500355930,1.1171453530408506
23287,msmarco_passage_52_19590082,1.1139980042332154
23287,msmarco_passage_52_107459832,1.0964077874892175
23287,msmarco_passage_26_607486955,1.0581192225051943
23287,msmarco_passage_45_756420866,1.04138500696358
23287,msmarco_passage_26_586658040,1.0357663446322
23287,msmarco_passage_46_455943461,1.031285760707891
23287,msmarco_passage_04_101923352,1.009132855279105
23287,msmarco_passage_64_515534022,0.9911995559764926
23287,msmarco_passage_00_811354181,0.981376510924886
23287,msmarco_passage_00_811362170,0.9576799119890068
23287,msmarco_passage_62_187711450,0.9346866127069008
23287,msmarco_passage_03_866752270,0.9221762808997024
23287,msmarco_passage_55_523249144,0.9158716251102582
23287,msmarco_passage_55_523244708,0.91472482792964
23287,msmarco_passage_55_523250853,0.9091871783773178
23287,msmarco_passage_00_811364025,0.9026654587274138
23287,msmarco_passage_45_858599429,0.902296739352214
23287,msmarco_passage_55_523245555,0.8894646437468909
23287,msmarco_passage_38_678706905,0.8889641669442349
23287,msmarco_passage_64_515539058,0.8882254613352618
23287,msmarco_passage_08_487720875,0.8783291745495487
23287,msmarco_passage_02_719226714,0.8753873458819841
23287,msmarco_passage_32_72305075,0.872501227320457
23287,msmarco_passage_55_523197995,0.8640928111293099
23287,msmarco_passage_31_543339733,0.8624349969879817
23287,msmarco_passage_02_371479656,0.8589386071035283
23287,msmarco_passage_38_376862727,0.855170599604803
23287,msmarco_passage_55_523253961,0.8522436417487204
23287,msmarco_passage_62_725076999,0.8355954405770453
23287,msmarco_passage_55_523253056,0.8119565393685851
23287,msmarco_passage_06_548613675,0.8085845481044507
23287,msmarco_passage_16_707291644,0.8066915977642576
23287,msmarco_passage_54_300216711,0.8032243016146552
23287,msmarco_passage_31_818053180,0.8029401651339982
23287,msmarco_passage_37_720698680,0.7932524362167755
23287,msmarco_passage_17_240099997,0.7886107877919758
23287,msmarco_passage_38_511023606,0.7873248160935953
23287,msmarco_passage_37_720571332,0.7858716280208227
23287,msmarco_passage_62_725077540,0.7715885821211538
23287,msmarco_passage_03_270784492,0.7628584004620673
23287,msmarco_passage_31_818054443,0.759496710113559
23287,msmarco_passage_22_691904124,0.749402683199226
23287,msmarco_passage_63_651538608,0.7487743876086538
23287,msmarco_passage_25_702928253,0.7402710286717247
23287,msmarco_passage_52_250702766,0.7385840199099843
23287,msmarco_passage_24_711477760,0.7365145018127279
23287,msmarco_passage_00_811362771,0.7361163036113325
23287,msmarco_passage_52_158309266,0.7208993300436157
23287,msmarco_passage_44_124616779,0.7090252727767753
23287,msmarco_passage_24_864911870,0.7081282208989856
23287,msmarco_passage_17_234501315,0.7048660106196696
23287,msmarco_passage_11_422275427,0.7026440245764596
23287,msmarco_passage_41_589124833,0.6933675010925322
23287,msmarco_passage_31_53518847,0.6860636158533574
23287,msmarco_passage_61_326798154,0.682820389559406
23287,msmarco_passage_00_811359731,0.68041035372052
23287,msmarco_passage_01_863886974,0.6780301191811217
23287,msmarco_passage_03_270780039,0.676665367719636
23287,msmarco_passage_09_76308154,0.6765781213379083
23287,msmarco_passage_33_59827875,0.6737546105663498
23287,msmarco_passage_30_105557029,0.6721990257114558
23287,msmarco_passage_68_30625405,0.6707222710735059
23287,msmarco_passage_09_76334687,0.6659103406769447
23287,msmarco_passage_31_818054000,0.6638172654196592
23287,msmarco_passage_62_724621357,0.6634343817968316
23287,msmarco_passage_31_175079175,0.6598658913307598
23287,msmarco_passage_25_703497698,0.6438942999587652
23287,msmarco_passage_25_703872082,0.6383155221952357
23287,msmarco_passage_44_124617275,0.6320303797777155
23287,msmarco_passage_09_193997135,0.6251112772770406
23287,msmarco_passage_30_613745622,0.6245171947580985
23287,msmarco_passage_25_703334613,0.622594401157411
23287,msmarco_passage_07_594655665,0.6127347191543437
23287,msmarco_passage_25_701960361,0.5812317330673585
23287,msmarco_passage_38_511341225,0.5739792477166719
23287,msmarco_passage_65_406558951,0.5643767491010655
23287,msmarco_passage_45_658324881,0.5575703712142244
23287,msmarco_passage_38_543634328,0.5424258768558502
23287,msmarco_passage_25_702746033,0.5241150994081887
23287,msmarco_passage_59_659640227,0.4723791849967058
30611,msmarco_passage_11_59934478,1.708552002906799
30611,msmarco_passage_01_436571677,1.3799204738905564
30611,msmarco_passage_11_59936302,1.2643969638571555
30611,msmarco_passage_02_448906411,1.1909252323205666
30611,msmarco_passage_11_59933115,1.1636314522349227
30611,msmarco_passage_07_94355630,1.1289845033976986
30611,msmarco_passage_58_752701097,1.0942261802630604
30611,msmarco_passage_11_308282957,1.0933145372468025
30611,msmarco_passage_57_689908011,1.0758119326270088
30611,msmarco_passage_11_59934964,1.0700568564469424
30611,msmarco_passage_23_864601995,1.054066507050858
30611,msmarco_passage_45_264750792,1.04848305146119
30611,msmarco_passage_02_448916602,1.0181668836547964
30611,msmarco_passage_11_59937269,1.012350406282295
30611,msmarco_passage_30_590351057,1.0077758589502197
30611,msmarco_passage_06_602702567,1.0023278313886177
30611,msmarco_passage_28_581375995,0.9928671018304528
30611,msmarco_passage_14_243076180,0.9878021589190482
30611,msmarco_passage_66_773193685,0.9794443359910674
30611,msmarco_passage_11_308350169,0.9792350053348156
30611,msmarco_passage_68_19987965,0.9701670683549912
30611,msmarco_passage_37_500000413,0.9675077107729833
30611,msmarco_passage_51_365746140,0.9669194437522256
30611,msmarco_passage_02_648878058,0.9514702333710252
30611,msmarco_passage_58_388835310,0.939133048463702
30611,msmarco_passage_11_59935812,0.9332356941085276
30611,msmarco_passage_43_3840163,0.9328975390773232
30611,msmarco_passage_07_99995512,0.9243763195107216
30611,msmarco_passage_11_59936819,0.9240467833770134
30611,msmarco_passage_06_239184541,0.920664076800724
30611,msmarco_passage_04_287901958,0.9201429464814852
30611,msmarco_passage_55_442989675,0.9168667282847408
30611,msmarco_passage_68_158940617,0.9148761159258432
30611,msmarco_passage_15_619583701,0.90685365433851
30611,msmarco_passage_68_137053497,0.9016712434164508
30611,msmarco_passage_30_330800256,0.8924073576049032
30611,msmarco_passage_63_434339571,0.8914339613958397
30611,msmarco_passage_68_158941584,0.891334218160004
30611,msmarco_passage_18_577081451,0.8905202193374353
30611,msmarco_passage_07_261367053,0.884762871441042
30611,msmarco_passage_08_519570323,0.8760596635701686
30611,msmarco_passage_01_358089435,0.8753352092006149
30611,msmarco_passage_40_237267944,0.8710022468593239
30611,msmarco_passage_40_398498150,0.8693829255538751
30611,msmarco_passage_00_570495994,0.8682267312296628
30611,msmarco_passage_19_241483054,0.866277259928526
30611,msmarco_passage_30_522831673,0.8660252790973552
30611,msmarco_passage_68_158941140,0.8592063326203363
30611,msmarco_passage_50_667352383,0.8525799117694244
30611,msmarco_passage_30_591624724,0.8510611337741655
30611,msmarco_passage_22_249062522,0.8494084439883575
30611,msmarco_passage_50_667351326,0.8491929211230129
30611,msmarco_passage_53_119712338,0.8475227639710267
30611,msmarco_passage_20_23031688,0.8466725113751918
30611,msmarco_passage_08_467648073,0.8465686428502998
30611,msmarco_passage_20_691564718,0.8350564700024782
30611,msmarco_passage_11_308349280,0.8257485586964624
30611,msmarco_passage_11_308196275,0.8203817474798164
30611,msmarco_passage_13_130721971,0.8121309081384052
30611,msmarco_passage_11_55514266,0.8051145770163387
30611,msmarco_passage_68_4692280,0.8039283316657908
30611,msmarco_passage_48_431010824,0.8015407246669572
30611,msmarco_passage_51_538103109,0.7963186005751292
30611,msmarco_passage_68_158942542,0.7855831576315737
30611,msmarco_passage_20_691450665,0.7853627521688766
30611,msmarco_passage_03_562780144,0.7849293505508816
30611,msmarco_passage_60_245505125,0.7721372739056855
30611,msmarco_passage_68_142151642,0.7714458879296073
30611,msmarco_passage_11_308352575,0.7665391548068484
30611,msmarco_passage_00_570492458,0.7640415830342151
30611,msmarco_passage_01_236713622,0.7635521565243245
30611,msmarco_passage_64_113573787,0.7503016107758546
30611,msmarco_passage_07_41804685,0.7492456630119303
30611,msmarco_passage_30_706071112,0.7488330432064625
30611,msmarco_passage_01_391093791,0.7458778777065418
30611,msmarco_passage_45_821630488,0.7455517782361468
30611,msmarco_passage_27_309110946,0.7371547631905663
30611,msmarco_passage_28_343155867,0.7363362068409858
30611,msmarco_passage_62_797639705,0.6991113647406931
30611,msmarco_passage_21_582904228,0.6917592905502952
30611,msmarco_passage_13_130719779,0.6835650084536817
30611,msmarco_passage_66_773160478,0.6772743189477569
30611,msmarco_passage_24_619451598,0.6735767766421671
30611,msmarco_passage_13_130713627,0.6731905841311479
30611,msmarco_passage_66_773158354,0.6660980646452193
30611,msmarco_passage_68_142152443,0.6628095911188021
30611,msmarco_passage_41_580040976,0.5836111426353454
30611,msmarco_passage_63_434339209,0.5792540256819014
30611,msmarco_passage_68_4698062,0.5557946026050803
30611,msmarco_passage_30_611323721,0.5501530740965795
30611,msmarco_passage_18_578237899,0.5435729319603623
30611,msmarco_passage_15_601952517,0.5376556168219442
30611,msmarco_passage_30_592921623,0.5321472547550448
30611,msmarco_passage_17_771044914,0.5006530944484373
112700,msmarco_passage_18_757021196,1.7710093524720931
112700,msmarco_passage_30_794527402,1.4014884614622605
112700,msmarco_passage_27_631089875,1.3710043368557407
112700,msmarco_passage_07_292095541,1.3596272507684375
112700,msmarco_passage_45_191385723,1.2475968626800726
112700,msmarco_passage_36_792525846,1.2325215515132262
112700,msmarco_passage_02_165691232,1.2169058955470844
112700,msmarco_passage_06_242494666,1.2136536567258192
112700,msmarco_passage_21_647207166,1.2014858912332282
112700,msmarco_passage_56_558076576,1.1705857817814729
112700,msmarco_passage_53_364338297,1.1622523883483369
112700,msmarco_passage_30_820452057,1.1406159188145788
112700,msmarco_passage_25_325374796,1.1281236581156189
112700,msmarco_passage_21_647207525,1.1166149278667483
112700,msmarco_passage_66_71253864,1.0781943531236915
112700,msmarco_passage_24_418296768,1.0662441772835276
112700,msmarco_passage_49_484258022,1.0554067478001674
112700,msmarco_passage_28_560799651,1.054696640678655
112700,msmarco_passage_60_224286794,1.051706117558702
112700,msmarco_passage_24_200606439,1.050809865855725
112700,msmarco_passage_50_69302138,1.0454851995561725
112700,msmarco_passage_20_717525117,1.0449085315254245
112700,msmarco_passage_00_777872823,1.042723740316997
112700,msmarco_passage_17_330928122,1.0256812478337332
112700,msmarco_passage_24_199511587,1.0254423356223328
112700,msmarco_passage_60_123550218,1.0216189101477648
112700,msmarco_passage_53_760116594,1.011229992358484
112700,msmarco_passage_28_560798078,0.9868480981510376
112700,msmarco_passage_49_698544872,0.9822094149121614
112700,msmarco_passage_23_365487328,0.977183740829753
112700,msmarco_passage_30_498050717,0.97627275541564
112700,msmarco_passage_24_200608232,0.975770848655255
112700,msmarco_passage_02_289767562,0.9718315673765734
112700,msmarco_passage_50_69300717,0.9584764161399592
112700,msmarco_passage_51_861573006,0.9499394837940964
112700,msmarco_passage_60_123551664,0.9488532107010066
112700,msmarco_passage_06_131004170,0.9475394589321636
112700,msmarco_passage_66_50440529,0.9457939808613786
112700,msmarco_passage_24_201870059,0.944784514647778
112700,msmarco_passage_17_378937360,0.9217840498852952
112700,msmarco_passage_08_134504238,0.9213723056227248
112700,msmarco_passage_33_813971959,0.9189589690382236
112700,msmarco_passage_53_364337831,0.9164167023707772
112700,msmarco_passage_53_362929568,0.9111861840865324
112700,msmarco_passage_53_411487967,0.903234914641514
112700,msmarco_passage_43_274951799,0.902235714464544
112700,msmarco_passage_60_201079301,0.8888023812637151
112700,msmarco_passage_28_560804460,0.8838390992623623
112700,msmarco_passage_33_528428380,0.8813090125255495
112700,msmarco_passage_28_560797645,0.8787691103242268
112700,msmarco_passage_11_609350516,0.8693178009764057
112700,msmarco_passage_00_723246660,0.8632292063993828
112700,msmarco_passage_17_378937737,0.8626803097602362
112700,msmarco_passage_41_634470133,0.8597724098468496
112700,msmarco_passage_27_453469353,0.8576725442554349
112700,msmarco_passage_02_165691731,0.8558380256189364
112700,msmarco_passage_36_753181870,0.8455256887685472
112700,msmarco_passage_32_601260331,0.8403246485184286
112700,msmarco_passage_53_362849263,0.8300449829235256
112700,msmarco_passage_53_362931204,0.8279257937290958
112700,msmarco_passage_18_757019055,0.8237427927623285
112700,msmarco_passage_30_794526953,0.8155026441144051
112700,msmarco_passage_02_220704238,0.80665747462032
112700,msmarco_passage_53_411485558,0.7934782218710285
112700,msmarco_passage_01_33088522,0.7898566213723656
112700,msmarco_passage_31_633176252,0.7659917823065107
112700,msmarco_passage_30_708720880,0.7586071964179244
112700,msmarco_passage_08_152211525,0.7571068876257566
112700,msmarco_passage_17_378943762,0.7241790603254443
112700,msmarco_passage_29_611360594,0.6754309108324139
112700,msmarco_passage_45_435538461,0.6736117834242705
112700,msmarco_passage_37_396463558,0.6668906160604173
112700,msmarco_passage_27_453463807,0.6466522052744839
112700,msmarco_passage_21_133859540,0.6372912764549256
112700,msmarco_passage_34_703834280,0.6368408707257743
112700,msmarco_passage_02_165688744,0.5279537206358998
168329,msmarco_passage_03_152780110,1.805140985382928
168329,msmarco_passage_17_253755796,1.418568221215914
168329,msmarco_passage_01_685626555,1.3398431203228438
168329,msmarco_passage_44_581740341,1.2767157043026085
168329,msmarco_passage_38_867366499,1.2394606875073362
168329,msmarco_passage_30_795590421,1.10611836940284
168329,msmarco_passage_38_867365984,1.0985623200980654
168329,msmarco_passage_25_259221061,1.0798140019978535
168329,msmarco_passage_38_867365033,1.063968585348484
168329,msmarco_passage_39_1330431,1.0483097269854138
168329,msmarco_passage_04_93659698,1.0433725126170756
168329,msmarco_passage_38_866851004,1.042899569924436
168329,msmarco_passage_31_866473184,1.0324316716770257
168329,msmarco_passage_39_513965303,1.0192196333472368
168329,msmarco_passage_38_867365571,1.0027280625579085
168329,msmarco_passage_35_331170254,1.000073924925346
168329,msmarco_passage_16_254377781,0.9939102161551052
168329,msmarco_passage_13_402055216,0.983387450148182
168329,msmarco_passage_00_343070928,0.9572097766576646
168329,msmarco_passage_39_507047522,0.952939838348268
168329,msmarco_passage_04_93661343,0.9453145769005816
168329,msmarco_passage_61_661474646,0.9408761850963294
168329,msmarco_passage_16_241333013,0.9290502789516876
168329,msmarco_passage_16_254397947,0.9287554530406088
168329,msmarco_passage_02_818305809,0.926485453485113
168329,msmarco_passage_60_226415364,0.9221834983745916
168329,msmarco_passage_31_617424078,0.920780635168118
168329,msmarco_passage_04_441114625,0.9143214414554016
168329,msmarco_passage_13_402054707,0.9053964707044864
168329,msmarco_passage_54_756551330,0.903797377485325
168329,msmarco_passage_16_246541008,0.9021148858017196
168329,msmarco_passage_04_441187954,0.8914424872088167
168329,msmarco_passage_04_93661774,0.8889238857868436
168329,msmarco_passage_38_866204669,0.8821425587714383
168329,msmarco_passage_03_692818098,0.8725205800568747
168329,msmarco_passage_38_55099740,0.8687872881561407
168329,msmarco_passage_38_868533273,0.8642209365465384
168329,msmarco_passage_38_868534175,0.8591723393551922
168329,msmarco_passage_11_715773096,0.8449901122585991
168329,msmarco_passage_17_619879125,0.8396684003696122
168329,msmarco_passage_13_737747025,0.8281844867206417
168329,msmarco_passage_25_259214113,0.8258398560786336
168329,msmarco_passage_38_866328621,0.8241191835651611
168329,msmarco_passage_16_248510785,0.8115835287757079
168329,msmarco_passage_58_518542664,0.8056252801728515
168329,msmarco_passage_13_401910432,0.8002136967217612
168329,msmarco_passage_14_370399022,0.7920264098724025
168329,msmarco_passage_61_674104066,0.7788632176401004
168329,msmarco_passage_58_247619001,0.7751938200351475
168329,msmarco_passage_33_144894591,0.7735717944939341
168329,msmarco_passage_30_538765796,0.7732759034545005
168329,msmarco_passage_39_3153139,0.7714187732859614
168329,msmarco_passage_12_174493415,0.7665348089760564
168329,msmarco_passage_31_624818009,0.765046668739567
168329,msmarco_passage_42_745070160,0.758168290959858
168329,msmarco_passage_35_324065621,0.7562915325164795
168329,msmarco_passage_41_385435024,0.7498101556832906
168329,msmarco_passage_38_869415193,0.7356247022249441
168329,msmarco_passage_04_441730262,0.7169739365577698
190623,msmarco_passage_08_377498739,1.389722391963005
190623,msmarco_passage_05_497938979,1.1122482867996677
190623,msmarco_passage_18_550907066,1.0218988312225716
190623,msmarco_passage_07_763160990,0.95222856834823
190623,msmarco_passage_54_46604827,0.926065767512602
190623,msmarco_passage_18_550908404,0.924174050295275
190623,msmarco_passage_18_550906639,0.9137311679085874
190623,msmarco_passage_18_550905367,0.9049455620884116
190623,msmarco_passage_18_550905862,0.8960187279321009
190623,msmarco_passage_18_550903631,0.8662458083208869
190623,msmarco_passage_18_550904935,0.8581223358126248
190623,msmarco_passage_22_233893745,0.8381489476347281
190623,msmarco_passage_18_550906248,0.8197811908581678
190623,msmarco_passage_39_773005627,0.8171771770014482
190623,msmarco_passage_49_568877679,0.7845610212753801
190623,msmarco_passage_63_333402535,0.7317015248186448
190623,msmarco_passage_50_318487983,0.7184808050884919
190623,msmarco_passage_34_379382623,0.7075541015933542
190623,msmarco_passage_08_377498267,0.6895715850241044
190623,msmarco_passage_01_781011133,0.6863735567120944
190623,msmarco_passage_12_327446927,0.648900921905742
190623,msmarco_passage_04_538333204,0.6368003324550741
190623,msmarco_passage_36_630771465,0.6362915611442397
190623,msmarco_passage_18_289262304,0.5921389820821145
190623,msmarco_passage_50_295169779,0.5673583044725306
190623,msmarco_passage_15_46018958,0.5552248702768017
190623,msmarco_passage_23_461676891,0.5550009850193472
190623,msmarco_passage_04_703823115,0.5438074243419311
190623,msmarco_passage_30_678174284,0.5392409168622073
190623,msmarco_passage_30_678173837,0.5382198514307246
190623,msmarco_passage_21_565030752,0.5305009561426499
190623,msmarco_passage_13_161674296,0.5282882166259428
190623,msmarco_passage_65_149098233,0.5166541245930335
190623,msmarco_passage_35_832927015,0.5165188145988128
190623,msmarco_passage_27_783043368,0.5134296361137839
190623,msmarco_passage_67_101748997,0.5084785065230202
190623,msmarco_passage_51_811098079,0.5066253186148755
190623,msmarco_passage_22_412044067,0.5037619163884836
190623,msmarco_passage_44_474226940,0.4952078429215094
190623,msmarco_passage_40_370985028,0.4938210742438541
190623,msmarco_passage_01_584273282,0.4912592225215014
190623,msmarco_passage_40_119020381,0.4868684007840997
190623,msmarco_passage_19_778362947,0.4814869698356179
190623,msmarco_passage_63_333402094,0.4630594986326554
190623,msmarco_passage_13_385093366,0.4612740024924278
190623,msmarco_passage_41_221824588,0.4591299475115888
190623,msmarco_passage_06_546961497,0.4564662204945788
190623,msmarco_passage_18_726648609,0.4558390165953075
190623,msmarco_passage_15_147368316,0.4555579429163652
190623,msmarco_passage_68_458948191,0.4527284811524784
190623,msmarco_passage_20_511222268,0.4520512367872631
190623,msmarco_passage_17_822760470,0.4512271738227676
190623,msmarco_passage_23_461733691,0.4448131228194517
190623,msmarco_passage_19_716080658,0.440290365937878
190623,msmarco_passage_05_497939403,0.4328193450675291
190623,msmarco_passage_16_441596136,0.4303450252203381
190623,msmarco_passage_39_458598148,0.4267273933133658
190623,msmarco_passage_12_478591899,0.4164477595949874
190623,msmarco_passage_19_616018280,0.4128576666335849
190623,msmarco_passage_19_616027567,0.399936242642648
190623,msmarco_passage_19_716081070,0.3956846852074651
190623,msmarco_passage_01_781010628,0.3904146252309575
190623,msmarco_passage_18_71105299,0.3709838891730589
190623,msmarco_passage_54_360362743,0.3614550368750797
190623,msmarco_passage_12_327448162,0.3569897086304777
190623,msmarco_passage_03_197209851,0.3479382780544898
190623,msmarco_passage_17_800530724,0.3449669155127862
190623,msmarco_passage_00_680645686,0.3430508567129864
190623,msmarco_passage_59_148152280,0.3412436224081936
190623,msmarco_passage_24_81419398,0.3411788099828888
190623,msmarco_passage_21_122779101,0.3403850416050238
190623,msmarco_passage_31_381741895,0.33961141074405
190623,msmarco_passage_04_156808610,0.3274272726739153
190623,msmarco_passage_39_662478101,0.3234950577949776
190623,msmarco_passage_05_582384406,0.3227843715864069
190623,msmarco_passage_10_415765599,0.3193836008801179
190623,msmarco_passage_11_225273304,0.3173799374524285
190623,msmarco_passage_23_591996861,0.316877196115606
190623,msmarco_passage_05_598763431,0.3106459322659408
190623,msmarco_passage_35_698299248,0.3093798065886778
190623,msmarco_passage_54_207995369,0.3001196172307519
190623,msmarco_passage_06_41635926,0.2990746459978468
190623,msmarco_passage_35_234866879,0.2986133682925035
190623,msmarco_passage_29_508348371,0.2961719979258145
190623,msmarco_passage_37_687367747,0.2954269669511739
190623,msmarco_passage_09_469598368,0.2934060371535666
190623,msmarco_passage_24_81055389,0.2644017737577943
190623,msmarco_passage_47_69168407,0.2573592183344504
190623,msmarco_passage_19_754807463,0.2532648979302715
190623,msmarco_passage_20_499088840,0.2425669094438061
190623,msmarco_passage_47_68996541,0.2388366715434719
190623,msmarco_passage_06_41633235,0.2209947196438032
190623,msmarco_passage_19_567885762,0.2062891125679016
190623,msmarco_passage_54_207993948,0.2054753317881156
190623,msmarco_passage_47_68949842,0.1998770012136768
190623,msmarco_passage_00_787246930,0.1756637542563326
226975,msmarco_passage_65_219573228,1.6916079653633966
226975,msmarco_passage_52_269196632,1.437831171635585
226975,msmarco_passage_10_719901294,1.282352693636882
226975,msmarco_passage_64_363384407,1.2485723557170747
226975,msmarco_passage_24_559073437,1.1698204756951427
226975,msmarco_passage_59_779343147,1.153935670941557
226975,msmarco_passage_25_95176272,1.1444076421073646
226975,msmarco_passage_59_710149301,1.006738529020419
226975,msmarco_passage_00_519959798,0.999511532703756
226975,msmarco_passage_12_190331710,0.986198542530676
226975,msmarco_passage_10_719898481,0.9780586143582344
226975,msmarco_passage_61_742439218,0.8909369270730682
226975,msmarco_passage_00_103998667,0.8819001341854737
226975,msmarco_passage_25_95167754,0.8814519054566226
226975,msmarco_passage_44_466774508,0.8464480631903514
226975,msmarco_passage_29_22477892,0.8185212996810646
226975,msmarco_passage_27_446399410,0.8164504243623489
226975,msmarco_passage_27_446336923,0.8101839709430505
226975,msmarco_passage_12_355600311,0.7867662811810767
226975,msmarco_passage_29_280788424,0.7850443102083636
226975,msmarco_passage_35_201501678,0.7842753034452922
226975,msmarco_passage_16_230628754,0.7688035365119076
226975,msmarco_passage_65_628619479,0.7128525481985263
226975,msmarco_passage_09_35262248,0.7059868149423645
226975,msmarco_passage_30_263547030,0.6956210768920006
226975,msmarco_passage_28_849866213,0.6830200307606965
226975,msmarco_passage_11_561307741,0.6725828398736988
226975,msmarco_passage_24_559064165,0.6611609806236118
226975,msmarco_passage_11_560021125,0.6481770580961286
226975,msmarco_passage_07_822308986,0.6466226329482299
226975,msmarco_passage_27_447348801,0.6463950551996295
226975,msmarco_passage_38_604886595,0.6096224477112808
226975,msmarco_passage_54_240611981,0.6089442774667722
226975,msmarco_passage_57_713774992,0.6077707575728772
226975,msmarco_passage_50_745979337,0.6005930819595992
226975,msmarco_passage_67_35039576,0.5831476235321132
226975,msmarco_passage_50_829990867,0.5776710103507924
226975,msmarco_passage_48_751105107,0.5734202585621511
226975,msmarco_passage_29_279843468,0.5732494804540279
226975,msmarco_passage_56_154460937,0.5632809958401943
226975,msmarco_passage_06_787543394,0.5477786191043552
226975,msmarco_passage_53_70417866,0.5461069166231705
226975,msmarco_passage_12_208890878,0.5441567666035714
226975,msmarco_passage_60_322466152,0.5360562791931778
226975,msmarco_passage_39_117321159,0.5200171164818258
226975,msmarco_passage_34_252161546,0.5187447193399257
226975,msmarco_passage_12_620714233,0.5127650847399566
226975,msmarco_passage_00_100789200,0.5125954848865077
226975,msmarco_passage_41_433096217,0.5099377482700896
226975,msmarco_passage_38_611762296,0.5083897425710069
226975,msmarco_passage_27_505916170,0.5037757510021115
226975,msmarco_passage_12_188586749,0.5019410419298385
226975,msmarco_passage_12_223016324,0.5008079877892939
226975,msmarco_passage_66_694032311,0.5004422820454476
226975,msmarco_passage_11_92021773,0.4969017704546966
226975,msmarco_passage_55_290464162,0.4925678339351972
226975,msmarco_passage_59_411850383,0.4913778604562765
226975,msmarco_passage_14_320420557,0.4860227204352074
226975,msmarco_passage_24_255039402,0.4706061143703108
226975,msmarco_passage_12_264631080,0.468932152783082
226975,msmarco_passage_66_207693737,0.4682443095190756
226975,msmarco_passage_04_99063195,0.4666636498125264
226975,msmarco_passage_04_303106779,0.461834703741572
226975,msmarco_passage_25_132167309,0.4537777285333562
226975,msmarco_passage_38_608836375,0.452074597614495
226975,msmarco_passage_42_239168464,0.4481455756599585
226975,msmarco_passage_27_594694412,0.4465426018488373
226975,msmarco_passage_00_319806697,0.4403330456661927
226975,msmarco_passage_04_389143918,0.4310046353110416
226975,msmarco_passage_53_355313572,0.4247719850430438
226975,msmarco_passage_22_752323735,0.4225554051386658
226975,msmarco_passage_64_17248607,0.4164939658039482
226975,msmarco_passage_38_643082324,0.4154964141040497
226975,msmarco_passage_29_697462600,0.4121713527368448
226975,msmarco_passage_46_396622934,0.4112524839769959
226975,msmarco_passage_04_99173143,0.4046797860388788
226975,msmarco_passage_31_162707921,0.3991200768278977
226975,msmarco_passage_12_732304353,0.3977077188622117
226975,msmarco_passage_02_301749223,0.3874678647315285
226975,msmarco_passage_17_96921488,0.3721932263953802
226975,msmarco_passage_56_312287596,0.3473898509504811
226975,msmarco_passage_38_294432698,0.3408246019399749
226975,msmarco_passage_57_422318412,0.3373558056391668
226975,msmarco_passage_18_292505346,0.3029831413297502
226975,msmarco_passage_04_99746131,0.2652305314447713
226975,msmarco_passage_17_97011100,0.2427142366766929
237669,msmarco_passage_07_367182198,1.7422144015630088
237669,msmarco_passage_15_789050318,1.5084326080056356
237669,msmarco_passage_07_367182777,1.3631118379298997
237669,msmarco_passage_45_442422969,1.247838008928599
237669,msmarco_passage_10_602776522,1.2341058575757144
237669,msmarco_passage_17_527703255,1.1746362497971492
237669,msmarco_passage_65_555172153,1.1681764652644064
237669,msmarco_passage_01_18414553,1.1375292246071798
237669,msmarco_passage_12_426429806,1.1369113452654465
237669,msmarco_passage_07_367183200,1.128073916457734
237669,msmarco_passage_04_683571154,1.0862661564625036
237669,msmarco_passage_51_88229309,1.074567743967164
237669,msmarco_passage_45_423986487,1.069895364203543
237669,msmarco_passage_45_441302401,1.0664013470681208
237669,msmarco_passage_04_683570514,1.0654698030253875
237669,msmarco_passage_30_631109766,1.0152687163847798
237669,msmarco_passage_36_301500596,0.9986730014378168
237669,msmarco_passage_45_59853117,0.98471325067979
237669,msmarco_passage_37_12435424,0.9719966671376858
237669,msmarco_passage_18_146883626,0.9705606333489688
237669,msmarco_passage_55_502516645,0.957422816640926
237669,msmarco_passage_59_595789257,0.899576458278692
237669,msmarco_passage_45_438148593,0.8984634634458795
237669,msmarco_passage_30_648086725,0.8982145349934416
237669,msmarco_passage_65_555171684,0.8948489612565851
237669,msmarco_passage_42_254206406,0.8869494112032764
237669,msmarco_passage_01_18419824,0.8863022302681545
237669,msmarco_passage_42_254196571,0.8776746302280786
237669,msmarco_passage_52_622788766,0.8763593744556859
237669,msmarco_passage_45_442430085,0.8715797058253918
237669,msmarco_passage_17_527712431,0.8703710595391831
237669,msmarco_passage_45_442414342,0.8582021060979592
237669,msmarco_passage_45_438537611,0.8385084810122003
237669,msmarco_passage_42_254390342,0.8268235252713257
237669,msmarco_passage_26_562634447,0.826711383518183
237669,msmarco_passage_49_691166060,0.8225205975321104
237669,msmarco_passage_01_18421906,0.8191319257583258
237669,msmarco_passage_45_442437951,0.8089144750586097
237669,msmarco_passage_49_850755542,0.8067883095088995
237669,msmarco_passage_31_224577556,0.7994339573495793
237669,msmarco_passage_21_311247506,0.7913491113005944
237669,msmarco_passage_09_3285840,0.7869080288792556
237669,msmarco_passage_17_527712961,0.7863276425959929
237669,msmarco_passage_65_555174710,0.7817024022340775
237669,msmarco_passage_25_185991599,0.773370324778107
237669,msmarco_passage_65_416828858,0.770174256585679
237669,msmarco_passage_52_633940249,0.7672965246551442
237669,msmarco_passage_68_852728207,0.7632727003322457
237669,msmarco_passage_54_571799701,0.7620003431473139
237669,msmarco_passage_45_438172284,0.7589274809045612
237669,msmarco_passage_65_562723528,0.7566491751176007
237669,msmarco_passage_39_670135383,0.7413034507126178
237669,msmarco_passage_19_33908410,0.723337914583818
237669,msmarco_passage_46_167182193,0.714291587190808
237669,msmarco_passage_45_59846711,0.7137207102100804
237669,msmarco_passage_17_527711942,0.7121127388949664
237669,msmarco_passage_45_442427759,0.7053968481297763
237669,msmarco_passage_12_426552189,0.6988944391034684
237669,msmarco_passage_36_301510770,0.6981944282662194
237669,msmarco_passage_20_172737419,0.6917823339408299
237669,msmarco_passage_42_254827223,0.685006145430061
237669,msmarco_passage_36_301506958,0.6787838717676559
237669,msmarco_passage_09_102647672,0.6732392561885545
237669,msmarco_passage_11_509829565,0.6675390332937241
237669,msmarco_passage_07_260267738,0.6618451130840014
237669,msmarco_passage_11_113010366,0.660153932841319
237669,msmarco_passage_02_749776350,0.6599380245186248
237669,msmarco_passage_55_655080813,0.6579626185151766
237669,msmarco_passage_02_749769595,0.6509315089797074
237669,msmarco_passage_45_447293232,0.650168365240097
237669,msmarco_passage_17_527707724,0.6429096539627831
237669,msmarco_passage_07_282972464,0.6193136626819394
237669,msmarco_passage_10_704107453,0.6166622321560697
237669,msmarco_passage_42_779507632,0.6121729705693587
237669,msmarco_passage_50_427207612,0.6120329241707639
237669,msmarco_passage_60_74449038,0.6029968646899709
237669,msmarco_passage_36_301511636,0.5928043507742432
237669,msmarco_passage_11_286311799,0.5711868590341425
237669,msmarco_passage_50_427671046,0.5617854197632591
237669,msmarco_passage_17_528455034,0.5578782152454808
237669,msmarco_passage_16_82049104,0.544320130235744
237669,msmarco_passage_41_506830221,0.5255137647097966
237669,msmarco_passage_31_606852033,0.5137102991342545
237669,msmarco_passage_07_282973400,0.4768921407326212
237669,msmarco_passage_17_831536474,0.4713459818992974
237669,msmarco_passage_53_384742564,0.4699668217380092
237669,msmarco_passage_59_581628942,0.447855392604504
253263,msmarco_passage_58_107305431,1.575043999486499
253263,msmarco_passage_48_763440047,1.448852775783762
253263,msmarco_passage_66_685673120,1.3867826170878284
253263,msmarco_passage_48_836680363,1.3172024955243264
253263,msmarco_passage_28_326468821,1.281189139673793
253263,msmarco_passage_39_711863628,1.2378848030468277
253263,msmarco_passage_10_191792164,1.2169332510165032
253263,msmarco_passage_02_511537499,1.1965704136527076
253263,msmarco_passage_04_230573801,1.1192049771720252
253263,msmarco_passage_06_462575340,1.093221548421906
253263,msmarco_passage_61_344475322,1.0844337906782124
253263,msmarco_passage_08_503004422,1.0750150607967286
253263,msmarco_passage_10_191789571,1.0596123216230589
253263,msmarco_passage_36_657904945,1.05362425908821
253263,msmarco_passage_32_85294260,1.0528281875459091
253263,msmarco_passage_10_474268814,0.9969385065585086
253263,msmarco_passage_10_191791634,0.9922111173778254
253263,msmarco_passage_48_836315413,0.9888050847922812
253263,msmarco_passage_55_741521824,0.983213571215506
253263,msmarco_passage_07_70365861,0.9801039072023832
253263,msmarco_passage_04_230567028,0.9788795044735736
253263,msmarco_passage_08_463555490,0.9782479163987032
253263,msmarco_passage_54_63139293,0.9739396838431662
253263,msmarco_passage_10_191792405,0.9689302215493164
253263,msmarco_passage_10_474269475,0.9633749415726912
253263,msmarco_passage_07_70363350,0.9624516374483792
253263,msmarco_passage_48_836655386,0.9606450370593964
253263,msmarco_passage_04_230597806,0.9537092500544608
253263,msmarco_passage_17_307265996,0.9489185671626484
253263,msmarco_passage_10_192136472,0.9439238755223368
253263,msmarco_passage_48_836298228,0.942441105254614
253263,msmarco_passage_32_787081535,0.9383837219824874
253263,msmarco_passage_54_184927097,0.935410601511684
253263,msmarco_passage_17_120530047,0.9185665810361822
253263,msmarco_passage_10_191792813,0.91634047092506
253263,msmarco_passage_10_191809958,0.9148511412757048
253263,msmarco_passage_24_223690258,0.908728450502141
253263,msmarco_passage_08_67643899,0.9042815455615636
253263,msmarco_passage_48_433212241,0.9013169382596156
253263,msmarco_passage_53_402196399,0.8969343849607316
253263,msmarco_passage_36_413437203,0.8946424295062945
253263,msmarco_passage_48_836652623,0.8911926837216494
253263,msmarco_passage_36_413438202,0.8903937310960353
253263,msmarco_passage_10_192135129,0.882863293729391
253263,msmarco_passage_00_25923498,0.8744992239332291
253263,msmarco_passage_53_682021126,0.8733513247690071
253263,msmarco_passage_06_787030213,0.8642722632771995
253263,msmarco_passage_04_99696012,0.8599675833141319
253263,msmarco_passage_04_311969000,0.8529235065329237
253263,msmarco_passage_35_324760678,0.848861719613149
253263,msmarco_passage_17_307267669,0.8424817692956795
253263,msmarco_passage_24_186269094,0.8317525360178439
253263,msmarco_passage_10_191791825,0.8288218134261192
253263,msmarco_passage_12_269912869,0.8231258279004456
253263,msmarco_passage_10_191790466,0.8120094480205551
253263,msmarco_passage_00_170123031,0.811185250671966
253263,msmarco_passage_00_271917504,0.8061916147256035
253263,msmarco_passage_44_330411377,0.7979619768186972
253263,msmarco_passage_00_170122187,0.7887580706833409
253263,msmarco_passage_07_678949670,0.7882721719070838
253263,msmarco_passage_12_263128349,0.7864564844326078
253263,msmarco_passage_12_268383729,0.7838326601041354
253263,msmarco_passage_06_694809167,0.7812520934373314
253263,msmarco_passage_36_110149787,0.7776128373535736
253263,msmarco_passage_41_34601591,0.774141947195885
253263,msmarco_passage_00_170115947,0.7721636058744656
253263,msmarco_passage_12_178110959,0.7623713284557977
253263,msmarco_passage_04_99697717,0.7523618940804406
253263,msmarco_passage_37_472032748,0.7354660721016576
253263,msmarco_passage_59_38931519,0.7347748565662299
253263,msmarco_passage_00_25922941,0.7230599587613886
253263,msmarco_passage_17_120526991,0.72061730183416
253263,msmarco_passage_09_798090313,0.720429116585499
253263,msmarco_passage_00_25923169,0.7187510958204417
253263,msmarco_passage_00_25920424,0.714554750746408
253263,msmarco_passage_07_70363860,0.7144413429025986
253263,msmarco_passage_00_493486438,0.6913081330648936
253263,msmarco_passage_48_433137695,0.6625430838167091
253263,msmarco_passage_24_211579613,0.6425533142149794
253263,msmarco_passage_04_99738467,0.6060011323750365
253263,msmarco_passage_51_508064468,0.5930587749243704
253263,msmarco_passage_24_154530738,0.5391397258933324
253263,msmarco_passage_13_45087416,0.4482398688793182
300025,msmarco_passage_23_307538604,1.555178632338842
300025,msmarco_passage_10_457252165,1.2976073833985664
300025,msmarco_passage_20_736374757,1.0317511686580598
300025,msmarco_passage_10_457250983,0.988317315040076
300025,msmarco_passage_20_281778523,0.9822772257553716
300025,msmarco_passage_01_860445927,0.8883822784285538
300025,msmarco_passage_62_872025429,0.8530774611033562
300025,msmarco_passage_48_244666680,0.8163664631426837
300025,msmarco_passage_35_594922783,0.8113044927303437
300025,msmarco_passage_51_212299641,0.7998091715438334
300025,msmarco_passage_44_592233789,0.794252815359423
300025,msmarco_passage_20_736374373,0.7930334910221253
300025,msmarco_passage_47_342206698,0.7784321432832155
300025,msmarco_passage_04_561350495,0.7766818252936087
300025,msmarco_passage_18_743987700,0.7696049472245527
300025,msmarco_passage_46_461393566,0.755876945306904
300025,msmarco_passage_18_227809208,0.7488815488889045
300025,msmarco_passage_01_239188347,0.7431186609549733
300025,msmarco_passage_68_213251933,0.7345222057224773
300025,msmarco_passage_18_227810900,0.7334185192768219
300025,msmarco_passage_10_457251442,0.7231741647060608
300025,msmarco_passage_08_595957553,0.7227471236687681
300025,msmarco_passage_46_377979165,0.7211510488723301
300025,msmarco_passage_33_503719675,0.7172969456800481
300025,msmarco_passage_51_486644437,0.7149545815774181
300025,msmarco_passage_00_158178731,0.7140511714278144
300025,msmarco_passage_07_96598783,0.7097469879654712
300025,msmarco_passage_05_494940863,0.7076757475580138
300025,msmarco_passage_26_221814524,0.7044878537367747
300025,msmarco_passage_67_1629936,0.7018230830857769
300025,msmarco_passage_37_77317847,0.6975724586059584
300025,msmarco_passage_68_212793328,0.6920413695185008
300025,msmarco_passage_05_28772869,0.6849300872698608
300025,msmarco_passage_35_461936291,0.6844337357548541
300025,msmarco_passage_67_1335487,0.6790393496939482
300025,msmarco_passage_67_1476721,0.6755692102720274
300025,msmarco_passage_35_461931987,0.6717100008595962
300025,msmarco_passage_29_752023711,0.6666425159604279
300025,msmarco_passage_28_863223069,0.6641634715167629
300025,msmarco_passage_01_722010666,0.661849614723665
300025,msmarco_passage_28_865414530,0.656747314194261
300025,msmarco_passage_14_634810200,0.655003232213528
300025,msmarco_passage_29_300498868,0.6549476536139217
300025,msmarco_passage_67_1777942,0.6549088343153966
300025,msmarco_passage_60_347669971,0.6458828728810134
300025,msmarco_passage_58_714478309,0.6435954331178585
300025,msmarco_passage_00_163729495,0.6361286404332269
300025,msmarco_passage_60_347315974,0.6304702818589224
300025,msmarco_passage_60_235065767,0.606613212184249
300025,msmarco_passage_12_60198128,0.6032619821405232
300025,msmarco_passage_68_165142816,0.5932452445010101
300025,msmarco_passage_68_172633202,0.585869768806563
300025,msmarco_passage_68_149059129,0.5855266496860322
300025,msmarco_passage_44_61706146,0.5804258790156946
300025,msmarco_passage_43_711807262,0.579023046616985
300025,msmarco_passage_21_552073940,0.5770132599417697
300025,msmarco_passage_52_629959888,0.5648221435648544
300025,msmarco_passage_64_341030026,0.5644461647220718
300025,msmarco_passage_26_701334157,0.5638653254888834
300025,msmarco_passage_05_734061511,0.5625338364172563
300025,msmarco_passage_31_620112557,0.5610863923998558
300025,msmarco_passage_28_605832986,0.5579235712054073
300025,msmarco_passage_02_125607648,0.5514845496349058
300025,msmarco_passage_26_628942056,0.5432208348739449
300025,msmarco_passage_64_373890460,0.5386779743734653
300025,msmarco_passage_22_520744361,0.5353499119485106
300025,msmarco_passage_48_479045855,0.5350415265940011
300025,msmarco_passage_03_833777696,0.5320484437530244
300025,msmarco_passage_13_542989873,0.5255998201032833
300025,msmarco_passage_56_147392857,0.508258295056411
300025,msmarco_passage_57_329407553,0.5054691077842819
300025,msmarco_passage_23_468319423,0.5015777588560968
300025,msmarco_passage_09_861287934,0.5007396032766639
300025,msmarco_passage_32_641899465,0.4923647167560868
300025,msmarco_passage_39_627944418,0.48525696365964
300025,msmarco_passage_43_478922277,0.4837841243892489
300025,msmarco_passage_32_786917093,0.4829549696809684
300025,msmarco_passage_26_135639654,0.4740956398350341
300025,msmarco_passage_09_416975917,0.4690277372131642
300025,msmarco_passage_29_49710876,0.461915266147929
300025,msmarco_passage_46_371312367,0.4379478379511453
300025,msmarco_passage_01_294803376,0.4275041133165359
300025,msmarco_passage_28_591532942,0.4168025473371888
300025,msmarco_passage_01_493109923,0.4132704351226526
300025,msmarco_passage_29_313424631,0.4049074580081177
300025,msmarco_passage_02_413200746,0.3911890941713051
300025,msmarco_passage_34_481274696,0.3734922256736188
300025,msmarco_passage_12_412202707,0.3515903261323453
300986,msmarco_passage_60_672040749,1.7321197655465868
300986,msmarco_passage_52_724524912,1.5000656422763723
300986,msmarco_passage_14_491490487,1.3502852536771597
300986,msmarco_passage_44_178929410,1.3484731905125524
300986,msmarco_passage_28_817645953,1.2069919993420524
300986,msmarco_passage_14_491491316,1.2066867794196563
300986,msmarco_passage_14_491489667,1.2038046855424265
300986,msmarco_passage_48_253244347,1.1837148134495123
300986,msmarco_passage_63_826007040,1.1474770567093338
300986,msmarco_passage_42_671053391,1.0791948451562772
300986,msmarco_passage_26_350243017,1.066630904315887
300986,msmarco_passage_60_672100841,1.0209190930582603
300986,msmarco_passage_60_588572280,1.0202940825031068
300986,msmarco_passage_14_193793985,1.0120911030579876
300986,msmarco_passage_60_672040286,1.002443933013259
300986,msmarco_passage_51_532132796,0.97284126629667
300986,msmarco_passage_02_562680030,0.9727898044540066
300986,msmarco_passage_52_724523436,0.9662556972668322
300986,msmarco_passage_26_350243980,0.9608874379347944
300986,msmarco_passage_60_672038313,0.9523485762647784
300986,msmarco_passage_63_826007528,0.9352979563437438
300986,msmarco_passage_60_672035513,0.9264294592862774
300986,msmarco_passage_04_451515431,0.9105064355943602
300986,msmarco_passage_30_600329174,0.8961807357892746
300986,msmarco_passage_55_151574959,0.871867511398181
300986,msmarco_passage_40_77968136,0.8409374595759833
300986,msmarco_passage_42_681422419,0.8183008430301861
300986,msmarco_passage_41_212377934,0.8000796043348402
300986,msmarco_passage_26_350239990,0.7912080209522508
300986,msmarco_passage_54_184233851,0.7646163313763257
300986,msmarco_passage_17_660918641,0.7554229194726602
300986,msmarco_passage_45_326378810,0.7499737234276878
300986,msmarco_passage_32_791104712,0.7486055238864957
300986,msmarco_passage_56_488991713,0.7186658964561987
300986,msmarco_passage_27_294688455,0.7141204349816466
300986,msmarco_passage_03_500285269,0.702161850995237
300986,msmarco_passage_05_845757340,0.6899737023359892
300986,msmarco_passage_46_770958900,0.6896121306191555
300986,msmarco_passage_61_638698118,0.6607680021391348
300986,msmarco_passage_26_350240694,0.6533937008880508
300986,msmarco_passage_42_118563231,0.6487711483758919
300986,msmarco_passage_28_728577037,0.6256830958848645
300986,msmarco_passage_23_314351210,0.6201033727955796
300986,msmarco_passage_20_258080636,0.6172213297298526
300986,msmarco_passage_02_25175874,0.5946529477355383
300986,msmarco_passage_22_797571811,0.5935985269756281
300986,msmarco_passage_31_535308559,0.5931938274863089
300986,msmarco_passage_15_364916449,0.5810104933851941
300986,msmarco_passage_14_193792580,0.5653373393171106
300986,msmarco_passage_26_350240316,0.5464004278126593
300986,msmarco_passage_56_75823477,0.5275507823267181
300986,msmarco_passage_15_522408017,0.5220522238549582
300986,msmarco_passage_15_522406697,0.5143255683393443
300986,msmarco_passage_20_45967791,0.5079691129466105
300986,msmarco_passage_51_32980865,0.5074995730970981
300986,msmarco_passage_01_801289264,0.50002639802312
300986,msmarco_passage_24_387948135,0.4996925755926428
300986,msmarco_passage_51_119000415,0.4990315668884041
300986,msmarco_passage_30_772322938,0.4910331162001123
300986,msmarco_passage_36_850727802,0.4910322832322504
300986,msmarco_passage_36_850727476,0.4843199968338013
300986,msmarco_passage_45_147093599,0.4730493432131147
300986,msmarco_passage_59_42639171,0.4659955477632772
300986,msmarco_passage_08_356398935,0.4561046960845575
300986,msmarco_passage_58_567141580,0.4470020250684265
300986,msmarco_passage_52_722544963,0.4429647278481197
300986,msmarco_passage_36_850643220,0.4427088379098653
300986,msmarco_passage_15_364893095,0.4388462337676714
300986,msmarco_passage_15_718851878,0.4356875660347284
300986,msmarco_passage_47_461009684,0.4317556896196747
300986,msmarco_passage_34_52776019,0.4216385750637487
300986,msmarco_passage_58_567141270,0.3992039514129299
300986,msmarco_passage_15_225348458,0.3969431516294109
300986,msmarco_passage_02_308969012,0.3756183521848528
300986,msmarco_passage_54_299261018,0.3739479931097833
300986,msmarco_passage_51_205043835,0.3636247001426222
300986,msmarco_passage_41_358743,0.361472393040851
300986,msmarco_passage_52_106971142,0.3509328506992691
300986,msmarco_passage_31_490828019,0.3419727724697529
300986,msmarco_passage_51_570058560,0.3376721494217018
300986,msmarco_passage_04_792337596,0.3289845496839019
300986,msmarco_passage_14_344994050,0.3132864605653027
300986,msmarco_passage_59_621467447,0.3085602909819969
300986,msmarco_passage_45_526960282,0.2484782461341304
337656,msmarco_passage_10_733659281,1.5117496748765311
337656,msmarco_passage_45_114413828,1.236171359539032
337656,msmarco_passage_02_244988916,1.1397696033053928
337656,msmarco_passage_24_336760901,1.0161703005366856
337656,msmarco_passage_64_504411889,1.006087694591946
337656,msmarco_passage_65_57452647,0.9213922975593144
337656,msmarco_passage_26_795932174,0.9153857182396784
337656,msmarco_passage_62_871924943,0.8646421757804024
337656,msmarco_passage_04_81160586,0.8603446880578995
337656,msmarco_passage_10_261222350,0.849452360338635
337656,msmarco_passage_65_57454141,0.8189469087123872
337656,msmarco_passage_04_296761666,0.7847803372740746
337656,msmarco_passage_04_86617990,0.7402867708206177
337656,msmarco_passage_04_117733953,0.735881266673406
337656,msmarco_passage_20_147095091,0.7314437739253044
337656,msmarco_passage_64_35121073,0.7216287611722947
337656,msmarco_passage_58_21990273,0.6822935133576393
337656,msmarco_passage_58_52331998,0.6766749696731568
337656,msmarco_passage_07_210790811,0.6733455518484116
337656,msmarco_passage_02_291359768,0.664698786854744
337656,msmarco_passage_13_275790560,0.6435458669662476
337656,msmarco_passage_64_128749989,0.6323441876769067
337656,msmarco_passage_12_698299688,0.6290467896461487
337656,msmarco_passage_55_586789337,0.6188817617297173
337656,msmarco_passage_19_746912315,0.6180053218603134
337656,msmarco_passage_04_117797406,0.6177526289224625
337656,msmarco_passage_59_238859334,0.6127398262619972
337656,msmarco_passage_04_117819168,0.6121354776024819
337656,msmarco_passage_21_514730872,0.6102423375844955
337656,msmarco_passage_04_117571605,0.6074076410531998
337656,msmarco_passage_04_117740243,0.606382936835289
337656,msmarco_passage_34_410181837,0.6038484297692777
337656,msmarco_passage_04_117766389,0.603703178882599
337656,msmarco_passage_06_310924727,0.5975640128850938
337656,msmarco_passage_36_22207071,0.5898103536963464
337656,msmarco_passage_36_682317950,0.5769345443248749
337656,msmarco_passage_04_117768972,0.5754994937181472
337656,msmarco_passage_39_374315264,0.5751922253370285
337656,msmarco_passage_04_117818646,0.573634240269661
337656,msmarco_passage_57_850780802,0.5729720779657363
337656,msmarco_passage_54_545898087,0.5726473807394505
337656,msmarco_passage_04_117795643,0.5669518846273423
337656,msmarco_passage_31_555100951,0.5615898655653
337656,msmarco_passage_04_117741373,0.5594915626049042
337656,msmarco_passage_45_854029576,0.5573001011610031
337656,msmarco_passage_04_117748829,0.5526840634942055
337656,msmarco_passage_04_117797785,0.5486216591000557
337656,msmarco_passage_04_117777447,0.5456540046930314
337656,msmarco_passage_24_353052495,0.5411289886832238
337656,msmarco_passage_04_117794474,0.5389150620102883
337656,msmarco_passage_39_370329106,0.5369367201328278
337656,msmarco_passage_68_680545100,0.5369137619137764
337656,msmarco_passage_58_488943922,0.5274417160153388
337656,msmarco_passage_39_370329950,0.5269121140241623
337656,msmarco_passage_04_321313763,0.5131351576447487
337656,msmarco_passage_04_117739775,0.5084077926278114
337656,msmarco_passage_04_117742620,0.5021061123609543
337656,msmarco_passage_47_828472839,0.4978390795588494
337656,msmarco_passage_04_117738464,0.4976799235343933
337656,msmarco_passage_28_384079870,0.4901206414103508
337656,msmarco_passage_31_732120743,0.4900644806623458
337656,msmarco_passage_22_229264959,0.489930269896984
337656,msmarco_passage_62_573196830,0.4891546004116536
337656,msmarco_passage_39_370330874,0.4882189463376999
337656,msmarco_passage_47_98914319,0.4798152646422386
337656,msmarco_passage_08_628368879,0.4735314013361931
337656,msmarco_passage_04_216251580,0.4680518116950989
337656,msmarco_passage_16_288803144,0.4604457446932792
337656,msmarco_passage_04_117831391,0.4438981186151505
337656,msmarco_passage_19_193432376,0.4424330722093582
337656,msmarco_passage_26_431216410,0.4215663786530494
337656,msmarco_passage_00_325854603,0.4192948608994484
337656,msmarco_passage_04_117788983,0.4184196374416351
337656,msmarco_passage_04_117740666,0.4014908117949963
337656,msmarco_passage_28_381122836,0.3844817759394646
337656,msmarco_passage_61_738867490,0.3837696876525879
337656,msmarco_passage_14_717947002,0.3773452565073967
337656,msmarco_passage_06_621546583,0.377270056694746
337656,msmarco_passage_14_657609750,0.3763395597338676
337656,msmarco_passage_58_626632255,0.3685508161187172
337656,msmarco_passage_00_325854179,0.3671839209198951
337656,msmarco_passage_45_374621904,0.3485128515362739
337656,msmarco_passage_27_549691728,0.3317029511034489
337656,msmarco_passage_63_129177566,0.3269290218353271
337656,msmarco_passage_07_223920844,0.3248196351528168
337656,msmarco_passage_12_240515955,0.3069099858403206
337656,msmarco_passage_38_820422534,0.239556380212307
337656,msmarco_passage_61_46748406,0.2262868709564209
337656,msmarco_passage_47_810577626,0.2255661849677562
364210,msmarco_passage_11_678680186,1.7602705624368455
364210,msmarco_passage_55_272628196,1.569015225513444
364210,msmarco_passage_11_73533498,1.3915084577762624
364210,msmarco_passage_11_73532770,1.3732021041602644
364210,msmarco_passage_25_596444800,1.3457479944377664
364210,msmarco_passage_43_286763885,1.326233535563722
364210,msmarco_passage_61_344485493,1.2774265368504916
364210,msmarco_passage_09_484429649,1.2645739462601324
364210,msmarco_passage_25_596444118,1.23819978366338
364210,msmarco_passage_53_13525832,1.227396500114549
364210,msmarco_passage_11_678675186,1.2171925470306513
364210,msmarco_passage_11_678674735,1.2085001931138712
364210,msmarco_passage_55_272622963,1.2070238543109857
364210,msmarco_passage_11_73529276,1.197481167734199
364210,msmarco_passage_63_13231404,1.1787067416566264
364210,msmarco_passage_65_825758557,1.1777368125828445
364210,msmarco_passage_67_718574094,1.1735047072672304
364210,msmarco_passage_55_272625444,1.1045536943567
364210,msmarco_passage_59_36176375,1.103654466959237
364210,msmarco_passage_65_825760429,1.0970287915631791
364210,msmarco_passage_67_718569701,1.0962149782394963
364210,msmarco_passage_59_36173095,1.0789615629809042
364210,msmarco_passage_25_596446470,1.0519038161603038
364210,msmarco_passage_53_13528139,1.0458228770389726
364210,msmarco_passage_64_431437978,1.014795662508312
364210,msmarco_passage_09_484427074,1.014492537032699
364210,msmarco_passage_11_73532357,1.010211215661756
364210,msmarco_passage_61_344485920,1.0041056892714166
364210,msmarco_passage_10_191809958,1.0011145778787336
364210,msmarco_passage_01_516481351,0.981417179125318
364210,msmarco_passage_61_706780914,0.979845873501082
364210,msmarco_passage_24_153740607,0.9687290829178848
364210,msmarco_passage_66_237486153,0.9686957081649288
364210,msmarco_passage_55_284125175,0.9679227054295628
364210,msmarco_passage_28_624418171,0.9631666024545572
364210,msmarco_passage_11_3165348,0.942481725713696
364210,msmarco_passage_25_596449281,0.9394188306173944
364210,msmarco_passage_29_246437068,0.9393071332723932
364210,msmarco_passage_29_246434021,0.9369069780437286
364210,msmarco_passage_63_13230428,0.935751321467572
364210,msmarco_passage_61_706783811,0.9267638754279804
364210,msmarco_passage_64_431444427,0.9178043538526156
364210,msmarco_passage_66_237486899,0.9166241579029896
364210,msmarco_passage_61_706775831,0.9152590075755992
364210,msmarco_passage_11_678681620,0.902161607366912
364210,msmarco_passage_03_349953368,0.9008909702006828
364210,msmarco_passage_53_500361899,0.8972442261205373
364210,msmarco_passage_53_500353495,0.8968724819008713
364210,msmarco_passage_59_38907424,0.8928548585097623
364210,msmarco_passage_29_246430081,0.8852913622559588
364210,msmarco_passage_63_13229709,0.8776870381267261
364210,msmarco_passage_10_191811699,0.8653759897167097
364210,msmarco_passage_25_596448272,0.8640636086169731
364210,msmarco_passage_66_237485061,0.8619773889635299
364210,msmarco_passage_09_652668025,0.8600600990114654
364210,msmarco_passage_26_848362213,0.8585504497850989
364210,msmarco_passage_19_433866027,0.8567754465229772
364210,msmarco_passage_30_861423617,0.8514721162227393
364210,msmarco_passage_19_433859899,0.8510723476819436
364210,msmarco_passage_25_596446908,0.8403475176958553
364210,msmarco_passage_40_271920829,0.8050495370884168
364210,msmarco_passage_33_73504064,0.7997782801093143
364210,msmarco_passage_61_344447892,0.7983815211181227
364210,msmarco_passage_12_190422397,0.7975645680535817
364210,msmarco_passage_19_433861320,0.7900376032982739
364210,msmarco_passage_08_437103247,0.7854909449992269
364210,msmarco_passage_10_191809167,0.7848016906614248
364210,msmarco_passage_52_344209725,0.7638450646271004
364210,msmarco_passage_53_428816576,0.7594640220494285
364210,msmarco_passage_45_183607269,0.7562463522281015
364210,msmarco_passage_01_62076720,0.7532059219664906
364210,msmarco_passage_61_384193524,0.7438958612652192
364210,msmarco_passage_26_855852987,0.716652174925051
364210,msmarco_passage_30_861423926,0.7100666186092872
364210,msmarco_passage_09_652668837,0.7023545185499341
364210,msmarco_passage_25_596447400,0.6699090222380357
364210,msmarco_passage_02_649371170,0.6625256243662914
364210,msmarco_passage_53_441211686,0.6310882366244909
364210,msmarco_passage_67_705383169,0.5468054479431188
364210,msmarco_passage_12_190424771,0.5448153395908135
364210,msmarco_passage_59_750458353,0.525924665385973
364210,msmarco_passage_59_776450272,0.5193666666834399
364210,msmarco_passage_53_93254410,0.4793268452097844
364210,msmarco_passage_53_264155772,0.4120497608011237
364210,msmarco_passage_19_597763583,0.176696927845478
395948,msmarco_passage_66_136128052,1.634461157851749
395948,msmarco_passage_66_136129737,1.3179537558406358
395948,msmarco_passage_52_407368767,1.2387144122418476
395948,msmarco_passage_00_335703110,1.1638046049549358
395948,msmarco_passage_40_31220962,1.133993065226619
395948,msmarco_passage_09_593796930,1.1317384122216456
395948,msmarco_passage_12_633563963,1.02682119486664
395948,msmarco_passage_64_172367505,0.994942935009331
395948,msmarco_passage_62_806288188,0.956578271153947
395948,msmarco_passage_62_203523866,0.946797535835484
395948,msmarco_passage_62_203359783,0.935313752699346
395948,msmarco_passage_25_524171562,0.9250236243149484
395948,msmarco_passage_01_713479561,0.9148612558421954
395948,msmarco_passage_50_160647318,0.9089312497718792
395948,msmarco_passage_40_478478913,0.900244825420805
395948,msmarco_passage_09_42314854,0.8971127775353445
395948,msmarco_passage_25_524182143,0.8965825223586927
395948,msmarco_passage_20_406078127,0.8794950829984995
395948,msmarco_passage_10_597449528,0.870915274454954
395948,msmarco_passage_52_395520891,0.8577699111381047
395948,msmarco_passage_58_238510091,0.8552598830120104
395948,msmarco_passage_01_713482269,0.8518500516252339
395948,msmarco_passage_30_743901721,0.8517646589749296
395948,msmarco_passage_01_713485374,0.8377654390435822
395948,msmarco_passage_03_692042522,0.8359486463204236
395948,msmarco_passage_37_377820649,0.8345827023747941
395948,msmarco_passage_25_524177402,0.8340430314272221
395948,msmarco_passage_56_55830635,0.8292446902380302
395948,msmarco_passage_60_699254771,0.8274958426823638
395948,msmarco_passage_30_720986447,0.8248767146901905
395948,msmarco_passage_64_415512793,0.8241407736506261
395948,msmarco_passage_01_713483622,0.8233252959911812
395948,msmarco_passage_13_694141582,0.8232743707481125
395948,msmarco_passage_32_155896849,0.8178430922714197
395948,msmarco_passage_09_84938299,0.8177841557723255
395948,msmarco_passage_53_732705817,0.812782378193918
395948,msmarco_passage_25_524178293,0.8087123344901582
395948,msmarco_passage_44_831905070,0.8017265805056397
395948,msmarco_passage_26_289736208,0.8007059918323033
395948,msmarco_passage_50_148674633,0.7962566633739382
395948,msmarco_passage_13_801307303,0.7929368410172037
395948,msmarco_passage_03_432383674,0.7837442849163717
395948,msmarco_passage_30_708780716,0.7823087842811441
395948,msmarco_passage_65_399828602,0.781303881101765
395948,msmarco_passage_03_172698484,0.7777680166030714
395948,msmarco_passage_52_225823964,0.7762239847664542
395948,msmarco_passage_25_524181318,0.7739381960510088
395948,msmarco_passage_03_157509408,0.7671131989205947
395948,msmarco_passage_30_871830863,0.7667953251113353
395948,msmarco_passage_13_694025288,0.7570034499599341
395948,msmarco_passage_57_424507032,0.756467898728702
395948,msmarco_passage_66_563790251,0.7541493427865382
395948,msmarco_passage_64_149789057,0.7465452872251681
395948,msmarco_passage_52_222640483,0.7375101156497785
395948,msmarco_passage_56_55826178,0.7326295215619002
395948,msmarco_passage_56_55825198,0.7234721496771198
395948,msmarco_passage_66_562375326,0.7091385557058272
395948,msmarco_passage_01_413437948,0.7037826706825847
395948,msmarco_passage_41_640911015,0.6998406756092126
395948,msmarco_passage_52_221256134,0.6993897360255461
395948,msmarco_passage_13_692849046,0.6928871369837596
395948,msmarco_passage_66_789006171,0.6695531432617439
395948,msmarco_passage_02_530046410,0.6645072180760299
395948,msmarco_passage_32_73748438,0.6617285062169804
395948,msmarco_passage_18_54011527,0.6294278136301488
395948,msmarco_passage_30_251603586,0.6229521976390355
395948,msmarco_passage_28_856380315,0.5767947330021522
395948,msmarco_passage_09_854441113,0.5448531134307665
395948,msmarco_passage_07_566533734,0.5377307167565318
395948,msmarco_passage_00_412195534,0.5331479321762989
395948,msmarco_passage_32_375020681,0.5302191575228329
395948,msmarco_passage_66_566770991,0.4927589189418604
395948,msmarco_passage_32_540679719,0.446757855528677
395948,msmarco_passage_13_331398108,0.4379620063262925
395948,msmarco_passage_58_551521447,0.4373295521232444
395948,msmarco_passage_35_621993358,0.4367304260287206
395948,msmarco_passage_01_5945384,0.4237870307525558
395948,msmarco_passage_47_62102598,0.4125151872162668
395948,msmarco_passage_12_628094992,0.4116499230545451
395948,msmarco_passage_24_388309628,0.3472345191758003
395948,msmarco_passage_23_826990062,0.3467993520969796
395948,msmarco_passage_41_481823577,0.3460795236865119
395948,msmarco_passage_21_196052140,0.3234036469858297
395948,msmarco_passage_34_432039886,0.3158386709754456
395948,msmarco_passage_21_432344768,0.3023167647736173
395948,msmarco_passage_00_757513154,0.2948877381816716
395948,msmarco_passage_63_268683190,0.2791682081463191
395948,msmarco_passage_28_168406126,0.1989615659058933
395948,msmarco_passage_51_445271182,0.0826295459643006
421946,msmarco_passage_38_643493231,1.4466914543916989
421946,msmarco_passage_38_643300933,1.360908544725842
421946,msmarco_passage_48_124892275,1.1764310267433995
421946,msmarco_passage_04_389002915,1.175445208400455
421946,msmarco_passage_07_822264197,1.1308258170649157
421946,msmarco_passage_38_643532666,1.103876290697648
421946,msmarco_passage_38_643515607,1.069703013962248
421946,msmarco_passage_12_735897565,1.0385254917488158
421946,msmarco_passage_41_167658866,1.0040898566632337
421946,msmarco_passage_41_167538755,0.9908668308679912
421946,msmarco_passage_30_467348880,0.9835546421720304
421946,msmarco_passage_38_643533109,0.9493869631534544
421946,msmarco_passage_38_616474164,0.9488875507360426
421946,msmarco_passage_27_507274905,0.9089864757918406
421946,msmarco_passage_43_349492964,0.8901426371298063
421946,msmarco_passage_41_167638491,0.8778386796267321
421946,msmarco_passage_48_124893100,0.8649907996053066
421946,msmarco_passage_41_167673844,0.8647822211146592
421946,msmarco_passage_24_92132549,0.8368873119472746
421946,msmarco_passage_26_233021569,0.8259061966335797
421946,msmarco_passage_36_784660956,0.7480786335693439
421946,msmarco_passage_41_167613269,0.7360962732056264
421946,msmarco_passage_27_507274457,0.7066448612283049
421946,msmarco_passage_04_158462885,0.6827127392083466
421946,msmarco_passage_47_342647600,0.6689110664795217
421946,msmarco_passage_33_291897430,0.6614571084647957
421946,msmarco_passage_59_51655347,0.6573117433082513
421946,msmarco_passage_15_126016017,0.649092459180957
421946,msmarco_passage_36_48900852,0.6461426629934823
421946,msmarco_passage_43_610974877,0.6392551179345749
421946,msmarco_passage_27_53722100,0.633206451810141
421946,msmarco_passage_46_349702778,0.6224641800282252
421946,msmarco_passage_33_291731635,0.6209084948180448
421946,msmarco_passage_37_842275338,0.615401523932074
421946,msmarco_passage_60_868397569,0.5959264195463055
421946,msmarco_passage_28_462917232,0.5859592637324902
421946,msmarco_passage_12_464246059,0.5823915184314398
421946,msmarco_passage_38_643530429,0.5792760604003788
421946,msmarco_passage_29_771130354,0.5733041372972265
421946,msmarco_passage_30_505144509,0.5614652567070948
421946,msmarco_passage_27_520112739,0.5551793629559086
421946,msmarco_passage_11_721443773,0.5546650466814667
421946,msmarco_passage_66_439017648,0.5539679256751097
421946,msmarco_passage_04_247241594,0.5509515287506415
421946,msmarco_passage_25_479010876,0.5377729438911849
421946,msmarco_passage_37_854750053,0.5368317470517358
421946,msmarco_passage_19_59275397,0.5315181973795768
421946,msmarco_passage_60_868314540,0.528322241827105
421946,msmarco_passage_43_69176565,0.525093215721739
421946,msmarco_passage_04_589827139,0.5227234356149765
421946,msmarco_passage_37_854742429,0.5226729500127834
421946,msmarco_passage_58_157765023,0.5195277070311856
421946,msmarco_passage_30_505146720,0.5183871361477
421946,msmarco_passage_50_626073664,0.5162916412884389
421946,msmarco_passage_33_291730787,0.5045246696792114
421946,msmarco_passage_33_291736081,0.4913275352855089
421946,msmarco_passage_33_291734904,0.4905391360757128
421946,msmarco_passage_54_691760879,0.4852585663881975
421946,msmarco_passage_33_291729915,0.4831211758773795
421946,msmarco_passage_04_589826712,0.4829078921888979
421946,msmarco_passage_27_507275700,0.4811876091817264
421946,msmarco_passage_27_507276155,0.4792916441636223
421946,msmarco_passage_04_247242423,0.4776472371715911
421946,msmarco_passage_04_589830609,0.4757488540549638
421946,msmarco_passage_36_48936738,0.4736552982278183
421946,msmarco_passage_11_726036873,0.4685964515710446
421946,msmarco_passage_12_464246769,0.4640129273027833
421946,msmarco_passage_60_868275198,0.4599357586553983
421946,msmarco_passage_50_626114756,0.4369691633176851
421946,msmarco_passage_33_291730337,0.4262965008557198
421946,msmarco_passage_66_438662364,0.4257324613912205
421946,msmarco_passage_33_291897794,0.423967086489703
421946,msmarco_passage_60_868260315,0.411586239276302
421946,msmarco_passage_33_291733297,0.4095163675384303
421946,msmarco_passage_22_536654559,0.4078281353144475
421946,msmarco_passage_26_340487762,0.3966498299396299
421946,msmarco_passage_32_82880857,0.394156541602749
421946,msmarco_passage_36_789238451,0.367042502002498
421946,msmarco_passage_33_291731902,0.3626195909014753
421946,msmarco_passage_60_868534703,0.3625895206633192
421946,msmarco_passage_66_438608501,0.3427508920431137
421946,msmarco_passage_43_610976641,0.3391876437258768
421946,msmarco_passage_33_291732874,0.3330401830271508
421946,msmarco_passage_66_437779661,0.3235572540173474
421946,msmarco_passage_37_854745207,0.3218416811457685
421946,msmarco_passage_37_842251686,0.3175423609659402
421946,msmarco_passage_23_406017039,0.3103024211010449
421946,msmarco_passage_33_291731188,0.305721412128056
421946,msmarco_passage_34_498004206,0.183608484420755
493490,msmarco_passage_55_560686346,1.714760210778978
493490,msmarco_passage_02_234807989,1.562951511362345
493490,msmarco_passage_09_749452951,1.3756075188610732
493490,msmarco_passage_06_803493824,1.2790568313983577
493490,msmarco_passage_06_803466276,1.242136865347588
493490,msmarco_passage_39_306370285,1.2058011147750238
493490,msmarco_passage_27_65381657,1.1762028972059406
493490,msmarco_passage_09_749667729,1.1740023783323623
493490,msmarco_passage_39_306371119,1.1136409703388384
493490,msmarco_passage_39_306373753,1.1128498909438638
493490,msmarco_passage_39_306369722,1.089817846888341
493490,msmarco_passage_39_306372001,1.0658532086506058
493490,msmarco_passage_56_357047061,1.056596731798317
493490,msmarco_passage_02_234806997,1.0438847060382423
493490,msmarco_passage_56_327819849,1.0320615060473006
493490,msmarco_passage_61_777206892,1.0298287519815523
493490,msmarco_passage_09_749455005,1.0076793632820351
493490,msmarco_passage_61_776625227,1.0063850582057845
493490,msmarco_passage_39_306372437,1.0058280311649903
493490,msmarco_passage_09_749450146,0.976563669051258
493490,msmarco_passage_09_749450604,0.9628369066757604
493490,msmarco_passage_55_560682383,0.960703510940369
493490,msmarco_passage_27_65382060,0.955539225572895
493490,msmarco_passage_39_306371555,0.9489182393324928
493490,msmarco_passage_55_560681133,0.939491477352728
493490,msmarco_passage_61_777205901,0.938824250873432
493490,msmarco_passage_61_777201053,0.9193397766275208
493490,msmarco_passage_09_749457177,0.9188654733786812
493490,msmarco_passage_61_777207317,0.9130003285313876
493490,msmarco_passage_39_306375048,0.9004493030602699
493490,msmarco_passage_27_65386352,0.8989802566591396
493490,msmarco_passage_02_234801937,0.888358982264819
493490,msmarco_passage_11_849537579,0.886250871343415
493490,msmarco_passage_02_234804527,0.8850681925867294
493490,msmarco_passage_55_560679793,0.8845528563353999
493490,msmarco_passage_27_535376955,0.883547296105109
493490,msmarco_passage_39_306374232,0.8634251594955336
493490,msmarco_passage_39_306374602,0.851953857857642
493490,msmarco_passage_15_313651219,0.8509509170632019
493490,msmarco_passage_60_475043054,0.8484994694958317
493490,msmarco_passage_05_812170535,0.8362601905296256
493490,msmarco_passage_05_812171032,0.8287001807327214
493490,msmarco_passage_68_653853231,0.8285145163006513
493490,msmarco_passage_03_476166345,0.8265689607845713
493490,msmarco_passage_09_749456349,0.818708720311949
493490,msmarco_passage_63_792364433,0.8170470147942508
493490,msmarco_passage_09_749456743,0.8138828495059526
493490,msmarco_passage_09_211543498,0.7949419954098459
493490,msmarco_passage_09_749668495,0.7915571134011578
493490,msmarco_passage_06_803465463,0.7900249835945894
493490,msmarco_passage_09_749458382,0.7874472687180868
493490,msmarco_passage_61_777197456,0.7727810465453996
493490,msmarco_passage_09_749455905,0.7688079533078005
493490,msmarco_passage_43_502750115,0.7632065419148129
493490,msmarco_passage_34_268933631,0.7472534745784526
493490,msmarco_passage_16_869291375,0.7396426966195045
493490,msmarco_passage_48_737721810,0.7248314367906952
493490,msmarco_passage_02_234803114,0.7247401879694008
493490,msmarco_passage_61_777204264,0.7222084168385189
493490,msmarco_passage_02_234807471,0.7210749424515919
493490,msmarco_passage_49_864559127,0.7200757565232396
493490,msmarco_passage_61_777201531,0.698072137357805
493490,msmarco_passage_61_777196706,0.6972586336105268
493490,msmarco_passage_43_500191702,0.6933504675948019
493490,msmarco_passage_09_749454609,0.68581435334706
493490,msmarco_passage_68_653809663,0.6814297080363596
493490,msmarco_passage_28_339334366,0.6717199881096818
493490,msmarco_passage_27_65382952,0.6687477773263212
493490,msmarco_passage_61_777201906,0.6555955478140068
493490,msmarco_passage_08_352700056,0.6448657991149466
493490,msmarco_passage_48_560110060,0.642674617426652
493490,msmarco_passage_60_751157786,0.6398098876245636
493490,msmarco_passage_09_749666240,0.6310541869386633
493490,msmarco_passage_44_185732984,0.6145563235670063
493490,msmarco_passage_02_234802572,0.6124627955485896
493490,msmarco_passage_61_777197919,0.6072223453625286
493490,msmarco_passage_61_777204729,0.5990762424757309
493490,msmarco_passage_16_869291013,0.5749870806932449
493490,msmarco_passage_08_361901469,0.5724541619228822
493490,msmarco_passage_37_705098870,0.571485610513673
493490,msmarco_passage_37_705099589,0.5519456849487725
493490,msmarco_passage_34_60373548,0.5516501578297337
493490,msmarco_passage_37_585049727,0.5115568350621766
493490,msmarco_passage_45_187655020,0.504977733929442
493490,msmarco_passage_59_555144632,0.4825569961172218
493490,msmarco_passage_37_585054921,0.4705466370650835
493490,msmarco_passage_61_777287256,0.4385595050227607
493490,msmarco_passage_56_357049232,0.4078112913554889
505390,msmarco_passage_38_122727514,1.7568137579494052
505390,msmarco_passage_66_598889,1.5406689259269393
505390,msmarco_passage_66_121762269,1.4002472777748671
505390,msmarco_passage_38_122732738,1.2067162997350025
505390,msmarco_passage_08_670354349,1.1537966944579436
505390,msmarco_passage_44_362405718,1.1367321044864962
505390,msmarco_passage_08_670355264,1.1174917480476296
505390,msmarco_passage_45_608311322,1.1093820606447704
505390,msmarco_passage_66_593005,1.0885823655552964
505390,msmarco_passage_44_313897559,0.9726441843239262
505390,msmarco_passage_66_595703,0.9471190814301004
505390,msmarco_passage_45_608204142,0.9396545525828172
505390,msmarco_passage_66_80591961,0.9271861690913652
505390,msmarco_passage_38_122729342,0.9244183884913324
505390,msmarco_passage_04_588077269,0.9243896023279128
505390,msmarco_passage_44_354084971,0.8897488728887839
505390,msmarco_passage_44_352382286,0.885838790109674
505390,msmarco_passage_44_354076027,0.8842440815253734
505390,msmarco_passage_66_592591,0.8761502934079968
505390,msmarco_passage_44_361982276,0.8734835113898937
505390,msmarco_passage_44_354787720,0.8642830686004415
505390,msmarco_passage_03_800372007,0.8561005277638383
505390,msmarco_passage_44_353100578,0.854154337000776
505390,msmarco_passage_56_451558765,0.8311521713328055
505390,msmarco_passage_04_852056098,0.8245806791426284
505390,msmarco_passage_08_670356299,0.818382467652287
505390,msmarco_passage_08_80932596,0.8165205839656581
505390,msmarco_passage_08_670358963,0.811209678685276
505390,msmarco_passage_30_206330429,0.7887725467674811
505390,msmarco_passage_67_817691454,0.7887268940548751
505390,msmarco_passage_46_277332053,0.7853851788416579
505390,msmarco_passage_08_80927309,0.7828621724681261
505390,msmarco_passage_66_649985,0.7708774417373476
505390,msmarco_passage_08_89555944,0.764282797776627
505390,msmarco_passage_38_122728154,0.7483760845118768
505390,msmarco_passage_68_740050126,0.7476256687079881
505390,msmarco_passage_24_12525504,0.744918032039167
505390,msmarco_passage_24_12526658,0.7393371289255122
505390,msmarco_passage_49_467167275,0.7329008785600597
505390,msmarco_passage_66_121768480,0.7313670040149717
505390,msmarco_passage_44_362406488,0.7310359332227802
505390,msmarco_passage_65_824769873,0.7287443397660637
505390,msmarco_passage_31_130829365,0.7233740315828786
505390,msmarco_passage_30_352493139,0.7222820910690564
505390,msmarco_passage_59_76277175,0.7142170412309328
505390,msmarco_passage_08_82260198,0.7029688838887758
505390,msmarco_passage_38_122731016,0.6995185496044206
505390,msmarco_passage_44_284055814,0.6862277815061318
505390,msmarco_passage_44_283575630,0.6824153709423413
505390,msmarco_passage_49_696929719,0.6662446760193884
505390,msmarco_passage_44_284050070,0.659982272593487
505390,msmarco_passage_59_557387663,0.6561777673713295
505390,msmarco_passage_44_282736010,0.655875282940242
505390,msmarco_passage_52_777512474,0.6546101231780179
505390,msmarco_passage_38_122729064,0.6483078737198776
505390,msmarco_passage_08_670356741,0.647183606453041
505390,msmarco_passage_55_827739172,0.6416492692676661
505390,msmarco_passage_48_845339159,0.6391766912535083
505390,msmarco_passage_30_352484758,0.6369650961324558
505390,msmarco_passage_59_557395267,0.6137459045937459
505390,msmarco_passage_07_668121341,0.6096951834791139
505390,msmarco_passage_59_557390763,0.6015076154535295
505390,msmarco_passage_30_126728616,0.5956608441062309
505390,msmarco_passage_03_536852207,0.5955443122797267
505390,msmarco_passage_60_172218853,0.5793716975742939
505390,msmarco_passage_14_41484407,0.5782486633837046
505390,msmarco_passage_11_107969925,0.5733204609680365
505390,msmarco_passage_59_557389060,0.5637238988978927
505390,msmarco_passage_30_352494864,0.5610044048106045
505390,msmarco_passage_11_776593671,0.5602563653159685
505390,msmarco_passage_35_84439485,0.5507754854909508
505390,msmarco_passage_59_557394349,0.5437769885940439
505390,msmarco_passage_66_121766531,0.5414687351748333
505390,msmarco_passage_66_121766122,0.5278902629834372
505390,msmarco_passage_35_84445562,0.4837036387001843
505390,msmarco_passage_38_122728628,0.4558570970502027
505390,msmarco_passage_01_345312297,0.4203184483298327
505390,msmarco_passage_48_67045065,0.4138725817203522
508292,msmarco_passage_38_118466941,1.7665673825475905
508292,msmarco_passage_22_668222685,1.5160195262720646
508292,msmarco_passage_61_356638212,1.3690793780831378
508292,msmarco_passage_14_475507120,1.3238508990579465
508292,msmarco_passage_04_27012834,1.3072196327030228
508292,msmarco_passage_51_808126959,1.2286842460133338
508292,msmarco_passage_66_117898684,1.1829437703790304
508292,msmarco_passage_46_636852269,1.1496459743331406
508292,msmarco_passage_29_530615691,1.1490069112132524
508292,msmarco_passage_65_864233174,1.142476013982742
508292,msmarco_passage_28_259453488,1.1332230189774417
508292,msmarco_passage_46_640487279,1.1176482679412494
508292,msmarco_passage_12_83120258,1.1065665978413612
508292,msmarco_passage_34_512785511,1.097767926453388
508292,msmarco_passage_36_415206035,1.0972465145830734
508292,msmarco_passage_54_62680179,1.067929239271915
508292,msmarco_passage_09_654435656,1.056127376780709
508292,msmarco_passage_08_92595099,1.0506191297773015
508292,msmarco_passage_16_695271217,1.0485264855432463
508292,msmarco_passage_24_404336981,1.0471971253823815
508292,msmarco_passage_54_368645915,1.029090416477677
508292,msmarco_passage_54_62695555,1.024496668241882
508292,msmarco_passage_13_206336507,1.0244213872922496
508292,msmarco_passage_06_428550610,1.0174637684072834
508292,msmarco_passage_16_868992583,1.0146031258120107
508292,msmarco_passage_03_722300453,0.9899401314621638
508292,msmarco_passage_33_825929150,0.975352630501922
508292,msmarco_passage_29_530611250,0.9727841302853668
508292,msmarco_passage_03_271036942,0.9667780486214635
508292,msmarco_passage_56_388969054,0.9636750042322882
508292,msmarco_passage_44_194047345,0.9539298111957676
508292,msmarco_passage_65_864234952,0.9522667352373916
508292,msmarco_passage_03_224642320,0.9387630008992122
508292,msmarco_passage_68_527869540,0.9386229099982232
508292,msmarco_passage_08_460739777,0.9337604875418888
508292,msmarco_passage_49_697243568,0.9313374249884276
508292,msmarco_passage_08_72460746,0.9289786939824471
508292,msmarco_passage_03_229813999,0.9256814180995284
508292,msmarco_passage_54_368543446,0.9191251198142392
508292,msmarco_passage_54_368594163,0.916091179229124
508292,msmarco_passage_25_582896620,0.914592615634232
508292,msmarco_passage_03_227408934,0.9137340979305548
508292,msmarco_passage_03_228002169,0.9111108829221254
508292,msmarco_passage_25_582894420,0.9090208939911668
508292,msmarco_passage_55_273916628,0.9008848460523048
508292,msmarco_passage_33_176757266,0.8927073599758019
508292,msmarco_passage_24_58138141,0.8913277679167247
508292,msmarco_passage_37_44837674,0.8851237366722118
508292,msmarco_passage_22_337575405,0.8787548419864979
508292,msmarco_passage_46_205849406,0.8717652715374034
508292,msmarco_passage_20_197882800,0.8658746932225824
508292,msmarco_passage_54_368605305,0.8586071141822955
508292,msmarco_passage_61_356643315,0.8578519757342038
508292,msmarco_passage_32_114445570,0.8337161101032298
508292,msmarco_passage_46_642536252,0.8201498887992159
508292,msmarco_passage_37_344157304,0.8162773731781601
508292,msmarco_passage_38_771578430,0.7919199590308359
508292,msmarco_passage_47_49470107,0.784765720043682
508292,msmarco_passage_33_521843402,0.7821505752093115
508292,msmarco_passage_54_63076735,0.779489175517159
508292,msmarco_passage_54_684023211,0.7501981477906239
508292,msmarco_passage_54_62764217,0.7346691221143296
508292,msmarco_passage_56_326762069,0.7060855967748755
508292,msmarco_passage_48_826531912,0.69705186336799
508292,msmarco_passage_29_533109069,0.6901695797243359
508292,msmarco_passage_13_206333121,0.6660014385164188
508292,msmarco_passage_25_582892670,0.6643862835188495
508292,msmarco_passage_33_825927804,0.5892554831608884
508292,msmarco_passage_31_515321678,0.5752104524902414
508292,msmarco_passage_63_832910232,0.5647189434961019
508292,msmarco_passage_54_63225725,0.5524960070848465
540006,msmarco_passage_58_39424363,1.5100632740391626
540006,msmarco_passage_58_39423436,1.3981937566653015
540006,msmarco_passage_25_833258014,1.3399870375496197
540006,msmarco_passage_24_649418758,1.076661502164317
540006,msmarco_passage_40_158087024,1.0709086008911026
540006,msmarco_passage_29_364916433,1.0468920312965235
540006,msmarco_passage_39_497540129,1.0115790463692649
540006,msmarco_passage_51_425263822,0.9484485211874076
540006,msmarco_passage_19_32398793,0.935068069297582
540006,msmarco_passage_10_194670296,0.9304685474626032
540006,msmarco_passage_63_34604683,0.9130025771354608
540006,msmarco_passage_36_36948169,0.9103649428880858
540006,msmarco_passage_02_561362243,0.9050707897771448
540006,msmarco_passage_64_373471586,0.9009933598825164
540006,msmarco_passage_18_777446772,0.8509397433068278
540006,msmarco_passage_29_782119376,0.8423129159922484
540006,msmarco_passage_29_429701299,0.8399441076335072
540006,msmarco_passage_27_589982912,0.8328957725892077
540006,msmarco_passage_40_70111633,0.8273301462498901
540006,msmarco_passage_58_39423896,0.8204639469667077
540006,msmarco_passage_36_36941134,0.818097533482635
540006,msmarco_passage_32_210905788,0.8169813955518342
540006,msmarco_passage_22_52655571,0.8143416190058603
540006,msmarco_passage_34_293290254,0.8062252521736885
540006,msmarco_passage_58_670545493,0.8028761790673382
540006,msmarco_passage_19_295722902,0.7938719967224078
540006,msmarco_passage_55_602655827,0.7845127435647353
540006,msmarco_passage_19_111706181,0.7822381269831897
540006,msmarco_passage_36_40034959,0.7673400141118404
540006,msmarco_passage_28_485912287,0.7618946656945476
540006,msmarco_passage_08_437712931,0.7579407417074928
540006,msmarco_passage_10_338346358,0.7575837362966946
540006,msmarco_passage_39_835845669,0.7501546467038729
540006,msmarco_passage_26_732222530,0.7382188754541248
540006,msmarco_passage_17_729605834,0.7302550608274879
540006,msmarco_passage_62_568341973,0.7229814531805351
540006,msmarco_passage_36_818909195,0.720503996520735
540006,msmarco_passage_09_116946321,0.7008377382209181
540006,msmarco_passage_36_40040198,0.6961109022132955
540006,msmarco_passage_58_705058709,0.6949524622889205
540006,msmarco_passage_09_116946793,0.6888899438041549
540006,msmarco_passage_09_116947590,0.6871460390768016
540006,msmarco_passage_07_788722998,0.6870688843771511
540006,msmarco_passage_51_425265232,0.6867307268984936
540006,msmarco_passage_09_116947225,0.6776073725807379
540006,msmarco_passage_19_785033767,0.6773048732200815
540006,msmarco_passage_40_550403897,0.6751886882484514
540006,msmarco_passage_47_800362691,0.674172976679642
540006,msmarco_passage_03_812389158,0.6738030322326185
540006,msmarco_passage_58_699683220,0.6706524337636692
540006,msmarco_passage_47_858553991,0.6589521072763305
540006,msmarco_passage_20_400757257,0.6534023704697522
540006,msmarco_passage_36_40037295,0.6379165066742587
540006,msmarco_passage_20_218070758,0.6330569968598737
540006,msmarco_passage_58_694387158,0.6273150346021634
540006,msmarco_passage_32_215071921,0.6267100664212939
540006,msmarco_passage_29_782117795,0.6260767873827527
540006,msmarco_passage_40_70108874,0.6219362292820293
540006,msmarco_passage_17_629629300,0.6199577520734993
540006,msmarco_passage_36_36942031,0.60678590803062
540006,msmarco_passage_36_36945329,0.6022802386037465
540006,msmarco_passage_18_759862291,0.5991537006152187
540006,msmarco_passage_22_52656975,0.5955429820819051
540006,msmarco_passage_36_36940302,0.5871289306901243
540006,msmarco_passage_30_36630299,0.5864378437427613
540006,msmarco_passage_09_116948883,0.5859551668833088
540006,msmarco_passage_40_70108005,0.581988323411906
540006,msmarco_passage_47_737858087,0.5733171599648297
540006,msmarco_passage_09_117883337,0.5586833286940275
540006,msmarco_passage_57_50040429,0.5576111027148849
540006,msmarco_passage_01_684910839,0.5533338442472551
540006,msmarco_passage_36_40035771,0.5504325306892839
540006,msmarco_passage_36_36943047,0.5489765944483116
540006,msmarco_passage_48_11284595,0.546311006532701
540006,msmarco_passage_24_649417804,0.5462324560021555
540006,msmarco_passage_22_52658070,0.5426218353142508
540006,msmarco_passage_36_36943949,0.5339267643525836
540006,msmarco_passage_39_840287324,0.5283236722595421
540006,msmarco_passage_22_52660154,0.527208123898595
540006,msmarco_passage_36_40037848,0.5255926256461738
540006,msmarco_passage_22_52652935,0.5198981212032352
540006,msmarco_passage_48_52422406,0.5151655817054059
540006,msmarco_passage_36_381368144,0.513767624639488
540006,msmarco_passage_20_282833788,0.5123883927667607
540006,msmarco_passage_22_52653816,0.5073840327658024
540006,msmarco_passage_50_672918989,0.5055833733892086
540006,msmarco_passage_36_40038912,0.4956651575322258
540006,msmarco_passage_09_117884297,0.4849685949098242
540006,msmarco_passage_09_116948453,0.4740390705301996
540006,msmarco_passage_48_21261581,0.4729419408674791
540006,msmarco_passage_39_840287794,0.4591348593960927
540006,msmarco_passage_36_40034521,0.4559617800475055
540006,msmarco_passage_09_117883800,0.4530619769039767
540006,msmarco_passage_36_40035314,0.4373148571679046
540006,msmarco_passage_09_117882867,0.432828790609841
540006,msmarco_passage_36_40036805,0.4214885240327046
540006,msmarco_passage_29_631033346,0.4185762377951842
540006,msmarco_passage_36_40038424,0.3911867794100355
540006,msmarco_passage_01_159841964,0.3812105387449264
596569,msmarco_passage_57_570209973,1.519606482116017
596569,msmarco_passage_12_270377801,1.51717718773418
596569,msmarco_passage_66_170950934,1.416998587761079
596569,msmarco_passage_32_199421070,1.325800545252044
596569,msmarco_passage_03_507786841,1.1771683037551854
596569,msmarco_passage_25_467716834,1.0961307377817215
596569,msmarco_passage_65_648878943,1.0548462198692528
596569,msmarco_passage_12_265819081,1.0376387672796568
596569,msmarco_passage_27_220457995,1.0218124546969247
596569,msmarco_passage_13_732299423,1.000962655141008
596569,msmarco_passage_10_533596525,0.941326070489198
596569,msmarco_passage_12_262592376,0.9231074849912224
596569,msmarco_passage_12_265820512,0.9068936457864414
596569,msmarco_passage_10_533595740,0.8563993969814485
596569,msmarco_passage_15_6095456,0.851393451367169
596569,msmarco_passage_22_745818291,0.8477362109161221
596569,msmarco_passage_12_265819973,0.8471147718704324
596569,msmarco_passage_17_205118885,0.8461092207733141
596569,msmarco_passage_22_748796308,0.8368436288767144
596569,msmarco_passage_22_746922529,0.8132228993350246
596569,msmarco_passage_38_54357383,0.8067991077456775
596569,msmarco_passage_22_746082068,0.7823914672805474
596569,msmarco_passage_22_745815142,0.7704591437232539
596569,msmarco_passage_22_748801954,0.7623093018855304
596569,msmarco_passage_14_448594846,0.7611572057451901
596569,msmarco_passage_27_523291302,0.7562912096986097
596569,msmarco_passage_01_10942070,0.7372383746737441
596569,msmarco_passage_29_723635754,0.7271951487959539
596569,msmarco_passage_62_799021713,0.7260186596984757
596569,msmarco_passage_67_382196384,0.7093007239599654
596569,msmarco_passage_08_631161477,0.6997720949268695
596569,msmarco_passage_10_605769656,0.6972698069194879
596569,msmarco_passage_03_436029974,0.6934328253162838
596569,msmarco_passage_15_243247960,0.692664562592276
596569,msmarco_passage_22_746082461,0.6919938147843548
596569,msmarco_passage_66_301075312,0.6882233771582075
596569,msmarco_passage_17_205114327,0.6808267389753051
596569,msmarco_passage_08_792650594,0.6756703879753454
596569,msmarco_passage_03_507785349,0.6628358256639602
596569,msmarco_passage_15_243247098,0.6611058150303851
596569,msmarco_passage_12_208146706,0.6389414608146178
596569,msmarco_passage_13_735400859,0.638739237654608
596569,msmarco_passage_12_198610053,0.6256727692916935
596569,msmarco_passage_12_208146471,0.6166384059921959
596569,msmarco_passage_58_26373455,0.6143095555912607
596569,msmarco_passage_12_252384334,0.6031132075201623
596569,msmarco_passage_12_223340354,0.5878910466530066
596569,msmarco_passage_01_209441100,0.5845271620719406
596569,msmarco_passage_34_29558386,0.5816561023541986
596569,msmarco_passage_12_198602682,0.5801921923253616
596569,msmarco_passage_37_321411565,0.5717476784407428
596569,msmarco_passage_56_417255738,0.5685457652053869
596569,msmarco_passage_06_264243924,0.5423836500338906
596569,msmarco_passage_32_205843371,0.5404423301658665
596569,msmarco_passage_45_166568914,0.5370314579637078
596569,msmarco_passage_69_33869453,0.535173644286106
596569,msmarco_passage_18_698804866,0.5301196896342983
596569,msmarco_passage_43_184578707,0.5226484690346239
596569,msmarco_passage_11_130768844,0.513532701721865
596569,msmarco_passage_58_184074828,0.5130977232770849
596569,msmarco_passage_46_103318058,0.5112821177368271
596569,msmarco_passage_15_256285099,0.5102794718565108
596569,msmarco_passage_45_166450352,0.5098960104041826
596569,msmarco_passage_29_717647593,0.4973067242749118
596569,msmarco_passage_03_240659274,0.4922631785882893
596569,msmarco_passage_67_426346176,0.488142481158214
596569,msmarco_passage_67_420801363,0.478066516847637
596569,msmarco_passage_34_202024325,0.473662407003814
596569,msmarco_passage_40_635339338,0.4694854216504717
596569,msmarco_passage_12_262465728,0.467299175295688
596569,msmarco_passage_64_162254261,0.4657492292857967
596569,msmarco_passage_07_113222676,0.4643406845601517
596569,msmarco_passage_02_350957418,0.4593197597723911
596569,msmarco_passage_57_323756500,0.4569607726814135
596569,msmarco_passage_29_719536011,0.4489090726111902
596569,msmarco_passage_00_751880172,0.433392408479102
596569,msmarco_passage_10_157347616,0.4310139620226555
596569,msmarco_passage_58_145552087,0.4153696249187214
596569,msmarco_passage_12_230369180,0.4006566129874119
596569,msmarco_passage_56_818401466,0.3916788830023716
596569,msmarco_passage_68_349236313,0.3672686304633945
596569,msmarco_passage_33_679075936,0.3661517240356335
596569,msmarco_passage_09_42078598,0.3584317569839023
596569,msmarco_passage_07_547200082,0.3461485904111738
596569,msmarco_passage_62_71153417,0.3284820943516869
596569,msmarco_passage_34_4189240,0.3266760568082554
596569,msmarco_passage_58_577291593,0.3071217623175741
596569,msmarco_passage_58_397801702,0.3023677647556957
596569,msmarco_passage_15_797242241,0.2985368263101046
596569,msmarco_passage_25_845606843,0.2789681840729536
596569,msmarco_passage_02_250714496,0.2744417523612099
596569,msmarco_passage_38_406221216,0.2268600328925817
596569,msmarco_passage_30_560481215,0.2226316645741462
629937,msmarco_passage_35_98010201,1.5445628696017797
629937,msmarco_passage_09_791178425,1.4540186843983869
629937,msmarco_passage_35_97813720,1.38330186260342
629937,msmarco_passage_09_484020537,1.2114926656330276
629937,msmarco_passage_53_692894208,1.1889245680834295
629937,msmarco_passage_35_97819308,1.1416870041117149
629937,msmarco_passage_35_97810880,1.0939072991243806
629937,msmarco_passage_62_95660767,1.0736737426814684
629937,msmarco_passage_62_95661582,1.0646403373077618
629937,msmarco_passage_60_676301869,1.06443789078798
629937,msmarco_passage_35_97818450,1.0336809222304493
629937,msmarco_passage_60_676302306,0.966457800252722
629937,msmarco_passage_35_97801556,0.9574441280386864
629937,msmarco_passage_39_119423024,0.954450342414576
629937,msmarco_passage_60_676303540,0.9333402807498684
629937,msmarco_passage_56_465288988,0.9073455963659725
629937,msmarco_passage_35_97810421,0.8984403671201215
629937,msmarco_passage_08_537938064,0.8978818685636607
629937,msmarco_passage_58_711891015,0.8966629505704302
629937,msmarco_passage_24_148952230,0.8965999952696878
629937,msmarco_passage_35_97803886,0.8950999152222905
629937,msmarco_passage_66_232381516,0.8898022717565572
629937,msmarco_passage_11_26079045,0.8705827451627189
629937,msmarco_passage_35_97809480,0.8503462360812983
629937,msmarco_passage_09_484020911,0.8497471546634622
629937,msmarco_passage_04_138825974,0.8468180967580288
629937,msmarco_passage_55_278428779,0.8419470764628244
629937,msmarco_passage_53_692893727,0.8315928381517392
629937,msmarco_passage_66_232385322,0.8297825321965261
629937,msmarco_passage_62_95660551,0.816434654839542
629937,msmarco_passage_22_182106995,0.804781038936125
629937,msmarco_passage_08_537939962,0.7905470649036792
629937,msmarco_passage_35_97819879,0.7706610715990767
629937,msmarco_passage_48_843032222,0.7696393123460472
629937,msmarco_passage_40_265851862,0.7644405552006643
629937,msmarco_passage_26_235986020,0.7623794301113951
629937,msmarco_passage_65_748292513,0.7468813856260492
629937,msmarco_passage_55_419335968,0.7460133892133695
629937,msmarco_passage_10_677408704,0.7404778081889546
629937,msmarco_passage_48_801735567,0.7321453640767194
629937,msmarco_passage_09_484017797,0.7320595078785486
629937,msmarco_passage_23_814289615,0.72135848662722
629937,msmarco_passage_66_833361895,0.7041575356634385
629937,msmarco_passage_29_509540880,0.6934349194032337
629937,msmarco_passage_28_365546634,0.6875383300518771
629937,msmarco_passage_55_285963455,0.6857656284209785
629937,msmarco_passage_35_97809978,0.6686222758041609
629937,msmarco_passage_36_664053078,0.6674540422925161
629937,msmarco_passage_22_531929491,0.649009225182577
629937,msmarco_passage_48_433159696,0.6453356336836421
629937,msmarco_passage_22_204519218,0.637857347590114
629937,msmarco_passage_12_178115831,0.6194646153428139
629937,msmarco_passage_44_301941467,0.5985183354638038
629937,msmarco_passage_53_687097811,0.5977946675425276
629937,msmarco_passage_54_650511377,0.5971994923068843
629937,msmarco_passage_03_467158834,0.5716954951712845
629937,msmarco_passage_08_58852531,0.5698149539461923
629937,msmarco_passage_22_469219572,0.5667091725889696
629937,msmarco_passage_33_844549464,0.565769190908572
629937,msmarco_passage_04_134325297,0.5304107168945698
629937,msmarco_passage_39_695535638,0.5256692238083673
629937,msmarco_passage_04_170274344,0.5035279512678811
629937,msmarco_passage_04_200065255,0.4683068751468571
629937,msmarco_passage_03_22052954,0.4597650159594663
629937,msmarco_passage_52_618397368,0.4503750686798621
629937,msmarco_passage_04_200074636,0.4354844500985714
629937,msmarco_passage_33_845147886,0.4317106184472731
629937,msmarco_passage_29_603095518,0.4262393309162297
629937,msmarco_passage_43_380466289,0.298483131689216
629937,msmarco_passage_05_560573977,0.2709194004535675
629937,msmarco_passage_63_315633016,0.2285521261428201
646091,msmarco_passage_30_7772264,1.8271484308772616
646091,msmarco_passage_27_626193579,1.5483475375790183
646091,msmarco_passage_06_450899513,1.3981551448211411
646091,msmarco_passage_53_592569309,1.3975265378817374
646091,msmarco_passage_36_207498071,1.2845438210198743
646091,msmarco_passage_53_355454477,1.2828016341500956
646091,msmarco_passage_28_313169904,1.2740667959969054
646091,msmarco_passage_06_765034498,1.220645327960296
646091,msmarco_passage_53_590996709,1.199914567158806
646091,msmarco_passage_53_355459800,1.1952546818809615
646091,msmarco_passage_53_607454387,1.1376578312881742
646091,msmarco_passage_10_630639482,1.126506699854937
646091,msmarco_passage_66_119411167,1.0998293193225264
646091,msmarco_passage_60_323176943,1.084091082791597
646091,msmarco_passage_53_125872395,1.0816761267558426
646091,msmarco_passage_55_423404013,1.079737515783222
646091,msmarco_passage_14_853672414,1.0678311460804104
646091,msmarco_passage_43_355704448,1.0505118592338667
646091,msmarco_passage_67_822962800,1.0264149454087843
646091,msmarco_passage_21_684836487,1.0081457475601638
646091,msmarco_passage_27_789816202,1.0054347842437787
646091,msmarco_passage_59_580811532,0.942551823742482
646091,msmarco_passage_65_381245232,0.922335136474606
646091,msmarco_passage_22_825524449,0.8856419986563273
646091,msmarco_passage_57_184777147,0.8846565083574853
646091,msmarco_passage_41_461856789,0.8772932604860865
646091,msmarco_passage_55_257186745,0.8717446923365689
646091,msmarco_passage_67_172913145,0.8640030709419462
646091,msmarco_passage_53_125858768,0.8381517940902359
646091,msmarco_passage_10_630865817,0.8311052168271817
646091,msmarco_passage_56_468915587,0.8305491084003097
646091,msmarco_passage_00_433924377,0.8263116339842478
646091,msmarco_passage_49_476121943,0.8146403591826037
646091,msmarco_passage_37_36647802,0.7991009633679417
646091,msmarco_passage_08_467352951,0.7967789642169769
646091,msmarco_passage_53_355457266,0.794478101921345
646091,msmarco_passage_08_467349814,0.7910771164336478
646091,msmarco_passage_29_452924510,0.7832937257065957
646091,msmarco_passage_30_603457968,0.7668018450559173
646091,msmarco_passage_53_739422445,0.761103928067188
646091,msmarco_passage_53_126546442,0.7595492990306727
646091,msmarco_passage_47_609747966,0.72898386082377
646091,msmarco_passage_48_64939105,0.7249299610517301
646091,msmarco_passage_41_189212567,0.7217514184188667
646091,msmarco_passage_28_775017335,0.7138101708823146
646091,msmarco_passage_47_660635221,0.7132803147723881
646091,msmarco_passage_35_395489672,0.7011659584267144
646091,msmarco_passage_48_281209139,0.6985184975476115
646091,msmarco_passage_49_610467021,0.6952567171655307
646091,msmarco_passage_04_375204141,0.6949667503930368
646091,msmarco_passage_50_254102779,0.6948498576330655
646091,msmarco_passage_48_280793081,0.6892633651117374
646091,msmarco_passage_30_786879955,0.6860281238239774
646091,msmarco_passage_61_48256839,0.6797888624294907
646091,msmarco_passage_53_253592504,0.6697236381786744
646091,msmarco_passage_61_48261236,0.669385916532513
646091,msmarco_passage_24_212236989,0.662031463161797
646091,msmarco_passage_24_626811987,0.6543525799367967
646091,msmarco_passage_27_862889194,0.6498072614162667
646091,msmarco_passage_28_813659266,0.6440220826348328
646091,msmarco_passage_35_395491863,0.6203937883644912
646091,msmarco_passage_44_853075903,0.6002382830361634
646091,msmarco_passage_36_768769532,0.5996252289683339
646091,msmarco_passage_22_349535409,0.5926941430535764
646091,msmarco_passage_04_151445828,0.5255834689895532
646091,msmarco_passage_57_451081289,0.5234216903619344
646091,msmarco_passage_24_51866661,0.511412510182537
646091,msmarco_passage_54_102096112,0.5084346918330886
646091,msmarco_passage_39_245877970,0.504949088024171
646091,msmarco_passage_65_54637077,0.4941322354267096
646091,msmarco_passage_31_341838657,0.4812928804376507
646091,msmarco_passage_54_589010839,0.4586142696234402
646091,msmarco_passage_06_720224324,0.4585421894959982
646091,msmarco_passage_03_723004579,0.4576834184524104
646091,msmarco_passage_24_51862111,0.4370616915723237
646091,msmarco_passage_08_432391680,0.3942548483610153
646091,msmarco_passage_65_54632553,0.3718830854084829
646091,msmarco_passage_30_271230477,0.2840289256739572
647362,msmarco_passage_58_297970877,1.5573799444569485
647362,msmarco_passage_04_149555778,1.218266767024173
647362,msmarco_passage_58_297967826,1.056075742021961
647362,msmarco_passage_04_190620328,0.8811541056262956
647362,msmarco_passage_11_727532523,0.8763566122495916
647362,msmarco_passage_12_184371719,0.7663801751624204
647362,msmarco_passage_04_182106908,0.7614948916473838
647362,msmarco_passage_01_500884606,0.7575484351991615
647362,msmarco_passage_00_103723410,0.7251180484794446
647362,msmarco_passage_01_501200430,0.708121951135301
647362,msmarco_passage_01_500453624,0.7071400178101855
647362,msmarco_passage_11_725312372,0.704761828111345
647362,msmarco_passage_22_467943380,0.7006232431144064
647362,msmarco_passage_44_724390807,0.6982920501916845
647362,msmarco_passage_11_726327472,0.6951144996313314
647362,msmarco_passage_01_501199332,0.6844185468970791
647362,msmarco_passage_04_150498333,0.6798224455471066
647362,msmarco_passage_47_431082985,0.6674370299705021
647362,msmarco_passage_12_240531568,0.6651953755127513
647362,msmarco_passage_02_231915619,0.6599206372061667
647362,msmarco_passage_02_802843007,0.6461346234936719
647362,msmarco_passage_68_119528224,0.6248439323642979
647362,msmarco_passage_02_232140597,0.6025817190161686
647362,msmarco_passage_51_676516857,0.601641641630275
647362,msmarco_passage_52_823298055,0.5913142675442569
647362,msmarco_passage_00_60739810,0.5889720897256612
647362,msmarco_passage_22_466387270,0.5806542670610986
647362,msmarco_passage_38_294823117,0.5738442956133092
647362,msmarco_passage_04_146566052,0.5710572274207076
647362,msmarco_passage_38_294823580,0.5542930510119086
647362,msmarco_passage_04_146946992,0.5520442705205146
647362,msmarco_passage_02_802886555,0.5501205381671109
647362,msmarco_passage_02_231964877,0.5440646514586008
647362,msmarco_passage_53_290307784,0.5419503809455145
647362,msmarco_passage_02_802844823,0.5386464229785768
647362,msmarco_passage_01_500884167,0.5357425746241727
647362,msmarco_passage_04_150570309,0.5258901020534384
647362,msmarco_passage_14_567501408,0.5250631870066094
647362,msmarco_passage_07_167264238,0.5243607788919631
647362,msmarco_passage_06_534969907,0.522506429507267
647362,msmarco_passage_10_712511177,0.5200804699801604
647362,msmarco_passage_02_802847093,0.5193197267762386
647362,msmarco_passage_51_675567345,0.5192330395590917
647362,msmarco_passage_02_802842463,0.5158368022655802
647362,msmarco_passage_04_150512203,0.5158095064480805
647362,msmarco_passage_12_182186916,0.5047495288720956
647362,msmarco_passage_23_21747729,0.5024337698308325
647362,msmarco_passage_04_182281821,0.5009616104129506
647362,msmarco_passage_19_772465089,0.496670372195535
647362,msmarco_passage_25_132199262,0.4877286162010285
647362,msmarco_passage_51_678794409,0.4846486812245504
647362,msmarco_passage_07_134522502,0.4807293014323457
647362,msmarco_passage_48_820073153,0.4645385888993574
647362,msmarco_passage_04_145664334,0.464485332084463
647362,msmarco_passage_35_651743859,0.4545062954810678
647362,msmarco_passage_04_84910506,0.4532813843563681
647362,msmarco_passage_37_767313564,0.4456216039148113
647362,msmarco_passage_32_169211137,0.4417746763693636
647362,msmarco_passage_01_501213686,0.4394575580982121
647362,msmarco_passage_51_507900376,0.4393968594773129
647362,msmarco_passage_41_283979986,0.4276805292260139
647362,msmarco_passage_65_134091408,0.4202733823648765
647362,msmarco_passage_23_838294622,0.4189558162692517
647362,msmarco_passage_02_592334877,0.4169481149424043
647362,msmarco_passage_59_182795910,0.4149282026040014
647362,msmarco_passage_47_17270685,0.4064409034311165
647362,msmarco_passage_04_860348892,0.3854701346456728
647362,msmarco_passage_22_804885426,0.383472262928047
647362,msmarco_passage_45_841135310,0.3833676174779273
647362,msmarco_passage_04_149172351,0.3827516185076671
647362,msmarco_passage_25_132198296,0.3803298482966026
647362,msmarco_passage_35_651750139,0.3781002931896456
647362,msmarco_passage_51_680903369,0.3770616742483341
647362,msmarco_passage_32_169216672,0.3704199990280021
647362,msmarco_passage_39_224733231,0.3572421565031586
647362,msmarco_passage_18_748021263,0.3506360011159767
647362,msmarco_passage_51_705877916,0.3435711816993992
647362,msmarco_passage_03_238766736,0.3433747780008739
647362,msmarco_passage_51_691417512,0.338401974330309
647362,msmarco_passage_36_581500399,0.333499721216105
647362,msmarco_passage_04_371871974,0.3276043015881119
647362,msmarco_passage_04_371868627,0.3261801207939526
647362,msmarco_passage_14_807754422,0.3006636651320715
647362,msmarco_passage_53_46520336,0.2994995066074173
647362,msmarco_passage_14_825937411,0.2709348471487194
647362,msmarco_passage_58_454999219,0.2691035255376218
647362,msmarco_passage_04_145796676,0.2519711451768655
647362,msmarco_passage_51_680975153,0.2453854672610759
647362,msmarco_passage_39_541791276,0.2052158929312988
647362,msmarco_passage_46_588034474,0.17555513393102
647362,msmarco_passage_50_635567575,0.1514175782971787
647362,msmarco_passage_43_104055711,0.1482614909262318
647362,msmarco_passage_56_397390102,0.0859007860432016
647362,msmarco_passage_45_553527296,0.0658829875754224
661905,msmarco_passage_38_642898398,1.72505431705051
661905,msmarco_passage_16_689871674,1.5263284216649882
661905,msmarco_passage_08_352299541,1.4701949371385052
661905,msmarco_passage_26_186871582,1.2758914788487483
661905,msmarco_passage_17_120561114,1.2280987145507192
661905,msmarco_passage_01_512660233,1.1840030523011067
661905,msmarco_passage_66_625460603,1.1276960405272862
661905,msmarco_passage_11_732897355,1.1085566805009286
661905,msmarco_passage_64_263990542,1.0441342284913695
661905,msmarco_passage_24_109711427,1.0270708846257297
661905,msmarco_passage_64_263982443,1.0179246725374564
661905,msmarco_passage_11_833188930,1.0155677703878552
661905,msmarco_passage_07_459757637,0.9903761509124024
661905,msmarco_passage_66_622838823,0.9793499262518964
661905,msmarco_passage_13_87069711,0.9556110665326556
661905,msmarco_passage_29_461868223,0.9480627329937524
661905,msmarco_passage_08_352298253,0.9415251449583124
661905,msmarco_passage_48_723534464,0.939579343876168
661905,msmarco_passage_02_377713617,0.9377704697307594
661905,msmarco_passage_66_626318294,0.9323106362295978
661905,msmarco_passage_24_143747704,0.9236139264926744
661905,msmarco_passage_24_286091830,0.921721065710505
661905,msmarco_passage_12_201413660,0.9177728487548342
661905,msmarco_passage_35_96990408,0.9053565967863924
661905,msmarco_passage_06_293397302,0.904899381442796
661905,msmarco_passage_06_721899148,0.904731338940604
661905,msmarco_passage_25_814988456,0.8929097226646824
661905,msmarco_passage_44_297247708,0.8737398165900814
661905,msmarco_passage_09_299134873,0.8716571331483551
661905,msmarco_passage_25_68635838,0.8690853410316111
661905,msmarco_passage_31_162702638,0.8466095943384317
661905,msmarco_passage_15_110356696,0.8387407570905079
661905,msmarco_passage_33_512693170,0.8345515281191681
661905,msmarco_passage_22_228073448,0.8318716542454354
661905,msmarco_passage_24_285746808,0.8235324741271189
661905,msmarco_passage_63_641087023,0.8210088056578572
661905,msmarco_passage_27_105103644,0.8202938715616862
661905,msmarco_passage_55_288758304,0.8153117592796425
661905,msmarco_passage_43_46975899,0.8151346367218592
661905,msmarco_passage_66_642398432,0.7939872588036377
661905,msmarco_passage_14_561031407,0.785519270458203
661905,msmarco_passage_37_396284990,0.7841050210141493
661905,msmarco_passage_45_601777509,0.7709376425412349
661905,msmarco_passage_04_5917867,0.768010373950464
661905,msmarco_passage_05_29930218,0.7651044302593077
661905,msmarco_passage_10_169871928,0.7641874368020795
661905,msmarco_passage_24_138868515,0.7636831361204672
661905,msmarco_passage_54_245756183,0.7600792797544329
661905,msmarco_passage_01_664440164,0.7549169583070255
661905,msmarco_passage_46_402150532,0.749682112580779
661905,msmarco_passage_32_662252475,0.7487238441703407
661905,msmarco_passage_00_27645409,0.7459915927150116
661905,msmarco_passage_62_599208310,0.7309979265710063
661905,msmarco_passage_26_187131707,0.7157440822937585
661905,msmarco_passage_41_259318322,0.7115988283315835
661905,msmarco_passage_52_646044438,0.7095241914537371
661905,msmarco_passage_38_621520538,0.7084207763102243
661905,msmarco_passage_06_487814287,0.6985765566887884
661905,msmarco_passage_61_765678574,0.695371184160714
661905,msmarco_passage_16_437869672,0.6950726103748199
661905,msmarco_passage_39_697720911,0.6864839398275222
661905,msmarco_passage_38_520735388,0.6775838235095287
661905,msmarco_passage_40_545022196,0.6632290951204208
661905,msmarco_passage_04_605311273,0.6482410995774186
661905,msmarco_passage_48_593245914,0.6405315411688046
661905,msmarco_passage_68_615233105,0.631326368640613
661905,msmarco_passage_51_483732820,0.624890176656159
661905,msmarco_passage_35_774260478,0.6125035366571019
661905,msmarco_passage_55_397161582,0.609662401475199
661905,msmarco_passage_12_218592614,0.5858801746127233
661905,msmarco_passage_46_116240621,0.5857286021687622
661905,msmarco_passage_51_870188580,0.5791429731772355
661905,msmarco_passage_22_254683933,0.5537936468746851
661905,msmarco_passage_58_819854587,0.5532258570481358
661905,msmarco_passage_08_188855318,0.5525902385886234
661905,msmarco_passage_30_201448999,0.5194896996308384
661905,msmarco_passage_44_298465127,0.5149057060480118
661905,msmarco_passage_26_280410139,0.507842403099027
661905,msmarco_passage_34_354147090,0.5050586216424472
661905,msmarco_passage_09_849147595,0.3961058284907902
661905,msmarco_passage_27_558416212,0.38839813820544
661905,msmarco_passage_13_176788859,0.3734917691533735
681645,msmarco_passage_38_542548004,1.6394154098298814
681645,msmarco_passage_07_784479248,1.4424176847123549
681645,msmarco_passage_07_784475446,1.340983521437413
681645,msmarco_passage_52_157010218,1.2335771564731055
681645,msmarco_passage_15_51351061,1.174832096260095
681645,msmarco_passage_17_186756741,1.133455091289334
681645,msmarco_passage_41_518852776,1.0959930013772947
681645,msmarco_passage_01_716676189,1.0922486793039186
681645,msmarco_passage_17_186185973,1.0697028323545392
681645,msmarco_passage_33_127479767,1.0339141713148674
681645,msmarco_passage_07_784478867,1.029875759365941
681645,msmarco_passage_45_320349337,1.0201214503255074
681645,msmarco_passage_26_451487483,1.018521454611629
681645,msmarco_passage_26_350028203,1.0154319942670391
681645,msmarco_passage_35_100574180,0.9877483984432688
681645,msmarco_passage_05_340086795,0.9775224161675148
681645,msmarco_passage_46_300192145,0.9681936925128172
681645,msmarco_passage_07_576705546,0.9611041633957192
681645,msmarco_passage_60_592263509,0.9587480321596618
681645,msmarco_passage_49_123208798,0.9534336234024976
681645,msmarco_passage_10_884375586,0.9530223721899408
681645,msmarco_passage_61_833413224,0.9472377499542703
681645,msmarco_passage_42_761247083,0.9405067920124092
681645,msmarco_passage_47_35489261,0.9230319537986368
681645,msmarco_passage_60_292428169,0.9125319087157692
681645,msmarco_passage_38_546112553,0.9101011064068282
681645,msmarco_passage_33_9508371,0.9047403992147572
681645,msmarco_passage_30_769956679,0.9014316700532092
681645,msmarco_passage_48_419717072,0.8950716878878879
681645,msmarco_passage_00_410625657,0.8929339641237304
681645,msmarco_passage_48_252800742,0.8920049857891401
681645,msmarco_passage_34_285040221,0.8908526611630914
681645,msmarco_passage_60_597781856,0.8768060701698597
681645,msmarco_passage_58_723562223,0.8627675147574686
681645,msmarco_passage_50_255012135,0.8575855277107217
681645,msmarco_passage_52_157011525,0.854481479320903
681645,msmarco_passage_45_756892184,0.8484629077779047
681645,msmarco_passage_03_465199087,0.8432307222264057
681645,msmarco_passage_26_440158803,0.8383749149872912
681645,msmarco_passage_00_438769104,0.828417661256198
681645,msmarco_passage_65_416314142,0.8280456541174442
681645,msmarco_passage_23_347070163,0.8124662952218993
681645,msmarco_passage_50_255695995,0.8104755599433705
681645,msmarco_passage_14_193732083,0.8036273169887593
681645,msmarco_passage_26_350030768,0.797288656683318
681645,msmarco_passage_39_26067529,0.7972240239858402
681645,msmarco_passage_08_487597955,0.7971173114352706
681645,msmarco_passage_61_134286569,0.7941492833708774
681645,msmarco_passage_08_550948295,0.7911137299333555
681645,msmarco_passage_16_89948829,0.7828776959081023
681645,msmarco_passage_22_338115210,0.7754054771962304
681645,msmarco_passage_17_186754037,0.7559360129953215
681645,msmarco_passage_61_833430136,0.7549865065715499
681645,msmarco_passage_38_538864280,0.7509549631729288
681645,msmarco_passage_42_841029938,0.7495444834961268
681645,msmarco_passage_00_438772229,0.7494474016543502
681645,msmarco_passage_26_350028729,0.7451738252324644
681645,msmarco_passage_00_438775487,0.7447485160906138
681645,msmarco_passage_65_416315738,0.7358886136441216
681645,msmarco_passage_38_542548382,0.7352622633426681
681645,msmarco_passage_34_285038789,0.7339062820934286
681645,msmarco_passage_17_186183087,0.7242842366924178
681645,msmarco_passage_42_671390201,0.72310977387518
681645,msmarco_passage_17_186793299,0.7198521281959644
681645,msmarco_passage_00_662700208,0.7154494958729084
681645,msmarco_passage_51_520270848,0.7116723916828913
681645,msmarco_passage_42_671387654,0.7092183353759607
681645,msmarco_passage_17_53005631,0.7052198283030868
681645,msmarco_passage_52_156817616,0.69532051116144
681645,msmarco_passage_61_833423517,0.6929173651833861
681645,msmarco_passage_37_727297522,0.6922583978185088
681645,msmarco_passage_22_338113717,0.6881397596391327
681645,msmarco_passage_46_372226735,0.6831185994485809
681645,msmarco_passage_58_111535394,0.6789293581180043
681645,msmarco_passage_38_18609716,0.6515538084400452
681645,msmarco_passage_26_350027853,0.6493085527605081
681645,msmarco_passage_53_848640348,0.6424085152199666
681645,msmarco_passage_16_412949864,0.6298792524233474
681645,msmarco_passage_49_168544538,0.620095855095761
681645,msmarco_passage_51_523121419,0.61192884059134
681645,msmarco_passage_12_689101042,0.6099606233224034
681645,msmarco_passage_38_542730515,0.5642139934921534
681645,msmarco_passage_61_662444833,0.5503325662434605
681645,msmarco_passage_11_170290635,0.5293314817819748
681645,msmarco_passage_45_320350238,0.5256745179896072
681645,msmarco_passage_25_833238342,0.4470332553643498
681645,msmarco_passage_51_482320454,0.1645880304276943
688007,msmarco_passage_03_266477381,1.5626268055703905
688007,msmarco_passage_33_766598147,1.285654324422947
688007,msmarco_passage_03_266478313,1.2064194443197491
688007,msmarco_passage_31_739159592,1.1444980436261802
688007,msmarco_passage_09_852058652,1.0291569914205296
688007,msmarco_passage_09_852014369,1.0006089245727356
688007,msmarco_passage_33_763167006,0.9735483571715738
688007,msmarco_passage_09_852065060,0.93257173350091
688007,msmarco_passage_03_267542735,0.919360393480467
688007,msmarco_passage_03_266482578,0.9043179122971104
688007,msmarco_passage_33_766602775,0.9003479296304353
688007,msmarco_passage_03_266476938,0.8725456282956198
688007,msmarco_passage_09_852065874,0.8634334007159769
688007,msmarco_passage_09_852060902,0.8462617756390576
688007,msmarco_passage_33_763605332,0.8357092698397091
688007,msmarco_passage_09_852058189,0.8155132149070664
688007,msmarco_passage_09_852066333,0.8135014333331216
688007,msmarco_passage_03_267538317,0.7972512161234113
688007,msmarco_passage_09_852059190,0.7959538466484707
688007,msmarco_passage_09_852064267,0.7830884621007039
688007,msmarco_passage_03_266477686,0.7629772864539047
688007,msmarco_passage_33_766597212,0.7624436166833836
688007,msmarco_passage_03_266483061,0.7485754729116556
688007,msmarco_passage_09_852061308,0.7438067666523687
688007,msmarco_passage_09_852060003,0.7343837038496853
688007,msmarco_passage_03_266483487,0.7341719698776135
688007,msmarco_passage_09_852065491,0.7295782372490681
688007,msmarco_passage_03_266486863,0.7235947629987869
688007,msmarco_passage_03_266485238,0.7230918205530803
688007,msmarco_passage_09_852061697,0.7202884230012253
688007,msmarco_passage_03_266486053,0.7168188288780826
688007,msmarco_passage_33_766604504,0.6933822368158402
688007,msmarco_passage_03_266480744,0.684627520037433
688007,msmarco_passage_33_766601775,0.6612325051627013
688007,msmarco_passage_33_763211618,0.6562711216955566
688007,msmarco_passage_33_766605275,0.6479313455292188
688007,msmarco_passage_03_266483949,0.639064098591705
688007,msmarco_passage_03_266488040,0.6344449529738695
688007,msmarco_passage_03_266488860,0.6309104317707938
688007,msmarco_passage_03_266479480,0.6294252681050673
688007,msmarco_passage_59_14446298,0.6290934445204621
688007,msmarco_passage_33_766599118,0.6267759897747835
688007,msmarco_passage_03_267536517,0.6184722568887115
688007,msmarco_passage_03_266486415,0.6027034144977044
688007,msmarco_passage_33_763404468,0.6021960787921332
688007,msmarco_passage_03_266489211,0.5954390572333292
688007,msmarco_passage_03_266484400,0.5949030948799449
688007,msmarco_passage_31_739160025,0.5934760924151502
688007,msmarco_passage_03_266479098,0.5926920565200156
688007,msmarco_passage_03_267541408,0.588943467490686
688007,msmarco_passage_33_766583723,0.5877473178662751
688007,msmarco_passage_33_763239884,0.5839402867910434
688007,msmarco_passage_33_766603633,0.5795732511312256
688007,msmarco_passage_03_266487277,0.5688673773932587
688007,msmarco_passage_09_851980332,0.5620980627199267
688007,msmarco_passage_33_763571497,0.5588638973701239
688007,msmarco_passage_59_14447608,0.5532473839183901
688007,msmarco_passage_03_266480358,0.5492202197683269
688007,msmarco_passage_59_14447006,0.5427892923084664
688007,msmarco_passage_09_852018835,0.5419420226732313
688007,msmarco_passage_33_763291528,0.5333238377977845
688007,msmarco_passage_09_851969431,0.5320560297061657
688007,msmarco_passage_03_266488456,0.5258740343437437
688007,msmarco_passage_33_766604073,0.5191026321231995
688007,msmarco_passage_09_852063014,0.5144510766555523
688007,msmarco_passage_33_766747773,0.5133499221825557
688007,msmarco_passage_33_763147651,0.5108067483034411
688007,msmarco_passage_09_851973251,0.5067401490388894
688007,msmarco_passage_33_766585472,0.5052538236829633
688007,msmarco_passage_33_763333015,0.4982450350442945
688007,msmarco_passage_33_766605751,0.4823246118648083
688007,msmarco_passage_03_266487677,0.480594961410101
688007,msmarco_passage_33_763137769,0.4777132746799022
688007,msmarco_passage_35_674874169,0.476845578781706
688007,msmarco_passage_09_851989802,0.4698666971467584
688007,msmarco_passage_03_266481113,0.4691829062525027
688007,msmarco_passage_59_14445923,0.4576387448949628
688007,msmarco_passage_33_763136615,0.4499512545210047
688007,msmarco_passage_33_763685772,0.4498630697411331
688007,msmarco_passage_03_267541845,0.4408370400594713
688007,msmarco_passage_33_763237732,0.4333729743687081
688007,msmarco_passage_09_851974036,0.4308553431027597
688007,msmarco_passage_31_739094932,0.4294840386039332
688007,msmarco_passage_59_14447937,0.4023979109666308
688007,msmarco_passage_33_763239468,0.3701673483621403
688007,msmarco_passage_09_852053689,0.3466053485870361
688007,msmarco_passage_33_763570635,0.3238904709500106
688007,msmarco_passage_33_763139331,0.3048058845305615
688007,msmarco_passage_03_266490500,0.2727782639531172
688007,msmarco_passage_62_431034932,0.2605794155554417
707882,msmarco_passage_30_366123879,1.664929644929038
707882,msmarco_passage_08_846998411,1.425866237172167
707882,msmarco_passage_08_847001055,1.2589443352667016
707882,msmarco_passage_08_846999528,1.0283364171750604
707882,msmarco_passage_30_366125585,1.0214438166474369
707882,msmarco_passage_08_846996505,1.0213170089861443
707882,msmarco_passage_30_366126828,1.01716436044105
707882,msmarco_passage_30_366124204,0.9988351431343712
707882,msmarco_passage_08_847000129,0.917484270643976
707882,msmarco_passage_43_239027506,0.9093160635405771
707882,msmarco_passage_52_662875370,0.89116126320371
707882,msmarco_passage_30_366121542,0.8559253013195336
707882,msmarco_passage_30_366124695,0.8339318276232264
707882,msmarco_passage_30_366125078,0.8319393478703342
707882,msmarco_passage_30_366126013,0.7684044945472808
707882,msmarco_passage_08_846995517,0.7644705495502532
707882,msmarco_passage_08_847000658,0.7435522424661745
707882,msmarco_passage_30_366121141,0.7344131797621805
707882,msmarco_passage_30_366127210,0.7183632398552153
707882,msmarco_passage_08_846997006,0.6889349568143863
707882,msmarco_passage_33_791847962,0.671809177985807
707882,msmarco_passage_33_791846362,0.6526987864047818
707882,msmarco_passage_00_62994608,0.5590828914191814
707882,msmarco_passage_37_159764401,0.5530622363480817
707882,msmarco_passage_47_106673204,0.5457716537571544
707882,msmarco_passage_47_106673693,0.527024660328485
707882,msmarco_passage_00_735549428,0.5156076987649482
707882,msmarco_passage_47_106643074,0.4992547111312176
707882,msmarco_passage_47_106654827,0.489551616499115
707882,msmarco_passage_28_325140084,0.4738185853288762
707882,msmarco_passage_41_396537628,0.4685008076659924
707882,msmarco_passage_01_22588088,0.4680628438576902
707882,msmarco_passage_40_756632599,0.464027319024722
707882,msmarco_passage_51_807397338,0.4536040117951951
707882,msmarco_passage_14_347856699,0.4445165048159094
707882,msmarco_passage_31_168089324,0.4418657088268485
707882,msmarco_passage_05_806666866,0.4407833586085389
707882,msmarco_passage_25_586242593,0.4364425803117377
707882,msmarco_passage_66_290305495,0.431667865715203
707882,msmarco_passage_10_82601465,0.4272452689742127
707882,msmarco_passage_02_792922161,0.4197919480425939
707882,msmarco_passage_15_433832205,0.4178778334364811
707882,msmarco_passage_33_791849493,0.4174557676171174
707882,msmarco_passage_25_586239156,0.4130734701775941
707882,msmarco_passage_03_326158599,0.4077244523630396
707882,msmarco_passage_12_512186472,0.4049962595871835
707882,msmarco_passage_61_390008977,0.4033997430554107
707882,msmarco_passage_10_805417939,0.3975989599397687
707882,msmarco_passage_36_576215455,0.3935225609331012
707882,msmarco_passage_50_486819530,0.3924821108091759
707882,msmarco_passage_34_383745008,0.3863909461837823
707882,msmarco_passage_04_187380045,0.3799361299000283
707882,msmarco_passage_12_711348332,0.3781897245339136
707882,msmarco_passage_22_354751578,0.3751257239740735
707882,msmarco_passage_00_58653626,0.3699363532637301
707882,msmarco_passage_68_667841723,0.3683466870599087
707882,msmarco_passage_36_159799390,0.3669295282705127
707882,msmarco_passage_32_349780954,0.3472304502883673
707882,msmarco_passage_59_629448175,0.3417309203431693
707882,msmarco_passage_59_355523744,0.3405306010295343
707882,msmarco_passage_53_779076278,0.3268153046110559
707882,msmarco_passage_53_811211615,0.3223345251480367
707882,msmarco_passage_60_607353499,0.3214354380533113
707882,msmarco_passage_57_389929955,0.3190688731363156
707882,msmarco_passage_03_326158178,0.3153479812954272
707882,msmarco_passage_53_796922989,0.3148697327951386
707882,msmarco_passage_16_263827845,0.3115774832589253
707882,msmarco_passage_53_824315590,0.3094177268724278
707882,msmarco_passage_58_80053606,0.3086502829093531
707882,msmarco_passage_40_699904365,0.3038454243360946
707882,msmarco_passage_53_796814471,0.3026847742421255
707882,msmarco_passage_22_119908283,0.3015665933601314
707882,msmarco_passage_27_378970087,0.2947559791011604
707882,msmarco_passage_57_389913103,0.2937342046004684
707882,msmarco_passage_63_403034185,0.2876407951228076
707882,msmarco_passage_33_65193507,0.2782940198661249
707882,msmarco_passage_23_830130846,0.2740651160983893
707882,msmarco_passage_13_155588473,0.26966815466171
707882,msmarco_passage_03_58216767,0.2641379524694914
707882,msmarco_passage_40_378071658,0.2636674463410902
707882,msmarco_passage_57_389924902,0.2620354430799671
707882,msmarco_passage_59_629449483,0.2501082062944282
707882,msmarco_passage_21_771125023,0.2486411103837617
707882,msmarco_passage_32_6401731,0.2282141889888929
707882,msmarco_passage_68_633833250,0.2267327177584854
707882,msmarco_passage_21_771126814,0.2210092141530829
707882,msmarco_passage_36_576213674,0.2045876982971203
707882,msmarco_passage_21_771125541,0.1759100423273747
707882,msmarco_passage_36_442151351,0.1726066503429853
707882,msmarco_passage_50_36216011,0.1652912062577994
707882,msmarco_passage_02_852693022,0.1141574574540342
707882,msmarco_passage_29_712284251,0.1080726976506412
707882,msmarco_passage_21_771126006,0.0595423667996353
764738,msmarco_passage_25_498432234,1.5718515349758997
764738,msmarco_passage_40_512427116,1.4255558454720456
764738,msmarco_passage_17_501552228,1.293188020993434
764738,msmarco_passage_17_501553428,1.1637165357025752
764738,msmarco_passage_25_498024196,1.1344685549482412
764738,msmarco_passage_19_596453214,1.0633598853595134
764738,msmarco_passage_14_421130213,1.0327127917808503
764738,msmarco_passage_25_856491012,1.028989181470218
764738,msmarco_passage_40_253900849,0.9992937676573252
764738,msmarco_passage_23_520221613,0.9943609634564388
764738,msmarco_passage_26_182794717,0.9717226898924436
764738,msmarco_passage_42_691449377,0.9608804869425808
764738,msmarco_passage_38_53225537,0.9525783131331628
764738,msmarco_passage_17_501555126,0.9506661230777678
764738,msmarco_passage_26_352847528,0.95063019344027
764738,msmarco_passage_22_335678975,0.9331849897359784
764738,msmarco_passage_14_421127144,0.9206280671872232
764738,msmarco_passage_14_421129754,0.9178804129785836
764738,msmarco_passage_21_668259462,0.915919244190528
764738,msmarco_passage_54_753002997,0.9158954162592006
764738,msmarco_passage_31_354444076,0.9093271903517122
764738,msmarco_passage_30_491515780,0.9083393772066488
764738,msmarco_passage_54_753003355,0.8932711330070315
764738,msmarco_passage_60_30084160,0.8876121489286988
764738,msmarco_passage_41_757848646,0.8562359326399898
764738,msmarco_passage_14_421129291,0.8552010379413857
764738,msmarco_passage_14_421125312,0.8539391423006193
764738,msmarco_passage_50_459586659,0.8501042422525126
764738,msmarco_passage_14_421132060,0.8456549495599847
764738,msmarco_passage_64_597917960,0.8407413617129574
764738,msmarco_passage_07_511776613,0.8400061794366882
764738,msmarco_passage_11_436102817,0.8253432910997281
764738,msmarco_passage_30_491515440,0.8234500876252686
764738,msmarco_passage_14_421128852,0.8175456633500013
764738,msmarco_passage_34_504632763,0.8129634339945011
764738,msmarco_passage_37_18340783,0.8125850754467797
764738,msmarco_passage_23_752150101,0.8038691269419205
764738,msmarco_passage_22_335678507,0.7938018677782672
764738,msmarco_passage_14_421124929,0.7927106608852955
764738,msmarco_passage_23_752152017,0.7923787127315151
764738,msmarco_passage_14_421126623,0.7795653171448911
764738,msmarco_passage_39_707560328,0.7764381779596139
764738,msmarco_passage_14_421134707,0.7710421041572263
764738,msmarco_passage_35_588523008,0.7658810929805746
764738,msmarco_passage_43_140283282,0.7617045055209742
764738,msmarco_passage_40_512427958,0.7554872045584764
764738,msmarco_passage_21_668261757,0.7504719447185644
764738,msmarco_passage_14_421126113,0.7483279647420368
764738,msmarco_passage_23_752155798,0.7472485961224795
764738,msmarco_passage_47_619580096,0.743777912671532
764738,msmarco_passage_21_668261395,0.7359752922261495
764738,msmarco_passage_11_506226559,0.7145533288542129
764738,msmarco_passage_30_738556199,0.7080970257944406
764738,msmarco_passage_31_354444443,0.6950531641171442
764738,msmarco_passage_11_506228312,0.6949050338912349
764738,msmarco_passage_23_520220303,0.6946642479342872
764738,msmarco_passage_33_609042946,0.6945564524963569
764738,msmarco_passage_40_255061882,0.692495271521157
764738,msmarco_passage_64_588989105,0.6791706467832999
764738,msmarco_passage_25_498449149,0.6687848114571865
764738,msmarco_passage_04_675511673,0.661295903364629
764738,msmarco_passage_39_707559901,0.6601960720891636
764738,msmarco_passage_04_607322359,0.6415496880691762
764738,msmarco_passage_33_609045112,0.633023684312947
764738,msmarco_passage_31_558606475,0.630656481551898
764738,msmarco_passage_60_30350358,0.6233125466164819
764738,msmarco_passage_04_675505125,0.5960161330999356
764738,msmarco_passage_60_30350787,0.5946145141717947
764738,msmarco_passage_50_459585402,0.5839322478920927
764738,msmarco_passage_34_504633155,0.583055888518903
764738,msmarco_passage_60_54482698,0.5771214566665803
764738,msmarco_passage_43_544321567,0.5698987800221872
764738,msmarco_passage_00_60091494,0.569268446122583
764738,msmarco_passage_29_709231577,0.5668439946468408
764738,msmarco_passage_30_491516332,0.5336855305738358
764738,msmarco_passage_60_30351209,0.4935667667061231
764738,msmarco_passage_45_303463830,0.1669919405326741
764738,msmarco_passage_45_303461810,0.0635362675413489
806694,msmarco_passage_61_123799590,1.6466545595063105
806694,msmarco_passage_68_793393632,1.42215178296501
806694,msmarco_passage_03_862597299,1.3479514945727975
806694,msmarco_passage_35_352621632,1.23107873418796
806694,msmarco_passage_68_780410013,1.193726928366555
806694,msmarco_passage_50_490428375,1.1037493023232594
806694,msmarco_passage_28_60089520,1.080799766981377
806694,msmarco_passage_68_784630774,1.0311359976447605
806694,msmarco_passage_06_574650091,1.0222671561083705
806694,msmarco_passage_35_352620363,1.006144704233925
806694,msmarco_passage_68_788383105,0.9990431643881889
806694,msmarco_passage_44_721119659,0.9813763205610232
806694,msmarco_passage_46_505299160,0.9724282064527836
806694,msmarco_passage_68_794964485,0.972116514646782
806694,msmarco_passage_28_60089811,0.9683249965028942
806694,msmarco_passage_02_6910420,0.9573988112076276
806694,msmarco_passage_06_80537254,0.9558100328630372
806694,msmarco_passage_65_268502107,0.9378223894901996
806694,msmarco_passage_56_598761151,0.9372216453529754
806694,msmarco_passage_10_438410610,0.9310253301881394
806694,msmarco_passage_36_454702840,0.9305273547487438
806694,msmarco_passage_58_140006305,0.9289878440353108
806694,msmarco_passage_10_438396101,0.9177392121755852
806694,msmarco_passage_61_123798906,0.9168834195946748
806694,msmarco_passage_03_647114007,0.9149680827023848
806694,msmarco_passage_44_773421844,0.91150311855775
806694,msmarco_passage_68_794616502,0.8930454441398944
806694,msmarco_passage_65_268502524,0.8900606646852673
806694,msmarco_passage_68_776716188,0.886965111966403
806694,msmarco_passage_65_268371117,0.8763673367365351
806694,msmarco_passage_56_593063105,0.8638559695122376
806694,msmarco_passage_11_643101144,0.853477366634135
806694,msmarco_passage_65_268139115,0.852127242875549
806694,msmarco_passage_26_506204338,0.846662496901908
806694,msmarco_passage_14_555871670,0.841685618713217
806694,msmarco_passage_65_268524219,0.8309012922475922
806694,msmarco_passage_65_268509394,0.8214383851807072
806694,msmarco_passage_03_862598950,0.8149010980466627
806694,msmarco_passage_03_656417557,0.7903285033297989
806694,msmarco_passage_68_791779659,0.7892677671504471
806694,msmarco_passage_35_632346157,0.7746957557381324
806694,msmarco_passage_68_795682438,0.7463069356837362
806694,msmarco_passage_39_255871588,0.7434064717225308
806694,msmarco_passage_68_795481477,0.7356538867613055
806694,msmarco_passage_28_774439194,0.7250998314821495
806694,msmarco_passage_68_793395035,0.7177909902806552
806694,msmarco_passage_68_795688487,0.7129382070505395
806694,msmarco_passage_37_418983639,0.7125777132106277
806694,msmarco_passage_05_132005397,0.7098774412330591
806694,msmarco_passage_03_862598129,0.7082051006128204
806694,msmarco_passage_68_788384320,0.6967261715317672
806694,msmarco_passage_68_795627685,0.6921384759669034
806694,msmarco_passage_68_794966029,0.6902567838722805
806694,msmarco_passage_68_776717415,0.6886219530173068
806694,msmarco_passage_42_686818900,0.686549554174801
806694,msmarco_passage_42_788420254,0.685377317498315
806694,msmarco_passage_68_780411381,0.6819758718868472
806694,msmarco_passage_03_651440409,0.6810395053535138
806694,msmarco_passage_68_784631880,0.6703168348321376
806694,msmarco_passage_35_352619657,0.6699238686066753
806694,msmarco_passage_36_448485190,0.6665407641878668
806694,msmarco_passage_03_465739494,0.66336904381806
806694,msmarco_passage_29_873298888,0.6598076007838519
806694,msmarco_passage_38_804648034,0.6592061515686647
806694,msmarco_passage_68_791781022,0.6452908275824674
806694,msmarco_passage_68_788811305,0.6442068810170551
806694,msmarco_passage_03_640979692,0.6339664346766922
806694,msmarco_passage_62_620744011,0.6322499886436282
806694,msmarco_passage_68_794618037,0.6101848217113963
806694,msmarco_passage_68_795501345,0.6069313407506582
806694,msmarco_passage_45_425273638,0.5677896871881666
806694,msmarco_passage_03_652966712,0.5438328686187852
806694,msmarco_passage_53_247629986,0.5310546707994533
806694,msmarco_passage_57_466352700,0.5105424372092733
806694,msmarco_passage_57_470537665,0.4740123074853196
806694,msmarco_passage_38_746482247,0.4654201182554353
806694,msmarco_passage_57_466343308,0.4647033592721201
806694,msmarco_passage_10_516151272,0.452672640838713
806694,msmarco_passage_46_646798418,0.4507462353638882
806694,msmarco_passage_04_753333706,0.4486562384749358
806694,msmarco_passage_03_437154425,0.4426191240549088
806694,msmarco_passage_26_803567922,0.4102312234493921
806694,msmarco_passage_57_470556789,0.4057762042531427
806694,msmarco_passage_57_470576128,0.4049192586316252
806694,msmarco_passage_06_23250072,0.3892721164901301
806694,msmarco_passage_05_214372617,0.2537171196543945
818583,msmarco_passage_38_498013421,1.7845474415355258
818583,msmarco_passage_14_602333503,1.608429944631672
818583,msmarco_passage_14_602257483,1.4634327572965904
818583,msmarco_passage_38_494079979,1.330759954076719
818583,msmarco_passage_38_492156110,1.2480011897103505
818583,msmarco_passage_44_757711640,1.2348771231567996
818583,msmarco_passage_44_757676816,1.2080475102453838
818583,msmarco_passage_07_548630868,1.1512796193649084
818583,msmarco_passage_38_494078439,1.150488515436907
818583,msmarco_passage_38_492112529,1.047118071472887
818583,msmarco_passage_38_494073483,1.026997354736814
818583,msmarco_passage_38_494077936,0.9997113285722076
818583,msmarco_passage_52_22501514,0.9995446659885086
818583,msmarco_passage_38_486658568,0.9851928689143994
818583,msmarco_passage_62_780881596,0.96981676535292
818583,msmarco_passage_08_420334995,0.9407228455140992
818583,msmarco_passage_08_420334145,0.9368999340734282
818583,msmarco_passage_16_302325705,0.931834967808052
818583,msmarco_passage_52_22654803,0.9227942928984448
818583,msmarco_passage_38_486659386,0.9168513210622462
818583,msmarco_passage_10_395989592,0.9121184990122602
818583,msmarco_passage_08_420333788,0.9077314706353636
818583,msmarco_passage_40_759639939,0.9054152911061888
818583,msmarco_passage_08_420334635,0.8950673876525639
818583,msmarco_passage_04_218845177,0.8824943593927436
818583,msmarco_passage_47_384741325,0.8799082463497406
818583,msmarco_passage_31_370951920,0.8762181651580346
818583,msmarco_passage_14_610010417,0.8635366490789942
818583,msmarco_passage_04_167143329,0.8518236929511691
818583,msmarco_passage_52_22561668,0.8284331128730641
818583,msmarco_passage_38_501607785,0.825839661128752
818583,msmarco_passage_07_548495555,0.8183140852770486
818583,msmarco_passage_07_548570311,0.815586138980372
818583,msmarco_passage_04_759194640,0.8123168129604179
818583,msmarco_passage_38_466398293,0.80834764099264
818583,msmarco_passage_51_614967264,0.7950794629819624
818583,msmarco_passage_07_548584718,0.7893435986844691
818583,msmarco_passage_40_753559079,0.7662974356354534
818583,msmarco_passage_12_671719099,0.7569983315872741
818583,msmarco_passage_44_235668072,0.7533861583465344
818583,msmarco_passage_57_521698690,0.7528729888168606
818583,msmarco_passage_16_302326661,0.7412735362093409
818583,msmarco_passage_40_759640917,0.7372563288345204
818583,msmarco_passage_44_757724887,0.7309637446384449
818583,msmarco_passage_02_742069713,0.7271467910065398
818583,msmarco_passage_05_696858873,0.7201409696818113
818583,msmarco_passage_38_500734462,0.7156146439519915
818583,msmarco_passage_38_449963605,0.7134032397688209
818583,msmarco_passage_07_548520990,0.7129914739986996
818583,msmarco_passage_44_839817266,0.7078900151200347
818583,msmarco_passage_38_501284466,0.7047150028216375
818583,msmarco_passage_52_22439633,0.6928566859378206
818583,msmarco_passage_44_839815914,0.6899213234265963
818583,msmarco_passage_07_548522498,0.6894347243256621
818583,msmarco_passage_38_449962259,0.6849636673153221
818583,msmarco_passage_68_731946620,0.6810118065668749
818583,msmarco_passage_38_449964715,0.6778170240508926
818583,msmarco_passage_38_449967790,0.6777818765197243
818583,msmarco_passage_38_456397624,0.6757850527167917
818583,msmarco_passage_68_732594619,0.6644227689736849
818583,msmarco_passage_38_500462039,0.6502628620419946
818583,msmarco_passage_52_22533016,0.648967689245969
818583,msmarco_passage_44_839819527,0.637702724644235
818583,msmarco_passage_38_501284867,0.6344857115905125
818583,msmarco_passage_38_500735355,0.6336143804299129
818583,msmarco_passage_38_501608174,0.6310208247139023
818583,msmarco_passage_38_500734858,0.6302989730617026
818583,msmarco_passage_38_501608671,0.627624065615795
818583,msmarco_passage_44_839819111,0.6242715186112887
818583,msmarco_passage_44_839821223,0.623815351682943
818583,msmarco_passage_02_742071380,0.6215652399070256
818583,msmarco_passage_14_602350914,0.6201374854658034
818583,msmarco_passage_38_456398031,0.619796469435468
818583,msmarco_passage_38_501285364,0.6151286260380254
818583,msmarco_passage_44_839818259,0.6135093681998067
818583,msmarco_passage_44_839818684,0.6122950050202045
818583,msmarco_passage_44_839816778,0.6096835761845528
818583,msmarco_passage_44_839819900,0.6053722927471499
818583,msmarco_passage_38_500735885,0.6045012191965149
818583,msmarco_passage_44_839816355,0.6029146144350807
818583,msmarco_passage_38_466392841,0.6028722450866566
818583,msmarco_passage_44_839817773,0.6018759432283195
818583,msmarco_passage_44_839820739,0.5955247203012803
818583,msmarco_passage_38_501609201,0.5858247355772899
818583,msmarco_passage_38_501285894,0.5850936803010317
818583,msmarco_passage_44_839820325,0.5515321678214974
818583,msmarco_passage_38_466400849,0.5350968211412906
818583,msmarco_passage_07_548667171,0.5275300886426177
818583,msmarco_passage_38_466396638,0.5033389190336565
818583,msmarco_passage_44_757457798,0.4805587692366732
818583,msmarco_passage_65_26623790,0.4035530686378479
832573,msmarco_passage_24_205403578,1.6987272335423365
832573,msmarco_passage_48_735882301,1.4962271330294663
832573,msmarco_passage_36_760432315,1.3475750784469571
832573,msmarco_passage_36_856824266,1.3281869721371022
832573,msmarco_passage_24_205383441,1.1915704586494962
832573,msmarco_passage_24_205385166,1.1649672159641702
832573,msmarco_passage_20_44541310,1.1624708339275944
832573,msmarco_passage_27_612382169,1.152761617567674
832573,msmarco_passage_66_363021488,1.1266576223851188
832573,msmarco_passage_27_612379643,1.0687408631934634
832573,msmarco_passage_44_616052972,1.0367521611787014
832573,msmarco_passage_48_735874891,1.025360723398992
832573,msmarco_passage_36_856824989,1.0114456605934676
832573,msmarco_passage_57_172131245,0.9854134103286946
832573,msmarco_passage_04_652472890,0.9812915851418772
832573,msmarco_passage_44_615851504,0.9752676543646102
832573,msmarco_passage_08_248391751,0.9678288075021456
832573,msmarco_passage_48_867940102,0.9514473591080348
832573,msmarco_passage_38_599241550,0.9299886756830928
832573,msmarco_passage_21_672500165,0.9275750711413872
832573,msmarco_passage_24_205386715,0.9179064815896902
832573,msmarco_passage_38_599104239,0.9020045824978348
832573,msmarco_passage_36_856825738,0.8999284169997119
832573,msmarco_passage_04_652474540,0.8981767547271107
832573,msmarco_passage_24_205387559,0.895195852937305
832573,msmarco_passage_51_506906596,0.8927461368805767
832573,msmarco_passage_26_384257416,0.8922190289600425
832573,msmarco_passage_06_762881318,0.884848208500032
832573,msmarco_passage_24_205389529,0.8827527920073283
832573,msmarco_passage_20_25229117,0.8823845064944509
832573,msmarco_passage_24_203994696,0.8718907311763651
832573,msmarco_passage_32_587653705,0.869390159985874
832573,msmarco_passage_24_205392445,0.8559380243826943
832573,msmarco_passage_48_735877106,0.8437491258375771
832573,msmarco_passage_66_87612642,0.8436195963316677
832573,msmarco_passage_02_98991136,0.8412337526883966
832573,msmarco_passage_48_735880289,0.8326884082293464
832573,msmarco_passage_44_615977775,0.8140479157036554
832573,msmarco_passage_23_363993876,0.8112784001822556
832573,msmarco_passage_51_127383170,0.8108760736604571
832573,msmarco_passage_36_856825277,0.8094220396343523
832573,msmarco_passage_35_589599099,0.8086932830000204
832573,msmarco_passage_44_330342456,0.7957413940977722
832573,msmarco_passage_51_127297458,0.7857945819500621
832573,msmarco_passage_53_363897370,0.7821572700863034
832573,msmarco_passage_26_385068019,0.7815432572177445
832573,msmarco_passage_28_571614889,0.7763022877963914
832573,msmarco_passage_59_207803404,0.7752835799762449
832573,msmarco_passage_27_623966954,0.7734800338393812
832573,msmarco_passage_04_652471247,0.7653545523439268
832573,msmarco_passage_04_652471715,0.7631060678972945
832573,msmarco_passage_06_762882160,0.7628702795575785
832573,msmarco_passage_06_771703068,0.7451940170322748
832573,msmarco_passage_30_462530638,0.7447217817449383
832573,msmarco_passage_53_364301634,0.7437801113180187
832573,msmarco_passage_51_127292451,0.7408202709816762
832573,msmarco_passage_24_208567325,0.7404678401228019
832573,msmarco_passage_24_208574459,0.7344505843689961
832573,msmarco_passage_53_364308385,0.7342222365450063
832573,msmarco_passage_53_363899411,0.7229413143134069
832573,msmarco_passage_00_58855961,0.71859475710303
832573,msmarco_passage_28_571616275,0.7181500661701022
832573,msmarco_passage_44_615956648,0.7017296051756572
832573,msmarco_passage_02_205350403,0.6695279372815767
832573,msmarco_passage_28_571615341,0.649318434142879
832573,msmarco_passage_24_205394914,0.6207035143155246
832573,msmarco_passage_57_172200900,0.618879234790802
832573,msmarco_passage_57_172092194,0.5871980284836531
832573,msmarco_passage_25_311246181,0.5772832341945944
832573,msmarco_passage_27_623967352,0.5412167628410991
832573,msmarco_passage_27_619016982,0.4150932067767341
835760,msmarco_passage_15_588172240,1.86135823196835
835760,msmarco_passage_29_482632351,1.6551564761238875
835760,msmarco_passage_04_156883639,1.5324762242317305
835760,msmarco_passage_46_424085011,1.409984356756271
835760,msmarco_passage_28_781805823,1.3955918868408568
835760,msmarco_passage_22_465100299,1.3907274483254397
835760,msmarco_passage_12_833050844,1.352274889587698
835760,msmarco_passage_08_787082193,1.3501372415369677
835760,msmarco_passage_08_318648522,1.349781092589621
835760,msmarco_passage_60_814093193,1.321215822494715
835760,msmarco_passage_15_603451720,1.2801757046519375
835760,msmarco_passage_30_848266581,1.2498570347030893
835760,msmarco_passage_24_223806817,1.2050161473648922
835760,msmarco_passage_01_156766438,1.1924072370557033
835760,msmarco_passage_21_699341642,1.184104617394166
835760,msmarco_passage_22_465101587,1.1715812799703065
835760,msmarco_passage_58_363814381,1.1610018292269664
835760,msmarco_passage_60_157085187,1.1509318937519393
835760,msmarco_passage_02_229034087,1.1491365810448146
835760,msmarco_passage_28_789430552,1.144087922120396
835760,msmarco_passage_29_164262160,1.1437275865235834
835760,msmarco_passage_02_230563351,1.136892008264898
835760,msmarco_passage_44_589654351,1.1345169509165245
835760,msmarco_passage_51_275797742,1.1344470440180647
835760,msmarco_passage_22_465099929,1.1275383779693833
835760,msmarco_passage_01_156762605,1.1261261835128449
835760,msmarco_passage_01_156757005,1.117068615367141
835760,msmarco_passage_30_646808423,1.1154400627766288
835760,msmarco_passage_04_156884151,1.108756185355646
835760,msmarco_passage_10_618455500,1.1062749943807504
835760,msmarco_passage_27_221421544,1.0967836149537458
835760,msmarco_passage_02_230565823,1.0680174313130142
835760,msmarco_passage_48_634008474,1.04294398941223
835760,msmarco_passage_30_610562030,1.0405248229958646
835760,msmarco_passage_00_825433416,1.0388086294477847
835760,msmarco_passage_42_533042728,1.0082341343367576
835760,msmarco_passage_13_410111776,0.9995672356304665
835760,msmarco_passage_06_748705661,0.9826853654633014
835760,msmarco_passage_22_218953299,0.96447354829648
835760,msmarco_passage_67_816726896,0.96395671413495
835760,msmarco_passage_25_117780954,0.960521295878532
835760,msmarco_passage_25_809064713,0.9440636143886358
835760,msmarco_passage_03_831382301,0.9380549970132814
835760,msmarco_passage_51_275788154,0.9302799497108032
835760,msmarco_passage_05_517223372,0.9275546366307148
835760,msmarco_passage_00_839984182,0.9150837518862416
835760,msmarco_passage_50_584731426,0.8985477225515835
835760,msmarco_passage_57_246171894,0.8105876418898841
835760,msmarco_passage_60_179381844,0.7688680492972677
835760,msmarco_passage_56_847733738,0.7624599017152071
835760,msmarco_passage_39_830489156,0.7333436388322883
835760,msmarco_passage_03_866915177,0.6554307275702914
835760,msmarco_passage_46_385397644,0.6341599091031419
835760,msmarco_passage_47_263266979,0.5545089876175856
835760,msmarco_passage_21_795825654,0.5393440849476919
835760,msmarco_passage_04_170006407,0.53686535122506
835760,msmarco_passage_44_622015214,0.5313447797803359
835760,msmarco_passage_36_84587885,0.5026311331215481
835760,msmarco_passage_07_33411099,0.5023990205223395
835760,msmarco_passage_14_386769605,0.5016272833685099
835760,msmarco_passage_59_54251071,0.4947719248528606
835760,msmarco_passage_14_394205065,0.4921249690051204
835760,msmarco_passage_65_101286616,0.4905470262251671
835760,msmarco_passage_11_719058628,0.4842124851893891
835760,msmarco_passage_53_284215612,0.4813230426222115
835760,msmarco_passage_08_632679871,0.4726250421571406
835760,msmarco_passage_65_731158057,0.4701893256899212
835760,msmarco_passage_37_829117029,0.4695967921524688
835760,msmarco_passage_47_582374335,0.469439772528822
835760,msmarco_passage_30_612156039,0.4569374657652278
835760,msmarco_passage_42_770740658,0.4561484131893141
835760,msmarco_passage_43_561295484,0.4251161271287264
835760,msmarco_passage_30_606640914,0.4127426132429191
835760,msmarco_passage_07_158511520,0.4112843563256037
835760,msmarco_passage_30_606641773,0.3893997839473355
835760,msmarco_passage_54_345737584,0.3758272379549708
835760,msmarco_passage_18_421501279,0.3077290875654025
835760,msmarco_passage_32_198437990,0.289522751122568
835760,msmarco_passage_04_202842906,0.2617003297485853
835760,msmarco_passage_24_317909889,0.1800597945237287
835760,msmarco_passage_63_806462725,0.1083437200635671
845121,msmarco_passage_18_309798117,1.8128009173605175
845121,msmarco_passage_52_246108062,1.573494819590361
845121,msmarco_passage_34_59598021,1.5295542313192023
845121,msmarco_passage_01_649801203,1.4060511899084696
845121,msmarco_passage_39_391065769,1.3554540631553955
845121,msmarco_passage_06_611756102,1.3393007664313112
845121,msmarco_passage_14_661014156,1.3358775510790086
845121,msmarco_passage_16_135625020,1.3174950130212495
845121,msmarco_passage_11_676755663,1.191765470304088
845121,msmarco_passage_61_674420170,1.1916929257417728
845121,msmarco_passage_34_450950632,1.1871420309475127
845121,msmarco_passage_45_155033601,1.1777585329841702
845121,msmarco_passage_47_85469029,1.149620991133019
845121,msmarco_passage_47_85472529,1.1479132222508142
845121,msmarco_passage_14_656189764,1.1388723500864302
845121,msmarco_passage_20_678906337,1.1385051555050638
845121,msmarco_passage_09_302844069,1.1284807500356662
845121,msmarco_passage_20_679172490,1.117922442697571
845121,msmarco_passage_31_157852285,1.0782659596813944
845121,msmarco_passage_63_597379033,1.0781229700497492
845121,msmarco_passage_18_449954113,1.0679557193018392
845121,msmarco_passage_40_9070969,1.0521590821011988
845121,msmarco_passage_44_523397606,1.050067047676247
845121,msmarco_passage_11_676890534,1.0458965872237105
845121,msmarco_passage_41_20389422,1.0418429691471414
845121,msmarco_passage_22_468881411,1.0285531272032935
845121,msmarco_passage_52_247343627,1.0238098902907782
845121,msmarco_passage_18_309801056,1.013416465645085
845121,msmarco_passage_64_214839525,1.0114867590352865
845121,msmarco_passage_18_167784576,1.0104884024970755
845121,msmarco_passage_64_214863454,1.0096909323292889
845121,msmarco_passage_41_16670751,0.9926751770094068
845121,msmarco_passage_34_59597034,0.9700750338648984
845121,msmarco_passage_20_679177999,0.968774530679764
845121,msmarco_passage_52_241829257,0.9661752537639444
845121,msmarco_passage_56_793379895,0.956746167123676
845121,msmarco_passage_36_833322466,0.9552984105561204
845121,msmarco_passage_63_597359901,0.9510169927963992
845121,msmarco_passage_06_166888649,0.9460833684356514
845121,msmarco_passage_40_168314271,0.9455191391981196
845121,msmarco_passage_17_515256025,0.9327357921308888
845121,msmarco_passage_00_286849929,0.9225576834712096
845121,msmarco_passage_17_441857355,0.92001524835168
845121,msmarco_passage_32_201093325,0.916042267260905
845121,msmarco_passage_33_604160715,0.9150192095903692
845121,msmarco_passage_17_742212399,0.9104879563461564
845121,msmarco_passage_14_658272202,0.9023855897252688
845121,msmarco_passage_06_644755029,0.8947397615006548
845121,msmarco_passage_18_774527528,0.8840210149546186
845121,msmarco_passage_29_270140669,0.8839139333827224
845121,msmarco_passage_20_679183336,0.8832307213771797
845121,msmarco_passage_38_796348903,0.8817363456877058
845121,msmarco_passage_51_431895942,0.879534755596417
845121,msmarco_passage_29_298160224,0.8779203313266586
845121,msmarco_passage_54_677724008,0.8608232312785361
845121,msmarco_passage_18_449373822,0.8596091432179621
845121,msmarco_passage_08_349100844,0.8540418692366155
845121,msmarco_passage_29_270141803,0.8512637311447121
845121,msmarco_passage_20_678923762,0.8469493160266914
845121,msmarco_passage_52_235764034,0.8384330396422881
845121,msmarco_passage_20_619924261,0.830505965348475
845121,msmarco_passage_52_244264788,0.8298972596744736
845121,msmarco_passage_05_692755922,0.8295219967623273
845121,msmarco_passage_03_739045538,0.8144846209901607
845121,msmarco_passage_52_244247483,0.7841170614372514
845121,msmarco_passage_45_199437048,0.7833342472393671
845121,msmarco_passage_49_260923818,0.7812131737898251
845121,msmarco_passage_39_47038497,0.7721578127635504
845121,msmarco_passage_68_684812623,0.766532853490604
845121,msmarco_passage_52_241838234,0.7433311534310152
845121,msmarco_passage_40_95606867,0.7311488031624315
845121,msmarco_passage_52_247349256,0.7235961332230386
845121,msmarco_passage_29_28225904,0.7206524456192352
845121,msmarco_passage_52_235767024,0.7153042441260122
845121,msmarco_passage_44_459544492,0.7146031965831956
845121,msmarco_passage_38_265248186,0.708635479164028
845121,msmarco_passage_15_361902785,0.7035674949327787
845121,msmarco_passage_52_244277207,0.6784619423215519
845121,msmarco_passage_00_506917072,0.6626412851657562
845121,msmarco_passage_52_241838745,0.6505465116852032
845121,msmarco_passage_18_167788448,0.6373865797846971
845121,msmarco_passage_08_34123453,0.6313840839392199
845121,msmarco_passage_52_244706109,0.6278703200554322
845121,msmarco_passage_20_679182829,0.5959567716819252
845121,msmarco_passage_68_684811894,0.5830326737824805
845121,msmarco_passage_68_582987733,0.5541874381428014
845121,msmarco_passage_04_588468824,0.4860619766798191
845121,msmarco_passage_36_833374217,0.4449262320995331
935353,msmarco_passage_01_116824619,1.6792595055368211
935353,msmarco_passage_45_272090219,1.612916218232979
935353,msmarco_passage_03_399019105,1.4374130486149774
935353,msmarco_passage_27_782235490,1.4361872448507684
935353,msmarco_passage_17_642045950,1.3400646477210811
935353,msmarco_passage_66_440740118,1.3001541758617412
935353,msmarco_passage_34_806832578,1.2651541798418453
935353,msmarco_passage_49_225979544,1.2435441731922026
935353,msmarco_passage_04_128069419,1.1941731623033198
935353,msmarco_passage_00_564032982,1.1889328425492698
935353,msmarco_passage_53_117590216,1.171205244090176
935353,msmarco_passage_01_116824152,1.158707014590421
935353,msmarco_passage_68_148620030,1.1386337099359611
935353,msmarco_passage_04_128066736,1.1350129149793609
935353,msmarco_passage_53_117590789,1.1214555459778484
935353,msmarco_passage_02_280277114,1.1186974709596091
935353,msmarco_passage_04_187325443,1.1050264016399538
935353,msmarco_passage_40_148012392,1.0945636210887413
935353,msmarco_passage_22_209449236,1.0284951772147075
935353,msmarco_passage_40_90587857,1.0064691347804495
935353,msmarco_passage_49_251536666,0.99162074526151
935353,msmarco_passage_04_222437935,0.9818095717488264
935353,msmarco_passage_04_18518977,0.980669671878582
935353,msmarco_passage_19_836413334,0.9780075222496094
935353,msmarco_passage_04_128065496,0.9578076688254752
935353,msmarco_passage_62_843606100,0.9383460361540804
935353,msmarco_passage_44_72755873,0.9322686911598452
935353,msmarco_passage_04_222437049,0.9311776638031006
935353,msmarco_passage_18_835486139,0.9262991346237136
935353,msmarco_passage_03_400743106,0.924982444348374
935353,msmarco_passage_41_590614578,0.915854232970292
935353,msmarco_passage_35_528501965,0.9113276460306432
935353,msmarco_passage_04_220629990,0.8944330183955711
935353,msmarco_passage_03_154451277,0.8860400082134618
935353,msmarco_passage_08_846390135,0.8773741928784828
935353,msmarco_passage_04_216457794,0.8740203836099888
935353,msmarco_passage_18_835483239,0.8597590636431686
935353,msmarco_passage_17_635369419,0.8549243647393172
935353,msmarco_passage_01_590936275,0.8479640030037097
935353,msmarco_passage_18_835485671,0.8066740141166904
935353,msmarco_passage_18_836620646,0.8004147457155755
935353,msmarco_passage_12_233242509,0.7962915179690695
935353,msmarco_passage_63_337837504,0.7961576171522218
935353,msmarco_passage_38_379652143,0.7929352153849796
935353,msmarco_passage_04_204108335,0.7792184066481707
935353,msmarco_passage_49_214107835,0.7692773605022973
935353,msmarco_passage_64_126259750,0.7507647064400882
935353,msmarco_passage_45_533450333,0.749454166201072
935353,msmarco_passage_21_378430062,0.7253979792682135
935353,msmarco_passage_04_216453637,0.7185028635874027
935353,msmarco_passage_64_126262974,0.7156436634984442
935353,msmarco_passage_04_204109182,0.7126923677640231
935353,msmarco_passage_00_565095356,0.7113467143318517
935353,msmarco_passage_44_477278946,0.7101244737220005
935353,msmarco_passage_19_836391786,0.7088791980733716
935353,msmarco_passage_04_204108803,0.7057914740913283
935353,msmarco_passage_64_134999308,0.7022295494874318
935353,msmarco_passage_04_204109926,0.6923570440067508
935353,msmarco_passage_04_204109527,0.6728989841976786
935353,msmarco_passage_19_836418489,0.6692493597181832
935353,msmarco_passage_00_564032482,0.6556166449213415
935353,msmarco_passage_44_477274583,0.638266930589831
935353,msmarco_passage_04_203472456,0.6357652071045666
935353,msmarco_passage_30_765078909,0.6282877250173228
935353,msmarco_passage_11_802404525,0.6209410631559729
935353,msmarco_passage_04_208491796,0.6103742626624378
935353,msmarco_passage_04_208493851,0.6103080008814974
935353,msmarco_passage_04_208493518,0.6012012358603439
935353,msmarco_passage_47_512055212,0.5885631742273889
935353,msmarco_passage_44_480488533,0.5833932945156485
935353,msmarco_passage_04_208294480,0.5645942302496453
935353,msmarco_passage_04_208294046,0.5604971607526144
935353,msmarco_passage_04_223438133,0.5590672971514182
935353,msmarco_passage_04_201764545,0.5421114194926208
935353,msmarco_passage_04_208491547,0.5246295773159197
935353,msmarco_passage_09_51824235,0.5191715981902145
935353,msmarco_passage_14_10135865,0.5182115031936304
935353,msmarco_passage_45_846408030,0.5144383772359631
935353,msmarco_passage_63_834019925,0.5136332480645761
935353,msmarco_passage_04_208159775,0.5064385395951387
935353,msmarco_passage_04_222836807,0.500916142725363
935353,msmarco_passage_44_478213850,0.4431859805816557
935353,msmarco_passage_04_208159441,0.3736622945079958
935353,msmarco_passage_11_803879078,0.344373270869255
935353,msmarco_passage_44_479677530,0.3322025565233657
935964,msmarco_passage_54_800252753,1.7946216199133131
935964,msmarco_passage_03_424881978,1.538127733595292
935964,msmarco_passage_67_44904878,1.363380464958678
935964,msmarco_passage_35_61731466,1.2226178499066558
935964,msmarco_passage_08_318054068,1.21656071129973
935964,msmarco_passage_31_370485379,1.2074553059398403
935964,msmarco_passage_03_806530124,1.1756285363884462
935964,msmarco_passage_35_61733187,1.151546961367223
935964,msmarco_passage_31_370489867,1.1343952928861376
935964,msmarco_passage_02_85129069,1.0915712216594913
935964,msmarco_passage_54_800252270,1.0759577542848937
935964,msmarco_passage_54_800253094,1.0579442890248116
935964,msmarco_passage_67_1061224,1.042864170884375
935964,msmarco_passage_35_61731967,0.9909635023435251
935964,msmarco_passage_53_248942772,0.9736296551647524
935964,msmarco_passage_60_349909265,0.9550760932593064
935964,msmarco_passage_03_424887607,0.949471318632892
935964,msmarco_passage_28_866210139,0.9377130802668708
935964,msmarco_passage_38_73849586,0.9286765327435836
935964,msmarco_passage_03_688340344,0.9284079377771202
935964,msmarco_passage_60_299833660,0.9163826694220776
935964,msmarco_passage_24_577786297,0.9153892396991762
935964,msmarco_passage_64_696793428,0.9097468843831154
935964,msmarco_passage_64_812650549,0.9092042144335885
935964,msmarco_passage_55_151966205,0.907049008406775
935964,msmarco_passage_03_519760458,0.9057054133306344
935964,msmarco_passage_64_696794037,0.8997686353056429
935964,msmarco_passage_67_1060757,0.8975088002825049
935964,msmarco_passage_64_371027480,0.8913377769617754
935964,msmarco_passage_65_262458913,0.8603460985038842
935964,msmarco_passage_60_349910448,0.8577926511838962
935964,msmarco_passage_64_853398525,0.8569580035351863
935964,msmarco_passage_60_349910753,0.8480395770195146
935964,msmarco_passage_53_663304422,0.847509715830402
935964,msmarco_passage_55_266282383,0.8465852475399629
935964,msmarco_passage_08_846197554,0.8433765825609792
935964,msmarco_passage_16_12518676,0.8393672325959965
935964,msmarco_passage_64_226883289,0.8361248632512799
935964,msmarco_passage_66_186283170,0.82374014636677
935964,msmarco_passage_52_740092049,0.8141267387114833
935964,msmarco_passage_16_12589481,0.8083917810943564
935964,msmarco_passage_55_826043092,0.8065888083214418
935964,msmarco_passage_30_439250975,0.8014423385081952
935964,msmarco_passage_40_498720155,0.7973013928835345
935964,msmarco_passage_54_807204601,0.7965981222876631
935964,msmarco_passage_09_469293164,0.7931783972615297
935964,msmarco_passage_64_531374129,0.7898652757202923
935964,msmarco_passage_51_229572285,0.7713849944703954
935964,msmarco_passage_48_479279848,0.7707626766060849
935964,msmarco_passage_26_400518410,0.7701174716747263
935964,msmarco_passage_16_12592512,0.7697123833049266
935964,msmarco_passage_66_252210233,0.7696344371166388
935964,msmarco_passage_66_246953274,0.7597638162240067
935964,msmarco_passage_44_9980910,0.7468384894387031
935964,msmarco_passage_66_180531270,0.7462394880448562
935964,msmarco_passage_64_535251701,0.7461230559512375
935964,msmarco_passage_67_1062167,0.7451802551635269
935964,msmarco_passage_11_667492487,0.7430487878669231
935964,msmarco_passage_66_180528267,0.7400347075946733
935964,msmarco_passage_32_787556607,0.732295866148114
935964,msmarco_passage_04_8317333,0.7322720511122941
935964,msmarco_passage_37_317269012,0.7236593550538083
935964,msmarco_passage_10_380328471,0.7188892690633238
935964,msmarco_passage_00_71794528,0.7185425022386104
935964,msmarco_passage_11_311483242,0.7161107128953
935964,msmarco_passage_64_834194686,0.7152982739511208
935964,msmarco_passage_12_65586608,0.7055236711528738
935964,msmarco_passage_65_262447270,0.6915869812096599
935964,msmarco_passage_36_183330356,0.6805342213583127
935964,msmarco_passage_58_767897208,0.680498910175232
935964,msmarco_passage_24_577783661,0.6770802736560096
935964,msmarco_passage_10_710530719,0.6697926834961686
935964,msmarco_passage_31_493401056,0.6575641150132364
935964,msmarco_passage_64_531373586,0.6518309411775921
935964,msmarco_passage_11_691879317,0.6517245057800165
935964,msmarco_passage_57_509901333,0.6466750821496211
935964,msmarco_passage_59_687969290,0.636869973260892
935964,msmarco_passage_66_212925208,0.6342067946564451
935964,msmarco_passage_56_733085520,0.6336515003376105
935964,msmarco_passage_11_311506436,0.6204528153609252
935964,msmarco_passage_08_430140681,0.6033299298288659
935964,msmarco_passage_16_12592950,0.59859464532398
935964,msmarco_passage_28_640559089,0.5963458370018093
935964,msmarco_passage_54_807205518,0.5929692198018104
935964,msmarco_passage_31_792857475,0.5840099425706926
935964,msmarco_passage_30_254823012,0.5827757312750439
935964,msmarco_passage_45_564087522,0.5132895976305007
952262,msmarco_passage_04_375241745,1.780166619353824
952262,msmarco_passage_54_265700064,1.6026511399437622
952262,msmarco_passage_38_632156574,1.5044609287648891
952262,msmarco_passage_11_8858858,1.4388333695217537
952262,msmarco_passage_42_857904295,1.2655598403422397
952262,msmarco_passage_48_749209638,1.2157643939157687
952262,msmarco_passage_40_515445277,1.2048334624339212
952262,msmarco_passage_55_297870367,1.1965029667007487
952262,msmarco_passage_54_277091143,1.1903121178317806
952262,msmarco_passage_08_61246098,1.169805195265673
952262,msmarco_passage_48_753200302,1.1675324266882887
952262,msmarco_passage_00_239612976,1.1625676827955314
952262,msmarco_passage_22_590727458,1.1069423923370043
952262,msmarco_passage_48_750280267,1.07995632366155
952262,msmarco_passage_38_518614745,1.0680564829004011
952262,msmarco_passage_34_772695569,1.0581024389276383
952262,msmarco_passage_57_447973988,1.0396970160386405
952262,msmarco_passage_48_774362860,1.037125051015692
952262,msmarco_passage_09_850150414,1.0260955884096536
952262,msmarco_passage_65_827626432,1.025819287042392
952262,msmarco_passage_26_112845949,1.021903028781181
952262,msmarco_passage_39_119018585,1.0116585976279615
952262,msmarco_passage_29_460292639,1.0056663534012855
952262,msmarco_passage_24_246146361,1.0053029869821912
952262,msmarco_passage_27_464765209,1.002438110725077
952262,msmarco_passage_49_70173791,1.0010134206295955
952262,msmarco_passage_54_265701703,0.9923578462443018
952262,msmarco_passage_57_447613267,0.9788675459445642
952262,msmarco_passage_34_772694736,0.9534750380320705
952262,msmarco_passage_04_374463077,0.952107136629647
952262,msmarco_passage_44_567000444,0.9423515949291632
952262,msmarco_passage_65_864442489,0.933090419283271
952262,msmarco_passage_52_459894176,0.932955041771933
952262,msmarco_passage_49_5231358,0.9325204105685516
952262,msmarco_passage_53_421857392,0.9322587172759134
952262,msmarco_passage_39_118844285,0.924312403877537
952262,msmarco_passage_59_268543239,0.9073034867070624
952262,msmarco_passage_45_321674368,0.9000105518932286
952262,msmarco_passage_04_84678409,0.8997867972688401
952262,msmarco_passage_29_460300967,0.8990930191738584
952262,msmarco_passage_48_838301481,0.8923845952672761
952262,msmarco_passage_53_557660037,0.8906354060413101
952262,msmarco_passage_04_375255298,0.8901933939059183
952262,msmarco_passage_27_612555233,0.8867679905561916
952262,msmarco_passage_53_497927341,0.8859196235902923
952262,msmarco_passage_48_631419940,0.8724730707462307
952262,msmarco_passage_54_375717841,0.8699285253073362
952262,msmarco_passage_42_435274365,0.8685481903524767
952262,msmarco_passage_54_265701251,0.86258344813843
952262,msmarco_passage_35_777782600,0.8605871759774302
952262,msmarco_passage_28_258485728,0.8517505589677692
952262,msmarco_passage_35_333920753,0.851516957820815
952262,msmarco_passage_28_258488468,0.8483897312666563
952262,msmarco_passage_02_357430957,0.8473607643865056
952262,msmarco_passage_45_471487531,0.8472899348573412
952262,msmarco_passage_38_518620838,0.8449107424410286
952262,msmarco_passage_07_506859894,0.8320761994512977
952262,msmarco_passage_04_375260282,0.8236860769169234
952262,msmarco_passage_48_749890435,0.8231676462842823
952262,msmarco_passage_57_446003337,0.8172487884377445
952262,msmarco_passage_53_490177949,0.8131749513824741
952262,msmarco_passage_09_36561061,0.8116889783801826
952262,msmarco_passage_11_89354857,0.8085518229984461
952262,msmarco_passage_08_217461491,0.8046583297222059
952262,msmarco_passage_16_462241957,0.7935308273782382
952262,msmarco_passage_39_598358173,0.7807851489769388
952262,msmarco_passage_08_89528615,0.7713435150440213
952262,msmarco_passage_65_793365323,0.7632720023481891
952262,msmarco_passage_38_635542698,0.7537309536164276
952262,msmarco_passage_66_16801373,0.7330766330643209
952262,msmarco_passage_30_263240214,0.7251904352219648
952262,msmarco_passage_57_447371892,0.7246173815395378
952262,msmarco_passage_57_447372873,0.7089211883514326
952262,msmarco_passage_14_777005005,0.7014405444308542
952262,msmarco_passage_39_598362767,0.6972737769766363
952262,msmarco_passage_39_598361396,0.6588587716736658
952262,msmarco_passage_67_225522180,0.6310508898397778
952262,msmarco_passage_25_812195261,0.5754494499507097
952262,msmarco_passage_57_447375732,0.571782476836696
952262,msmarco_passage_57_447569416,0.5370865166187286
952284,msmarco_passage_30_313376847,1.625700119468901
952284,msmarco_passage_22_850847499,1.338454801304158
952284,msmarco_passage_32_132398653,1.2027739443688907
952284,msmarco_passage_11_288630511,1.108814543346316
952284,msmarco_passage_36_726687505,1.0498396578580953
952284,msmarco_passage_30_313413887,1.0306960918126182
952284,msmarco_passage_38_844695644,1.0109014841481887
952284,msmarco_passage_23_513988962,1.0078290706065616
952284,msmarco_passage_23_511390340,0.98783887043581
952284,msmarco_passage_67_105579985,0.9564214891399516
952284,msmarco_passage_38_844698238,0.9312547540057748
952284,msmarco_passage_53_700312764,0.9289702794136164
952284,msmarco_passage_38_846139030,0.913900058740154
952284,msmarco_passage_53_146592941,0.9024800650238648
952284,msmarco_passage_33_864309229,0.9012882509160568
952284,msmarco_passage_30_313430418,0.8464946335949197
952284,msmarco_passage_38_844692838,0.8460208948132628
952284,msmarco_passage_65_468650531,0.8395333892502084
952284,msmarco_passage_30_313413024,0.8262834691148212
952284,msmarco_passage_38_846335755,0.8214372149290201
952284,msmarco_passage_11_288635897,0.8200811798073259
952284,msmarco_passage_67_365187034,0.8105913437380456
952284,msmarco_passage_53_146447213,0.8103759838169751
952284,msmarco_passage_16_84821804,0.8077971326800978
952284,msmarco_passage_22_523487368,0.8034782805772611
952284,msmarco_passage_14_634936447,0.7977633106805864
952284,msmarco_passage_65_468654273,0.7966786287989787
952284,msmarco_passage_40_439533480,0.791311770906595
952284,msmarco_passage_29_326101727,0.791297354535571
952284,msmarco_passage_64_344301132,0.7879492903076377
952284,msmarco_passage_41_13234359,0.7825969782903948
952284,msmarco_passage_40_439540470,0.7801905065545889
952284,msmarco_passage_23_518175705,0.7734608670304762
952284,msmarco_passage_14_651423759,0.7682370248519951
952284,msmarco_passage_65_468651055,0.7668373190131358
952284,msmarco_passage_47_152667289,0.7647713686902288
952284,msmarco_passage_67_213010701,0.7641698912916908
952284,msmarco_passage_30_524228664,0.7615885538881955
952284,msmarco_passage_46_381968583,0.759018678921673
952284,msmarco_passage_22_518472709,0.7588392304297712
952284,msmarco_passage_27_110289987,0.7569106505652327
952284,msmarco_passage_30_313413410,0.7567119680810273
952284,msmarco_passage_68_54589172,0.7446969647858718
952284,msmarco_passage_07_657212163,0.7444150732098349
952284,msmarco_passage_65_468653707,0.7433347858366889
952284,msmarco_passage_60_744014637,0.735075425383108
952284,msmarco_passage_22_513668760,0.7338940515126551
952284,msmarco_passage_30_313410648,0.7295165167790439
952284,msmarco_passage_23_510622897,0.7245724715371182
952284,msmarco_passage_47_153093670,0.7227069631977567
952284,msmarco_passage_46_382445692,0.7192551953247484
952284,msmarco_passage_61_373096056,0.7175644061378741
952284,msmarco_passage_14_169048942,0.7126714110947021
952284,msmarco_passage_67_894348900,0.7098845937782245
952284,msmarco_passage_30_524632082,0.7037899819849548
952284,msmarco_passage_54_370991786,0.70251004560193
952284,msmarco_passage_24_569099268,0.6978487755935084
952284,msmarco_passage_62_65975544,0.6952048342492463
952284,msmarco_passage_41_12927302,0.6938023998918268
952284,msmarco_passage_11_288621140,0.6933361097955567
952284,msmarco_passage_22_851624376,0.6922787133543453
952284,msmarco_passage_34_872046465,0.6886062451759059
952284,msmarco_passage_22_518351232,0.6881009710854229
952284,msmarco_passage_23_607304665,0.6876197280417717
952284,msmarco_passage_10_770545480,0.6794813627726063
952284,msmarco_passage_67_106271073,0.6773209476219016
952284,msmarco_passage_23_518174799,0.6737476302613215
952284,msmarco_passage_53_146588055,0.672917840714986
952284,msmarco_passage_52_561107099,0.666117641790685
952284,msmarco_passage_22_518603800,0.6649980514840823
952284,msmarco_passage_40_439536540,0.6629406054871914
952284,msmarco_passage_34_640642046,0.6603697528298604
952284,msmarco_passage_14_651465481,0.659677607516734
952284,msmarco_passage_24_569096438,0.6455228909635407
952284,msmarco_passage_47_154033459,0.6446736243427316
952284,msmarco_passage_53_146449978,0.6382805679505199
952284,msmarco_passage_40_439538287,0.6309899787995589
952284,msmarco_passage_23_510623367,0.6212101175794227
952284,msmarco_passage_46_496662263,0.6116706724669588
952284,msmarco_passage_23_517407245,0.6104199974354818
952284,msmarco_passage_47_152601001,0.5956828595352905
952284,msmarco_passage_22_518209799,0.5867822903892836
952284,msmarco_passage_62_75043896,0.5862068263729757
952284,msmarco_passage_22_513671442,0.5851825215001156
952284,msmarco_passage_53_146496517,0.5820424285991964
952284,msmarco_passage_16_84827086,0.5738021572860357
952284,msmarco_passage_34_452489420,0.5667009001420623
952284,msmarco_passage_04_423294611,0.5565450936555862
952284,msmarco_passage_32_132409243,0.5527401356142834
952284,msmarco_passage_23_518174338,0.5240400564344198
952284,msmarco_passage_01_392943593,0.5181190021042636
952284,msmarco_passage_06_204447363,0.41202846407375
975079,msmarco_passage_34_122507568,1.736003339290619
975079,msmarco_passage_68_160730821,1.4938032277839517
975079,msmarco_passage_19_577300446,1.3604741294068776
975079,msmarco_passage_04_428426158,1.293809907988389
975079,msmarco_passage_39_7640982,1.263944977710589
975079,msmarco_passage_58_259083082,1.135348129723843
975079,msmarco_passage_06_135432401,1.0984742325111474
975079,msmarco_passage_59_773341087,1.0607120811680248
975079,msmarco_passage_18_508298739,0.9534187891851812
975079,msmarco_passage_01_317043704,0.9298553090891728
975079,msmarco_passage_02_235583144,0.9296209095576622
975079,msmarco_passage_04_665756474,0.918557667599044
975079,msmarco_passage_18_643815000,0.9063175818884616
975079,msmarco_passage_38_640900286,0.8845423026753834
975079,msmarco_passage_18_508295128,0.8783296903584923
975079,msmarco_passage_04_208886763,0.8676140833000896
975079,msmarco_passage_40_157215370,0.8605747784649194
975079,msmarco_passage_04_209741407,0.8558954083386745
975079,msmarco_passage_20_500975309,0.8500464585351323
975079,msmarco_passage_34_256606788,0.8417746673860141
975079,msmarco_passage_04_380239030,0.8322691732389745
975079,msmarco_passage_68_150137893,0.8290168634451079
975079,msmarco_passage_58_518024804,0.8222202374837474
975079,msmarco_passage_04_380415839,0.814127822916823
975079,msmarco_passage_65_148520253,0.8116544654582465
975079,msmarco_passage_10_207505389,0.8098479451524923
975079,msmarco_passage_68_636615833,0.8083428104829522
975079,msmarco_passage_35_751087673,0.8072378579298211
975079,msmarco_passage_38_639628805,0.7918387566809326
975079,msmarco_passage_08_43774818,0.782790374134284
975079,msmarco_passage_04_386520464,0.7789490743278348
975079,msmarco_passage_04_380418794,0.7726870366370433
975079,msmarco_passage_21_533470521,0.7661874216861565
975079,msmarco_passage_04_379289492,0.7650181625919413
975079,msmarco_passage_21_533344494,0.7625734245199953
975079,msmarco_passage_24_412135705,0.7618328422696452
975079,msmarco_passage_04_379702174,0.7523233308971927
975079,msmarco_passage_04_378365436,0.7519949745088539
975079,msmarco_passage_58_596374967,0.749336743893126
975079,msmarco_passage_04_380033594,0.749197491115476
975079,msmarco_passage_18_485636181,0.7455987275479226
975079,msmarco_passage_00_274244248,0.7418044963695484
975079,msmarco_passage_18_794333391,0.7400485525695083
975079,msmarco_passage_58_517720803,0.7395936566802155
975079,msmarco_passage_18_769498545,0.7353662967903877
975079,msmarco_passage_04_377884628,0.7333334211974614
975079,msmarco_passage_35_635520594,0.7188806645863548
975079,msmarco_passage_04_377487769,0.7152831129077649
975079,msmarco_passage_14_56330413,0.7016908743861001
975079,msmarco_passage_21_646549032,0.6970600509388265
975079,msmarco_passage_04_377910097,0.6931153006504812
975079,msmarco_passage_58_92711356,0.691485679671307
975079,msmarco_passage_04_378316384,0.6909420932804405
975079,msmarco_passage_17_443919198,0.6855499815840962
975079,msmarco_passage_04_377603070,0.6779516279419929
975079,msmarco_passage_34_337711083,0.6767706026578082
975079,msmarco_passage_04_379885110,0.6713830600015722
975079,msmarco_passage_18_169733336,0.6659010741797239
975079,msmarco_passage_04_380307746,0.665751289261342
975079,msmarco_passage_20_22881258,0.6577409160647756
975079,msmarco_passage_04_380958799,0.6527357582883906
975079,msmarco_passage_12_226303770,0.6490484113633299
975079,msmarco_passage_06_580038732,0.6452381996302632
975079,msmarco_passage_04_377824638,0.6431835149198049
975079,msmarco_passage_21_533472016,0.6402907227892671
975079,msmarco_passage_04_380029175,0.6302649144631303
975079,msmarco_passage_04_378264937,0.6283681896867255
975079,msmarco_passage_04_380835412,0.6222598522790539
975079,msmarco_passage_58_526323071,0.617261020669946
975079,msmarco_passage_20_515148046,0.616449666184198
975079,msmarco_passage_58_151022490,0.6152655265073759
975079,msmarco_passage_06_383517164,0.614648122777486
975079,msmarco_passage_10_262149126,0.6107771464122297
975079,msmarco_passage_04_379833081,0.6010092360291845
975079,msmarco_passage_04_381281091,0.591441342145815
975079,msmarco_passage_05_112615659,0.5884725092287614
975079,msmarco_passage_08_677854469,0.5867080299991914
975079,msmarco_passage_08_677858835,0.5823229633396564
975079,msmarco_passage_32_199903890,0.5802046936151035
975079,msmarco_passage_21_533471484,0.5680307199668617
975079,msmarco_passage_04_380377459,0.560655553564013
975079,msmarco_passage_08_676009446,0.550078738146432
975079,msmarco_passage_08_679473323,0.5496971631405296
975079,msmarco_passage_38_639807682,0.5466367866850876
975079,msmarco_passage_04_380957391,0.5452557925849432
975079,msmarco_passage_21_604958951,0.5145633177106829
975079,msmarco_passage_64_236854654,0.5145627619445435
975079,msmarco_passage_21_65766080,0.4082497425640983
975079,msmarco_passage_21_65765669,0.3588562954127012
975079,msmarco_passage_21_604956910,0.3446364727183427
975079,msmarco_passage_12_263358866,0.2273144274950027
1006728,msmarco_passage_66_84491897,1.7119691636827257
1006728,msmarco_passage_29_510661852,1.3985513361744912
1006728,msmarco_passage_00_805095721,1.2299113680731577
1006728,msmarco_passage_13_574326454,1.1974360741909194
1006728,msmarco_passage_65_225025567,1.122853344516434
1006728,msmarco_passage_23_479124719,1.0790279506137537
1006728,msmarco_passage_28_864687853,1.0783137162776364
1006728,msmarco_passage_51_653520227,1.03456882083441
1006728,msmarco_passage_55_329988089,0.9771701829488424
1006728,msmarco_passage_12_367443747,0.9550494721850508
1006728,msmarco_passage_21_656747181,0.9549865983567148
1006728,msmarco_passage_13_693866620,0.9538614139241992
1006728,msmarco_passage_30_650927429,0.9474578356967782
1006728,msmarco_passage_04_229067163,0.9471507156794926
1006728,msmarco_passage_67_682144407,0.9469155241858284
1006728,msmarco_passage_28_687617757,0.9360978029808908
1006728,msmarco_passage_27_425030639,0.9288234157382318
1006728,msmarco_passage_17_477012949,0.9230822723991466
1006728,msmarco_passage_57_521474018,0.9055248335847316
1006728,msmarco_passage_02_506635606,0.9013472519955544
1006728,msmarco_passage_65_811449448,0.8957432907707287
1006728,msmarco_passage_07_504695154,0.8936451148312047
1006728,msmarco_passage_53_483517307,0.8910775939248643
1006728,msmarco_passage_58_335462263,0.88849307208691
1006728,msmarco_passage_27_749801923,0.8863057680849759
1006728,msmarco_passage_55_468332099,0.8835734476458351
1006728,msmarco_passage_42_534040447,0.8631779295093608
1006728,msmarco_passage_61_380172725,0.8619191969340702
1006728,msmarco_passage_64_190427898,0.8574884583365243
1006728,msmarco_passage_29_185077002,0.8488140507689061
1006728,msmarco_passage_00_341244349,0.8392008341708274
1006728,msmarco_passage_65_851916699,0.832343836437981
1006728,msmarco_passage_35_86380492,0.8274412621866982
1006728,msmarco_passage_65_799579625,0.8214336306419012
1006728,msmarco_passage_04_825259357,0.8139575186765419
1006728,msmarco_passage_15_573561225,0.8099055446543784
1006728,msmarco_passage_30_796203139,0.804259624121324
1006728,msmarco_passage_02_821202298,0.7999594109238318
1006728,msmarco_passage_33_845240529,0.7904553715912801
1006728,msmarco_passage_66_122176201,0.7852562232962195
1006728,msmarco_passage_30_796204069,0.7767203264641311
1006728,msmarco_passage_66_70476399,0.7755835484783605
1006728,msmarco_passage_66_1108697,0.774463670771077
1006728,msmarco_passage_39_127139605,0.772888347000446
1006728,msmarco_passage_27_489780271,0.7679433818133372
1006728,msmarco_passage_08_291664990,0.7657431088528542
1006728,msmarco_passage_02_177290040,0.7632711428516316
1006728,msmarco_passage_04_134348380,0.7602213584027201
1006728,msmarco_passage_43_390862538,0.7595921542284624
1006728,msmarco_passage_13_403576164,0.7552829452280728
1006728,msmarco_passage_68_91442967,0.755160573293578
1006728,msmarco_passage_30_676181643,0.7531296207095093
1006728,msmarco_passage_53_760526383,0.7445459404081668
1006728,msmarco_passage_55_274913047,0.7419533908367157
1006728,msmarco_passage_28_480238827,0.7396111398373011
1006728,msmarco_passage_27_514444626,0.7378540655352035
1006728,msmarco_passage_17_588078572,0.7331887166455108
1006728,msmarco_passage_61_780499106,0.7292735407937249
1006728,msmarco_passage_11_855149121,0.7280856081899607
1006728,msmarco_passage_09_388841887,0.7272862612076526
1006728,msmarco_passage_22_147691478,0.713455219988553
1006728,msmarco_passage_41_466167079,0.7017340985109222
1006728,msmarco_passage_05_364836294,0.6944768958496598
1006728,msmarco_passage_00_341395235,0.6849670472010126
1006728,msmarco_passage_02_499256362,0.6731402009163263
1006728,msmarco_passage_26_244647406,0.6601606475294761
1006728,msmarco_passage_06_436396330,0.6521704617536294
1006728,msmarco_passage_52_405966859,0.6489624609362404
1006728,msmarco_passage_66_66485405,0.637896591424942
1006728,msmarco_passage_02_194038620,0.605229813366566
1040198,msmarco_passage_21_73132792,1.753518409199185
1040198,msmarco_passage_18_855527748,1.5107434364611994
1040198,msmarco_passage_19_125724558,1.258512336297267
1040198,msmarco_passage_18_855178612,1.2365946620801886
1040198,msmarco_passage_21_72934589,1.214490683472958
1040198,msmarco_passage_19_489886196,1.099971742607797
1040198,msmarco_passage_28_851468982,0.952292915966538
1040198,msmarco_passage_56_572160546,0.9244072300072758
1040198,msmarco_passage_33_467171744,0.903183961957594
1040198,msmarco_passage_30_406653359,0.9020850953465688
1040198,msmarco_passage_62_514650149,0.8989566527083962
1040198,msmarco_passage_67_65385584,0.8711363554655197
1040198,msmarco_passage_40_177206664,0.8535790750663914
1040198,msmarco_passage_42_545514224,0.8086171820254144
1040198,msmarco_passage_15_409962143,0.8085978427808918
1040198,msmarco_passage_00_401241303,0.7942544004755344
1040198,msmarco_passage_49_149590442,0.7892734951244857
1040198,msmarco_passage_10_276645874,0.7891950752742276
1040198,msmarco_passage_22_556103881,0.787341232933922
1040198,msmarco_passage_62_545085931,0.769058600567772
1040198,msmarco_passage_17_757418816,0.7662169071014769
1040198,msmarco_passage_60_574959377,0.7557949191795852
1040198,msmarco_passage_58_487253591,0.7397046597180015
1040198,msmarco_passage_09_462981855,0.7310815066991452
1040198,msmarco_passage_03_214408754,0.7229729020072077
1040198,msmarco_passage_58_4144455,0.6951233793042615
1040198,msmarco_passage_18_812055727,0.6744793216863316
1040198,msmarco_passage_00_638907269,0.6455052800283223
1040198,msmarco_passage_15_408035513,0.64107527911901
1040198,msmarco_passage_54_370465365,0.6366854572367525
1040198,msmarco_passage_45_255382087,0.6349422521457938
1040198,msmarco_passage_65_416302992,0.6330786282728295
1040198,msmarco_passage_52_364046568,0.6330053221263333
1040198,msmarco_passage_20_113907761,0.6292249251030638
1040198,msmarco_passage_52_102217389,0.5919936659390818
1040198,msmarco_passage_18_437270263,0.5907367444383408
1040198,msmarco_passage_16_264361861,0.5858830661830787
1040198,msmarco_passage_16_95665947,0.570001139213701
1040198,msmarco_passage_46_465432412,0.5631034769489618
1040198,msmarco_passage_32_7355814,0.554235737772283
1040198,msmarco_passage_00_715279921,0.5514933627641605
1040198,msmarco_passage_30_333271108,0.5467238811735146
1040198,msmarco_passage_62_34395877,0.545519801748251
1040198,msmarco_passage_35_430595429,0.531684296264382
1040198,msmarco_passage_39_667737250,0.5267432658317799
1040198,msmarco_passage_32_841003200,0.522438061046981
1040198,msmarco_passage_10_107325146,0.5204076764588347
1040198,msmarco_passage_67_862052137,0.5176943744222323
1040198,msmarco_passage_06_99493473,0.5172286716466417
1040198,msmarco_passage_63_146624801,0.5044396125865791
1040198,msmarco_passage_05_669818285,0.5042555301310774
1040198,msmarco_passage_18_855005759,0.4884750996967276
1040198,msmarco_passage_56_589855907,0.4835511481869007
1040198,msmarco_passage_28_318199316,0.4802355039381457
1040198,msmarco_passage_11_18503729,0.4702030275485473
1040198,msmarco_passage_41_836292810,0.4393641299755868
1040198,msmarco_passage_46_429324763,0.4338055206540815
1040198,msmarco_passage_63_97389808,0.4324655732173406
1040198,msmarco_passage_10_64195837,0.4317103810058144
1040198,msmarco_passage_52_101929280,0.4254145353913545
1040198,msmarco_passage_15_686685683,0.4253735136307642
1040198,msmarco_passage_56_407863337,0.4237802764791215
1040198,msmarco_passage_39_255786236,0.4125182375876965
1040198,msmarco_passage_18_323840140,0.4110454437172341
1040198,msmarco_passage_59_718754704,0.4074475061334298
1040198,msmarco_passage_67_908209190,0.4061939682194335
1040198,msmarco_passage_22_601342393,0.4029613908090277
1040198,msmarco_passage_57_657618493,0.4022804402335437
1040198,msmarco_passage_16_300200839,0.3759729529331306
1040198,msmarco_passage_41_16080113,0.3657060277705897
1040198,msmarco_passage_52_111928475,0.3644947618008136
1040198,msmarco_passage_46_161851344,0.3506627518230093
1040198,msmarco_passage_26_596508380,0.3370900680918893
1040198,msmarco_passage_52_551342835,0.3312168456777603
1040198,msmarco_passage_10_169243635,0.3264174370649094
1040198,msmarco_passage_32_7358111,0.3234599739402354
1040198,msmarco_passage_39_132815117,0.3199434535232133
1040198,msmarco_passage_44_113090637,0.3197266839846165
1040198,msmarco_passage_43_827474270,0.3141109686649726
1040198,msmarco_passage_48_650686037,0.2528140060127733
1040198,msmarco_passage_52_111927231,0.251502515562994
1040198,msmarco_passage_52_783107488,0.2460523904626538
1040198,msmarco_passage_59_704133983,0.219211142104186
1040198,msmarco_passage_27_652840517,0.1977009162068843
1040198,msmarco_passage_36_161094094,0.1743052318692207
1040198,msmarco_passage_18_540221396,0.1468765551354475
1104300,msmarco_passage_04_229219126,1.6986823545561895
1104300,msmarco_passage_13_403234311,1.4544021621994352
1104300,msmarco_passage_09_610218932,1.3788531781970592
1104300,msmarco_passage_39_832891254,1.3060297042275395
1104300,msmarco_passage_41_625228576,1.2614583768130498
1104300,msmarco_passage_00_692365008,1.1886342236961145
1104300,msmarco_passage_04_176516058,1.1815849627273671
1104300,msmarco_passage_41_661660789,1.1701703903179812
1104300,msmarco_passage_02_555869908,1.1629008841399409
1104300,msmarco_passage_09_610199455,1.1164386996900402
1104300,msmarco_passage_29_605016800,1.0988055768508265
1104300,msmarco_passage_61_239219324,1.097861163627698
1104300,msmarco_passage_29_587960871,1.0778857287577384
1104300,msmarco_passage_19_56101998,1.063176527691348
1104300,msmarco_passage_40_129206162,1.0610181861453585
1104300,msmarco_passage_40_142748462,1.0580385015206637
1104300,msmarco_passage_29_589534850,1.0324178872189085
1104300,msmarco_passage_12_540376203,1.0312394985542204
1104300,msmarco_passage_29_589530830,1.0239216235236843
1104300,msmarco_passage_12_540375302,1.0213500291541002
1104300,msmarco_passage_38_289490307,1.013815778695443
1104300,msmarco_passage_22_456950510,0.9967946938558476
1104300,msmarco_passage_65_725400684,0.9952919989104432
1104300,msmarco_passage_39_808771055,0.9943624113204974
1104300,msmarco_passage_40_115347772,0.9873080133815896
1104300,msmarco_passage_57_226304837,0.9823947381570144
1104300,msmarco_passage_61_239218741,0.9792550395652292
1104300,msmarco_passage_13_412194312,0.9717020306034364
1104300,msmarco_passage_04_549705104,0.969504979238418
1104300,msmarco_passage_09_610194919,0.9599361929052694
1104300,msmarco_passage_64_463600069,0.9493725766018392
1104300,msmarco_passage_02_506774090,0.9396394082025628
1104300,msmarco_passage_32_178533301,0.9361907277706164
1104300,msmarco_passage_43_558645816,0.925637125018714
1104300,msmarco_passage_39_514532327,0.9183835383486632
1104300,msmarco_passage_35_731101872,0.9169042281482532
1104300,msmarco_passage_52_213444635,0.9027502168491842
1104300,msmarco_passage_18_227923596,0.8995096554790717
1104300,msmarco_passage_15_611630807,0.8976523919957847
1104300,msmarco_passage_30_601723083,0.8896558216516522
1104300,msmarco_passage_29_609782749,0.8815116049586863
1104300,msmarco_passage_61_239219860,0.873230611068615
1104300,msmarco_passage_37_77852196,0.8666250352986193
1104300,msmarco_passage_60_146314666,0.8662197681440823
1104300,msmarco_passage_29_589529027,0.8651457294461808
1104300,msmarco_passage_02_506773688,0.8626981954643691
1104300,msmarco_passage_14_388709261,0.8626711418087355
1104300,msmarco_passage_02_506556041,0.861031558893729
1104300,msmarco_passage_40_142735209,0.8606139800398822
1104300,msmarco_passage_09_610218486,0.8542614216389863
1104300,msmarco_passage_26_370083617,0.8500795845536218
1104300,msmarco_passage_32_95205948,0.8466995699106208
1104300,msmarco_passage_12_832096704,0.8463681891056651
1104300,msmarco_passage_29_599036822,0.8447511468244635
1104300,msmarco_passage_18_227912998,0.8393021130331473
1104300,msmarco_passage_29_589528444,0.8319668947210633
1104300,msmarco_passage_13_371135114,0.8306473208510357
1104300,msmarco_passage_40_138634813,0.8217897948147593
1104300,msmarco_passage_13_400772056,0.8201599164861412
1104300,msmarco_passage_01_160180776,0.8113353139248447
1104300,msmarco_passage_37_792859431,0.8057222179168664
1104300,msmarco_passage_03_147934224,0.8032130154722554
1104300,msmarco_passage_15_573385878,0.8019366244475047
1104300,msmarco_passage_37_77859890,0.7860330065523368
1104300,msmarco_passage_55_856361516,0.7802936197191044
1104300,msmarco_passage_18_227926314,0.7767191714710658
1104300,msmarco_passage_04_42133534,0.7726102649877613
1104300,msmarco_passage_43_527780572,0.7710058360572023
1104300,msmarco_passage_11_233110103,0.7688014712310643
1104300,msmarco_passage_41_662038207,0.755651335151875
1104300,msmarco_passage_39_472501017,0.7551963582418967
1104300,msmarco_passage_37_792820752,0.725663613869948
1104300,msmarco_passage_03_146090210,0.7195714167062788
1104300,msmarco_passage_05_671063169,0.6654007783834486
1104300,msmarco_passage_13_373889262,0.662041438518515
1104300,msmarco_passage_29_188199365,0.639252132969202
1104300,msmarco_passage_03_147938471,0.5390967812659083
1104300,msmarco_passage_31_573665262,0.4081962883472442
1104447,msmarco_passage_23_292595528,1.8261165817578635
1104447,msmarco_passage_64_118540069,1.5807912678429574
1104447,msmarco_passage_30_651422467,1.4132051877111025
1104447,msmarco_passage_55_657553371,1.3703946634532924
1104447,msmarco_passage_23_288607043,1.3380497658905484
1104447,msmarco_passage_35_174658196,1.300081250491388
1104447,msmarco_passage_23_290887728,1.2745673315123254
1104447,msmarco_passage_31_577003900,1.2296110854257871
1104447,msmarco_passage_23_288556993,1.2133858447566683
1104447,msmarco_passage_12_233474783,1.1963223090645865
1104447,msmarco_passage_30_741466243,1.1868782966330862
1104447,msmarco_passage_23_802015408,1.17221708560104
1104447,msmarco_passage_45_349456027,1.1208929506215182
1104447,msmarco_passage_04_127721315,1.1175106448990306
1104447,msmarco_passage_65_369944174,1.104368841505507
1104447,msmarco_passage_66_308163384,1.0844060930623964
1104447,msmarco_passage_10_561771439,1.0831408553146291
1104447,msmarco_passage_47_463747303,1.0821714967917029
1104447,msmarco_passage_17_510278683,1.081530511265166
1104447,msmarco_passage_30_791791284,1.079099478590431
1104447,msmarco_passage_32_584547635,1.06758646822432
1104447,msmarco_passage_61_680933437,1.0662934196337557
1104447,msmarco_passage_12_226015228,1.0564411643874705
1104447,msmarco_passage_04_209169682,1.0494792067263117
1104447,msmarco_passage_03_460889820,1.0492893761995306
1104447,msmarco_passage_32_540525539,1.0391652236429698
1104447,msmarco_passage_44_586545035,1.038291586443568
1104447,msmarco_passage_30_755252597,1.028811314288509
1104447,msmarco_passage_30_796116110,1.0286316370849975
1104447,msmarco_passage_31_593523675,1.0204634990418358
1104447,msmarco_passage_66_308174201,1.0163609742833095
1104447,msmarco_passage_22_471903366,1.016101065406389
1104447,msmarco_passage_30_717686399,1.0147272996069712
1104447,msmarco_passage_03_529927689,1.0065166361879505
1104447,msmarco_passage_26_114498360,1.0039304103577538
1104447,msmarco_passage_30_580579463,1.0009758700594378
1104447,msmarco_passage_28_336830624,0.9995600219833792
1104447,msmarco_passage_64_138475297,0.9935098212016256
1104447,msmarco_passage_30_672589461,0.9895099049264736
1104447,msmarco_passage_05_867319797,0.985593466952657
1104447,msmarco_passage_35_380262770,0.9854786787592053
1104447,msmarco_passage_22_471901875,0.982199375823354
1104447,msmarco_passage_31_608727495,0.9809448111855812
1104447,msmarco_passage_31_552512556,0.9722356177403024
1104447,msmarco_passage_25_691392825,0.9586896378743022
1104447,msmarco_passage_31_593526794,0.9513849728415458
1104447,msmarco_passage_47_554626035,0.9491108319976114
1104447,msmarco_passage_23_291141900,0.9471262481509214
1104447,msmarco_passage_09_339822431,0.9468853497334074
1104447,msmarco_passage_30_585741779,0.9409466003401998
1104447,msmarco_passage_38_865032892,0.9397042946096812
1104447,msmarco_passage_57_831267725,0.9349189753737748
1104447,msmarco_passage_30_720287144,0.9314316517143156
1104447,msmarco_passage_33_760815407,0.9293945248047132
1104447,msmarco_passage_05_850711058,0.9261261808815184
1104447,msmarco_passage_30_785024807,0.9252101847429596
1104447,msmarco_passage_30_705078065,0.9245327431334264
1104447,msmarco_passage_45_349455569,0.9204792684059964
1104447,msmarco_passage_30_579628152,0.9182007152212864
1104447,msmarco_passage_60_247595378,0.9115891745215968
1104447,msmarco_passage_53_329547683,0.8994764491416621
1104447,msmarco_passage_30_780045514,0.8982415127982364
1104447,msmarco_passage_17_96047533,0.8980760753439945
1104447,msmarco_passage_12_265262699,0.8975300591528131
1104447,msmarco_passage_15_182568779,0.8955177274332092
1104447,msmarco_passage_30_580103107,0.8894051364734413
1104447,msmarco_passage_26_114495329,0.8845212221430819
1104447,msmarco_passage_03_294181564,0.882918916307568
1104447,msmarco_passage_11_674610516,0.8736497133827665
1104447,msmarco_passage_57_829974748,0.8727170492473402
1104447,msmarco_passage_04_199470139,0.8722191392234637
1104447,msmarco_passage_65_582805089,0.8599637158749777
1104447,msmarco_passage_04_154129214,0.8551255577203759
1104447,msmarco_passage_39_313195563,0.8488649175212714
1104447,msmarco_passage_36_444945944,0.8469710618400117
1104447,msmarco_passage_10_404882267,0.8327415641700251
1104447,msmarco_passage_31_622569643,0.8214015117387452
1104447,msmarco_passage_30_296004957,0.8101390595926622
1104447,msmarco_passage_38_828354705,0.8006198828015031
1104447,msmarco_passage_31_613282042,0.8004868421257969
1104447,msmarco_passage_30_579598183,0.7852610604899921
1104447,msmarco_passage_04_191576262,0.7811904098286012
1104447,msmarco_passage_30_772483025,0.7759667050325129
1104447,msmarco_passage_04_152993504,0.7686404214521344
1104447,msmarco_passage_23_602836538,0.7602958362638665
1104447,msmarco_passage_03_294181101,0.752258425951004
1104447,msmarco_passage_04_194929669,0.6038536780045933
1107704,msmarco_passage_06_221669119,1.4224809838665855
1107704,msmarco_passage_06_847023736,1.3800517856625738
1107704,msmarco_passage_01_204519962,1.292395283441759
1107704,msmarco_passage_53_63292867,1.2095146310531486
1107704,msmarco_passage_68_155495476,1.166415462666761
1107704,msmarco_passage_06_847024080,1.0783599763266785
1107704,msmarco_passage_06_221679446,1.0565279258622065
1107704,msmarco_passage_22_36009561,1.0525932098737094
1107704,msmarco_passage_38_823706842,1.0170552842810103
1107704,msmarco_passage_00_862017707,0.9934250592624176
1107704,msmarco_passage_51_46542865,0.9931762350537232
1107704,msmarco_passage_51_47302845,0.9772268093013944
1107704,msmarco_passage_06_847023229,0.9615572976920116
1107704,msmarco_passage_01_842750925,0.9497456276708628
1107704,msmarco_passage_44_689888732,0.9382857200677336
1107704,msmarco_passage_29_185355146,0.8985877820159083
1107704,msmarco_passage_06_59281931,0.8852001214712129
1107704,msmarco_passage_06_221671867,0.8672886136449215
1107704,msmarco_passage_30_687127974,0.8554016360904313
1107704,msmarco_passage_49_218790750,0.8471021501133447
1107704,msmarco_passage_47_582394948,0.8411754379782075
1107704,msmarco_passage_51_86981357,0.831083855263033
1107704,msmarco_passage_29_155322468,0.8292957301698836
1107704,msmarco_passage_51_102946721,0.8286571131812202
1107704,msmarco_passage_51_18562686,0.8205086492044105
1107704,msmarco_passage_19_257239828,0.8162258097680949
1107704,msmarco_passage_51_82796319,0.8162257324953313
1107704,msmarco_passage_08_416337685,0.8159153363798971
1107704,msmarco_passage_45_805410746,0.7987065584702231
1107704,msmarco_passage_06_835423118,0.7839498343889771
1107704,msmarco_passage_54_640975953,0.7812881596232089
1107704,msmarco_passage_11_235772614,0.7801403026852456
1107704,msmarco_passage_69_20130280,0.7798751321047713
1107704,msmarco_passage_44_689889125,0.7761869834304529
1107704,msmarco_passage_45_772390856,0.7690809443733337
1107704,msmarco_passage_18_766353021,0.7623913174800281
1107704,msmarco_passage_18_512922787,0.761350725925126
1107704,msmarco_passage_30_754131916,0.7523159605410589
1107704,msmarco_passage_01_370207387,0.7466870590567365
1107704,msmarco_passage_68_189920779,0.741701969030101
1107704,msmarco_passage_22_14701779,0.7351430817512469
1107704,msmarco_passage_27_679020380,0.7233631695113838
1107704,msmarco_passage_19_159147852,0.7229565928155195
1107704,msmarco_passage_18_766592446,0.722700222501647
1107704,msmarco_passage_01_204342000,0.719043588503606
1107704,msmarco_passage_10_211354419,0.7180897996194394
1107704,msmarco_passage_08_862825781,0.714593746887762
1107704,msmarco_passage_49_209563422,0.7099775807500559
1107704,msmarco_passage_40_184436647,0.704953846711448
1107704,msmarco_passage_41_624792701,0.7004243402101675
1107704,msmarco_passage_40_205920852,0.6973150717280454
1107704,msmarco_passage_59_721317266,0.6911520832058624
1107704,msmarco_passage_53_63291281,0.6906063752434797
1107704,msmarco_passage_15_518831258,0.688179210288601
1107704,msmarco_passage_07_272492463,0.6803140738533491
1107704,msmarco_passage_06_847024627,0.678021597407632
1107704,msmarco_passage_43_108952456,0.6778305968883571
1107704,msmarco_passage_09_317744879,0.6716414134774056
1107704,msmarco_passage_09_491359375,0.6713704667269846
1107704,msmarco_passage_18_766588368,0.666653252778866
1107704,msmarco_passage_58_398470214,0.6605228835467789
1107704,msmarco_passage_50_185704489,0.6540374454131908
1107704,msmarco_passage_06_221677669,0.6428469220684971
1107704,msmarco_passage_04_198865203,0.6384288096439142
1107704,msmarco_passage_06_238396857,0.6326464653576386
1107704,msmarco_passage_07_371020197,0.6306126906541781
1107704,msmarco_passage_32_194613804,0.6290033080876435
1107704,msmarco_passage_19_377220718,0.6266613708461746
1107704,msmarco_passage_41_38410875,0.6228244834307672
1107704,msmarco_passage_45_553545891,0.609080261356862
1107704,msmarco_passage_43_108950340,0.6028742134374638
1107704,msmarco_passage_20_596151716,0.5800466474924384
1107704,msmarco_passage_03_417514206,0.578824774710472
1107704,msmarco_passage_30_169724599,0.5760163570752477
1107704,msmarco_passage_66_545244124,0.5641037185509775
1107704,msmarco_passage_04_171612499,0.5580092489635203
1107704,msmarco_passage_58_398461577,0.5428790569866669
1107704,msmarco_passage_04_142239997,0.5408415679541011
1107704,msmarco_passage_04_171657857,0.530681547225083
1107704,msmarco_passage_08_587631271,0.5300756564220017
1107704,msmarco_passage_58_398454675,0.5270876163592222
1107704,msmarco_passage_09_864645494,0.5212511143862865
1107704,msmarco_passage_42_182235247,0.5208157085317228
1107704,msmarco_passage_23_403589512,0.5142447469710406
1107704,msmarco_passage_31_499659697,0.5037038062308018
1107704,msmarco_passage_06_474490299,0.4666751835305812
1107704,msmarco_passage_51_66274640,0.4038610249757767
1107704,msmarco_passage_47_612994286,0.3718289263335999
1107821,msmarco_passage_40_167978653,1.7335535155402289
1107821,msmarco_passage_20_544498564,1.44612672627267
1107821,msmarco_passage_31_859330905,1.390074998602158
1107821,msmarco_passage_45_848744528,1.234794697803198
1107821,msmarco_passage_40_167980252,1.2187140481211824
1107821,msmarco_passage_39_21614560,1.139511989419153
1107821,msmarco_passage_20_544494898,1.1257497175000033
1107821,msmarco_passage_26_865036706,1.1216038497336187
1107821,msmarco_passage_40_167979346,1.113324707662002
1107821,msmarco_passage_02_273729003,1.1073509522172984
1107821,msmarco_passage_13_612055334,1.08985213324688
1107821,msmarco_passage_65_235879265,1.089514831542733
1107821,msmarco_passage_20_544493761,1.0797390818419017
1107821,msmarco_passage_67_820258878,1.050403008899632
1107821,msmarco_passage_20_544500170,1.0123394796037062
1107821,msmarco_passage_19_725582677,0.9950809576007896
1107821,msmarco_passage_19_254216961,0.9653515812315407
1107821,msmarco_passage_20_544495826,0.965265026196292
1107821,msmarco_passage_20_544502347,0.958585802805412
1107821,msmarco_passage_00_1841950,0.921003918545772
1107821,msmarco_passage_67_820252284,0.8797754419044501
1107821,msmarco_passage_21_511891094,0.8475443309185885
1107821,msmarco_passage_52_53673876,0.8464936085435923
1107821,msmarco_passage_18_550590180,0.8456415050137054
1107821,msmarco_passage_41_428720018,0.8394540452373488
1107821,msmarco_passage_52_53674650,0.8340805770057362
1107821,msmarco_passage_20_544530081,0.8290504225755422
1107821,msmarco_passage_61_448036976,0.8235021333577726
1107821,msmarco_passage_20_544497086,0.8059697059359914
1107821,msmarco_passage_39_18553025,0.7932050082585695
1107821,msmarco_passage_36_323953668,0.7836280030442511
1107821,msmarco_passage_19_26714410,0.7781171958712985
1107821,msmarco_passage_09_775228106,0.7730101942868662
1107821,msmarco_passage_18_220232433,0.7722858476385283
1107821,msmarco_passage_19_298591649,0.7672295326914207
1107821,msmarco_passage_15_801329554,0.7668063660226874
1107821,msmarco_passage_30_286229076,0.7637971500113503
1107821,msmarco_passage_09_775228577,0.7632094357416963
1107821,msmarco_passage_20_417766454,0.7624490294859743
1107821,msmarco_passage_11_291134486,0.7605569823677297
1107821,msmarco_passage_65_506108671,0.7505559219008737
1107821,msmarco_passage_22_293973489,0.7474810514853334
1107821,msmarco_passage_20_544909032,0.7416326910611076
1107821,msmarco_passage_59_393061618,0.7409435205183681
1107821,msmarco_passage_67_820255716,0.7339185528744575
1107821,msmarco_passage_20_544498036,0.7335416775134149
1107821,msmarco_passage_17_539321502,0.7154853455390704
1107821,msmarco_passage_65_561197663,0.7132362070676717
1107821,msmarco_passage_00_1844673,0.7058405474933742
1107821,msmarco_passage_00_1841074,0.7004948208287255
1107821,msmarco_passage_21_405127828,0.6998387377646509
1107821,msmarco_passage_58_690549353,0.6981560471031951
1107821,msmarco_passage_65_486892545,0.6974195489838616
1107821,msmarco_passage_20_747536433,0.6954533949715448
1107821,msmarco_passage_19_412258826,0.6805309499613019
1107821,msmarco_passage_52_101648909,0.6770102952548941
1107821,msmarco_passage_55_813162420,0.6511921311226608
1107821,msmarco_passage_65_278501224,0.6491967863251265
1107821,msmarco_passage_18_693300794,0.6425630405648408
1107821,msmarco_passage_66_591069937,0.6399991338466443
1107821,msmarco_passage_21_511890678,0.6115254649953248
1107821,msmarco_passage_20_327717234,0.5978174677647422
1107821,msmarco_passage_06_842160917,0.5926463102315701
1107821,msmarco_passage_30_822859988,0.5920311856900667
1107821,msmarco_passage_20_142498946,0.5907639266416416
1107821,msmarco_passage_19_123032628,0.5834676816661564
1107821,msmarco_passage_19_406176885,0.5833819740692303
1107821,msmarco_passage_07_333969596,0.5801279452770329
1107821,msmarco_passage_20_544528980,0.5730588706086817
1107821,msmarco_passage_20_256618485,0.5697153338221014
1107821,msmarco_passage_19_743571751,0.5608861061691884
1107821,msmarco_passage_66_593413787,0.5561962321887031
1107821,msmarco_passage_55_802156398,0.5521698496786235
1107821,msmarco_passage_54_818772173,0.5516256700401607
1107821,msmarco_passage_35_204474348,0.5326627607338507
1107821,msmarco_passage_36_848553914,0.5258699096039188
1107821,msmarco_passage_17_793582936,0.5131754674938619
1107821,msmarco_passage_35_204548370,0.5076991867977835
1107821,msmarco_passage_15_400317724,0.5037016889108041
1107821,msmarco_passage_20_456110955,0.4987290063933732
1107821,msmarco_passage_59_399788045,0.4928929757396851
1107821,msmarco_passage_25_720598122,0.4876585956614991
1107821,msmarco_passage_13_483047477,0.4843683355680412
1107821,msmarco_passage_21_705366745,0.481096071454408
1107821,msmarco_passage_59_392188261,0.4738253981729879
1107821,msmarco_passage_49_208980751,0.4624736482839439
1107821,msmarco_passage_55_622657259,0.4591192019062391
1107821,msmarco_passage_18_605832690,0.4495393488825134
1107821,msmarco_passage_08_829514438,0.4353518485639734
1107821,msmarco_passage_57_291147173,0.4307801566553753
1107821,msmarco_passage_20_99061286,0.4022751259063872
1107821,msmarco_passage_44_244334515,0.3903025895357132
1107821,msmarco_passage_18_61738325,0.3714095264658494
1107821,msmarco_passage_17_680326672,0.3587665598290492
1107821,msmarco_passage_33_726169219,0.226937809554836
1109840,msmarco_passage_66_809521360,1.7148336701922946
1109840,msmarco_passage_66_809521662,1.4493403142468058
1109840,msmarco_passage_10_696727361,1.3254731748088058
1109840,msmarco_passage_44_115337209,1.3076551422749834
1109840,msmarco_passage_65_153889578,1.1675182691004236
1109840,msmarco_passage_26_615703467,1.127377748254335
1109840,msmarco_passage_56_152854308,1.1057883240291178
1109840,msmarco_passage_44_115537575,1.103068655243995
1109840,msmarco_passage_50_828441468,1.0560287671309283
1109840,msmarco_passage_36_667854016,1.024181144844764
1109840,msmarco_passage_14_545088589,1.0019567642928662
1109840,msmarco_passage_49_124266603,0.9978044654855152
1109840,msmarco_passage_68_847343233,0.9646404116039236
1109840,msmarco_passage_16_801355629,0.9554592419019076
1109840,msmarco_passage_56_340675876,0.9397750574698776
1109840,msmarco_passage_42_614604480,0.8977888371227678
1109840,msmarco_passage_26_369115946,0.8913498732764935
1109840,msmarco_passage_53_4236873,0.8860012492705487
1109840,msmarco_passage_51_838466541,0.8774659537198897
1109840,msmarco_passage_27_156302563,0.87137113059239
1109840,msmarco_passage_03_810136312,0.8615486272130481
1109840,msmarco_passage_54_864985268,0.8557937767659947
1109840,msmarco_passage_48_489105177,0.8527076733697183
1109840,msmarco_passage_39_614137588,0.8376088235846144
1109840,msmarco_passage_49_121180127,0.8367594302944947
1109840,msmarco_passage_20_209009563,0.8267306721222923
1109840,msmarco_passage_45_335862880,0.8032210941852259
1109840,msmarco_passage_26_594738200,0.7966059912221666
1109840,msmarco_passage_19_590801423,0.7947606911241137
1109840,msmarco_passage_46_157376529,0.7823414444301223
1109840,msmarco_passage_45_59669851,0.7674908877601205
1109840,msmarco_passage_03_46438368,0.7669813955626557
1109840,msmarco_passage_54_156735560,0.7619422936240418
1109840,msmarco_passage_39_614129787,0.7573347037918632
1109840,msmarco_passage_50_453176684,0.7565431366011593
1109840,msmarco_passage_04_594228167,0.7554619994380031
1109840,msmarco_passage_20_263290543,0.7497658813796113
1109840,msmarco_passage_60_866818379,0.7471546191138863
1109840,msmarco_passage_56_344885622,0.7293948206373944
1109840,msmarco_passage_55_484699237,0.724927920501267
1109840,msmarco_passage_09_573361920,0.7111688015356442
1109840,msmarco_passage_18_731033487,0.6993104191998599
1109840,msmarco_passage_36_460967009,0.6992127548304381
1109840,msmarco_passage_19_809631093,0.6878029260169987
1109840,msmarco_passage_51_867095133,0.680272068571696
1109840,msmarco_passage_26_615711873,0.6785160181231189
1109840,msmarco_passage_41_611811861,0.6763948190311798
1109840,msmarco_passage_00_793270130,0.6651150442862063
1109840,msmarco_passage_02_11947026,0.6484363878383019
1109840,msmarco_passage_56_344278322,0.646919443015017
1109840,msmarco_passage_14_544188653,0.6443541765337448
1109840,msmarco_passage_04_594226390,0.6384469313698671
1109840,msmarco_passage_49_121178078,0.6370461986619893
1109840,msmarco_passage_06_85564116,0.6337219737827903
1109840,msmarco_passage_03_470907524,0.6327942070732037
1109840,msmarco_passage_42_546085691,0.6100553987792738
1109840,msmarco_passage_56_70940902,0.6088324667143175
1109840,msmarco_passage_56_337065775,0.6045818577666373
1109840,msmarco_passage_16_326441382,0.6035625758897786
1109840,msmarco_passage_03_53494342,0.5968227486396384
1109840,msmarco_passage_32_344604873,0.592314112211319
1109840,msmarco_passage_55_155234956,0.5875925094013672
1109840,msmarco_passage_64_558967925,0.5873810971268532
1109840,msmarco_passage_14_748145387,0.528631053973837
1109840,msmarco_passage_41_650229976,0.5241495792825934
1109840,msmarco_passage_26_508213799,0.5078226414752156
1109840,msmarco_passage_46_763973292,0.4988943134724223
1109840,msmarco_passage_44_713547071,0.4880421176708317
1109840,msmarco_passage_57_799615970,0.486413751097711
1109840,msmarco_passage_61_141591050,0.4707471667849196
1109840,msmarco_passage_61_841448037,0.4655380205470983
1109840,msmarco_passage_57_743319540,0.4606439105404195
1109840,msmarco_passage_23_446431342,0.4423891360052941
1109840,msmarco_passage_40_224414572,0.4337850296267139
1109840,msmarco_passage_01_521559528,0.4028648990398907
1109840,msmarco_passage_26_609419802,0.3961588631592115
1109840,msmarco_passage_40_747440012,0.3839049992270161
1109840,msmarco_passage_51_40362320,0.3774214301390538
1109840,msmarco_passage_00_673699499,0.3588904430292593
1109840,msmarco_passage_40_151401853,0.3534165318176492
1109840,msmarco_passage_48_549535384,0.3422162042996828
1109840,msmarco_passage_03_749933593,0.3301115024842648
1109840,msmarco_passage_11_478958973,0.3286517977776756
1109840,msmarco_passage_00_19722921,0.3186200092692465
1109840,msmarco_passage_54_803185613,0.3062472984194755
1109840,msmarco_passage_00_279880596,0.3008542821806756
1109840,msmarco_passage_66_72894811,0.2914298554925181
1109840,msmarco_passage_43_351182658,0.23474323582643
1110996,msmarco_passage_30_604452674,1.7307278712590537
1110996,msmarco_passage_01_139310248,1.502083802427831
1110996,msmarco_passage_11_677770223,1.3003960354120592
1110996,msmarco_passage_00_560151626,1.1754863977995889
1110996,msmarco_passage_15_425718829,1.0861912642357
1110996,msmarco_passage_00_612808760,1.069099182000152
1110996,msmarco_passage_00_649131098,1.0579464499415443
1110996,msmarco_passage_02_566603201,1.0538656294854354
1110996,msmarco_passage_32_260062509,1.048398364171032
1110996,msmarco_passage_18_804877541,1.01793597403993
1110996,msmarco_passage_46_425523451,1.0113201584063891
1110996,msmarco_passage_04_564118648,1.0037865136201245
1110996,msmarco_passage_12_538543645,0.9973318568486842
1110996,msmarco_passage_00_560159972,0.9962906142774276
1110996,msmarco_passage_56_729113403,0.9922454773166683
1110996,msmarco_passage_26_72998139,0.9809697415076616
1110996,msmarco_passage_28_559196041,0.9774584294799078
1110996,msmarco_passage_26_73007633,0.975457681080018
1110996,msmarco_passage_04_763251714,0.9699633528136412
1110996,msmarco_passage_44_589985172,0.9666497816871868
1110996,msmarco_passage_23_622305877,0.963390924823604
1110996,msmarco_passage_26_73011492,0.9610031462068584
1110996,msmarco_passage_26_73003119,0.957875913853929
1110996,msmarco_passage_60_225330799,0.9496995901532134
1110996,msmarco_passage_02_158591850,0.9493667051044468
1110996,msmarco_passage_30_689815006,0.9423661413565484
1110996,msmarco_passage_18_289820540,0.9379966447245291
1110996,msmarco_passage_00_560160811,0.9119733600567934
1110996,msmarco_passage_06_276580941,0.9099427390991814
1110996,msmarco_passage_11_441177389,0.883564320523688
1110996,msmarco_passage_00_560156240,0.8808257503822707
1110996,msmarco_passage_60_202277207,0.8770969122289839
1110996,msmarco_passage_45_567060611,0.8745003734111345
1110996,msmarco_passage_30_737572032,0.856105903819355
1110996,msmarco_passage_45_566862897,0.8445605296321096
1110996,msmarco_passage_21_352548529,0.8370567088321224
1110996,msmarco_passage_45_567061541,0.8363387335184875
1110996,msmarco_passage_26_73013646,0.8288305847155176
1110996,msmarco_passage_30_708194607,0.8268386274603757
1110996,msmarco_passage_04_63803325,0.8245644184696135
1110996,msmarco_passage_18_289655031,0.8230818222784312
1110996,msmarco_passage_02_173964114,0.8122490207703438
1110996,msmarco_passage_30_747856735,0.8049211278378579
1110996,msmarco_passage_26_73013217,0.7968609829945876
1110996,msmarco_passage_26_73012774,0.795915959892617
1110996,msmarco_passage_29_608157610,0.794695048548357
1110996,msmarco_passage_30_628146864,0.7848287837302431
1110996,msmarco_passage_26_72999048,0.7823970603016545
1110996,msmarco_passage_21_93072907,0.7820901141301224
1110996,msmarco_passage_21_352555901,0.7805288214357113
1110996,msmarco_passage_00_560158369,0.7617384323028367
1110996,msmarco_passage_30_767801567,0.7548669566885395
1110996,msmarco_passage_26_73000197,0.7519495296875268
1110996,msmarco_passage_05_702894585,0.7483405990858634
1110996,msmarco_passage_21_97536492,0.7466998728858885
1110996,msmarco_passage_21_352558963,0.7417890110631213
1110996,msmarco_passage_21_93074467,0.7246802118340651
1110996,msmarco_passage_02_221754029,0.7232119537138697
1110996,msmarco_passage_60_225328704,0.7206864149756833
1110996,msmarco_passage_26_72998590,0.7189065592968277
1110996,msmarco_passage_04_173184420,0.7133331302412123
1110996,msmarco_passage_37_713635908,0.7124876848808822
1110996,msmarco_passage_30_754913887,0.7036633851928473
1110996,msmarco_passage_26_73005638,0.6973075951254004
1110996,msmarco_passage_26_73011982,0.6918424673095883
1110996,msmarco_passage_60_225336089,0.6905880917397834
1110996,msmarco_passage_22_206639311,0.6884495850407779
1110996,msmarco_passage_06_7315083,0.684513553577259
1110996,msmarco_passage_26_73010684,0.6730314704056253
1110996,msmarco_passage_30_686565283,0.6636070488560101
1110996,msmarco_passage_30_709001416,0.6519730985164642
1110996,msmarco_passage_26_73005179,0.6336064264440183
1110996,msmarco_passage_21_93082371,0.6315661062999085
1110996,msmarco_passage_32_260073123,0.6249554997511643
1110996,msmarco_passage_30_698152607,0.6125302822307566
1110996,msmarco_passage_26_73001488,0.5877842328015793
1110996,msmarco_passage_15_729791428,0.513257615338532
1111577,msmarco_passage_57_75277978,1.5941598117351532
1111577,msmarco_passage_47_543222397,1.3700464060728832
1111577,msmarco_passage_30_131171717,1.2607871592897262
1111577,msmarco_passage_45_771413389,1.1097082267631135
1111577,msmarco_passage_30_131172954,1.092166620289663
1111577,msmarco_passage_57_75279844,1.0728041516016549
1111577,msmarco_passage_05_563789830,0.9831052105615634
1111577,msmarco_passage_29_617232841,0.9818197741694707
1111577,msmarco_passage_25_376872968,0.9574082462209286
1111577,msmarco_passage_22_234860495,0.9316899766721348
1111577,msmarco_passage_04_181794401,0.9302405690694406
1111577,msmarco_passage_57_75278708,0.9203649098690848
1111577,msmarco_passage_30_169971847,0.9101437796853952
1111577,msmarco_passage_18_81156413,0.8713435777343145
1111577,msmarco_passage_51_67737018,0.8699902441832099
1111577,msmarco_passage_30_131168603,0.8620589867381767
1111577,msmarco_passage_30_131174111,0.8488452043273661
1111577,msmarco_passage_53_783821943,0.8437827213565902
1111577,msmarco_passage_18_81156006,0.8294918322179576
1111577,msmarco_passage_06_302242293,0.829248757970215
1111577,msmarco_passage_30_131174746,0.8178392797708511
1111577,msmarco_passage_05_563782946,0.8120191002246177
1111577,msmarco_passage_30_131200137,0.7973843667766836
1111577,msmarco_passage_22_88487252,0.7961996158160786
1111577,msmarco_passage_30_131170422,0.7921642405856955
1111577,msmarco_passage_29_617233848,0.7911810125454818
1111577,msmarco_passage_12_181442295,0.7817443976012787
1111577,msmarco_passage_25_376870905,0.7808358954911185
1111577,msmarco_passage_63_102153304,0.7723773606932989
1111577,msmarco_passage_43_384382367,0.7596267998218535
1111577,msmarco_passage_04_181795147,0.7538620832532938
1111577,msmarco_passage_30_131180116,0.7385391561701746
1111577,msmarco_passage_25_376871425,0.7241723205488507
1111577,msmarco_passage_22_88488594,0.7162927273771551
1111577,msmarco_passage_01_692921249,0.7063651625030112
1111577,msmarco_passage_26_809267999,0.703236902601058
1111577,msmarco_passage_22_88488160,0.6864520361812989
1111577,msmarco_passage_52_224642532,0.6853982603786015
1111577,msmarco_passage_11_63410930,0.6841482326535895
1111577,msmarco_passage_57_717166832,0.6805588471712453
1111577,msmarco_passage_25_263869503,0.6729523351286898
1111577,msmarco_passage_06_302244060,0.6716349852704765
1111577,msmarco_passage_50_831341103,0.6664559725782659
1111577,msmarco_passage_30_169975126,0.6418354024538899
1111577,msmarco_passage_43_325713868,0.6267698928123653
1111577,msmarco_passage_61_839109552,0.6141321317394182
1111577,msmarco_passage_32_334555566,0.6041205638706094
1111577,msmarco_passage_07_652797087,0.6025214588878178
1111577,msmarco_passage_30_131204210,0.5996488347354503
1111577,msmarco_passage_01_692924533,0.598452895702702
1111577,msmarco_passage_43_384380584,0.5917988771554267
1111577,msmarco_passage_25_376869589,0.5905504945333642
1111577,msmarco_passage_22_270154705,0.5837182467379192
1111577,msmarco_passage_25_390044986,0.5642724888749642
1111577,msmarco_passage_39_565124980,0.563189448696552
1111577,msmarco_passage_43_325712566,0.5300741974670108
1111577,msmarco_passage_01_692927939,0.5208998057511773
1111577,msmarco_passage_61_841924017,0.5139168007834123
1111577,msmarco_passage_29_779983746,0.4867017312215106
1111577,msmarco_passage_64_360154975,0.485254135034462
1111577,msmarco_passage_23_415753245,0.4700715070018674
1111577,msmarco_passage_57_75279404,0.4683765272692879
1111577,msmarco_passage_43_384377245,0.4500773390330891
1111577,msmarco_passage_21_280239558,0.4427871284508469
1111577,msmarco_passage_43_384379307,0.4299306363162428
1111577,msmarco_passage_30_377644554,0.4294518242968191
1111577,msmarco_passage_10_308296547,0.4289601404293633
1111577,msmarco_passage_25_382189592,0.4273619767905462
1111577,msmarco_passage_31_647302268,0.4237575230179446
1111577,msmarco_passage_57_407051391,0.4041246251452087
1111577,msmarco_passage_01_692926610,0.390139052271843
1111577,msmarco_passage_57_832077565,0.3841085327586325
1111577,msmarco_passage_08_619077655,0.3747402153245293
1111577,msmarco_passage_25_68978907,0.3664465527575795
1111577,msmarco_passage_23_612384518,0.3540144002968722
1111577,msmarco_passage_43_325717960,0.3526498370315178
1111577,msmarco_passage_27_580262349,0.3338887806723614
1111577,msmarco_passage_66_291683321,0.3255374887275813
1111577,msmarco_passage_39_236443481,0.3220260630592261
1111577,msmarco_passage_32_607924405,0.2883225291967392
1111577,msmarco_passage_20_702121434,0.2740588666336371
1111577,msmarco_passage_17_850720417,0.2279977422613318
1111577,msmarco_passage_61_523002615,0.2269676044103827
1113361,msmarco_passage_28_207314361,1.7974998619821336
1113361,msmarco_passage_16_95653147,1.5434874280488673
1113361,msmarco_passage_64_194926716,1.445455289738777
1113361,msmarco_passage_26_565836663,1.3436043668146969
1113361,msmarco_passage_64_194927232,1.299512537472038
1113361,msmarco_passage_33_122466742,1.2101100534696922
1113361,msmarco_passage_31_544615024,1.2026852830915136
1113361,msmarco_passage_09_618972452,1.1561988985722549
1113361,msmarco_passage_41_660382296,1.1378438953663268
1113361,msmarco_passage_15_407171828,1.1312708186085498
1113361,msmarco_passage_01_791701828,1.1278239932740202
1113361,msmarco_passage_61_672284759,1.1179361714004497
1113361,msmarco_passage_14_109598586,1.114993499673716
1113361,msmarco_passage_52_103224724,1.1145556393317155
1113361,msmarco_passage_01_758492175,1.1052905971899991
1113361,msmarco_passage_64_194926047,1.0649438391102106
1113361,msmarco_passage_26_565474089,1.044981481323017
1113361,msmarco_passage_26_560258345,1.028958218786307
1113361,msmarco_passage_15_407177357,1.0244463772312498
1113361,msmarco_passage_33_122464696,0.986573415112214
1113361,msmarco_passage_20_487346340,0.9856926176788372
1113361,msmarco_passage_10_696317784,0.9834412298670256
1113361,msmarco_passage_33_122464325,0.962003930669606
1113361,msmarco_passage_20_487344176,0.9606766045743178
1113361,msmarco_passage_64_194927745,0.947785641614358
1113361,msmarco_passage_33_122466298,0.938100363572655
1113361,msmarco_passage_31_544622952,0.9374965900946052
1113361,msmarco_passage_04_138802342,0.9326904100141776
1113361,msmarco_passage_30_616567402,0.9204766279128764
1113361,msmarco_passage_28_209125286,0.9188995493205432
1113361,msmarco_passage_01_758491694,0.9055920692923716
1113361,msmarco_passage_30_685763627,0.8995956173168325
1113361,msmarco_passage_28_209116004,0.8833298765237931
1113361,msmarco_passage_28_207312509,0.8831802361775918
1113361,msmarco_passage_26_565472697,0.8829302773651051
1113361,msmarco_passage_26_565835758,0.8757246478972491
1113361,msmarco_passage_53_831527146,0.8730129947021374
1113361,msmarco_passage_01_758488957,0.851626848227105
1113361,msmarco_passage_30_616568296,0.8377584698604086
1113361,msmarco_passage_26_616291499,0.8326518912785276
1113361,msmarco_passage_30_743439859,0.831265647951632
1113361,msmarco_passage_64_194929757,0.8238794895651989
1113361,msmarco_passage_28_207314765,0.8099674093409304
1113361,msmarco_passage_26_565835279,0.7995778199545802
1113361,msmarco_passage_01_758487571,0.799201463120943
1113361,msmarco_passage_01_758488187,0.79298687195583
1113361,msmarco_passage_61_672279935,0.7880788577187614
1113361,msmarco_passage_52_91295008,0.787352412901176
1113361,msmarco_passage_33_562932088,0.7784367426647911
1113361,msmarco_passage_33_122469933,0.7769774056883101
1113361,msmarco_passage_52_91348025,0.7689107879657945
1113361,msmarco_passage_15_407175011,0.7638855883010836
1113361,msmarco_passage_01_758493634,0.7636806256981139
1113361,msmarco_passage_40_167197823,0.7628913826367512
1113361,msmarco_passage_28_207313787,0.7582073350260194
1113361,msmarco_passage_26_565838400,0.7389625237948455
1113361,msmarco_passage_52_91309931,0.7322359764067071
1113361,msmarco_passage_26_565478691,0.7230108032109628
1113361,msmarco_passage_28_208514503,0.7200681578506675
1113361,msmarco_passage_31_544619528,0.7047722201066923
1113361,msmarco_passage_01_758490364,0.6975100418473243
1113361,msmarco_passage_64_187159682,0.690264107640173
1113361,msmarco_passage_40_171692202,0.6739277981093101
1113361,msmarco_passage_30_609147630,0.6705436582921529
1113361,msmarco_passage_21_747133973,0.6582046919227404
1113361,msmarco_passage_26_614475492,0.658018867897511
1113361,msmarco_passage_15_407175499,0.656225002753962
1113361,msmarco_passage_16_95373582,0.6427784988600812
1113361,msmarco_passage_20_487344553,0.6401383025904984
1113361,msmarco_passage_07_416097865,0.633076359969069
1113361,msmarco_passage_35_87677392,0.6189526384413838
1113361,msmarco_passage_56_425120813,0.6181488868894629
1113361,msmarco_passage_28_207962905,0.5997153366997933
1113361,msmarco_passage_56_290820068,0.5866245477606664
1113361,msmarco_passage_20_459015971,0.5481297364216517
1113361,msmarco_passage_54_63630781,0.5424705099290766
1113361,msmarco_passage_33_145096896,0.5364766440994625
1113361,msmarco_passage_02_24689534,0.4903357445652326
1113361,msmarco_passage_12_536053659,0.4734712958335876
1113361,msmarco_passage_35_627601590,0.427231002874422
1113361,msmarco_passage_05_779929474,0.3612858020384998
1113361,msmarco_passage_28_281094502,0.3403780127632737
1113361,msmarco_passage_25_149303335,0.3179463232414869
1113361,msmarco_passage_58_749266660,0.3154029053709487
1113361,msmarco_passage_59_864311636,0.2711545518048777
1113361,msmarco_passage_59_864312871,0.2537436102840924
1117243,msmarco_passage_24_223390352,1.7113345861434937
1117243,msmarco_passage_13_8344014,1.472660349327244
1117243,msmarco_passage_37_509408647,1.3262130487386994
1117243,msmarco_passage_67_383701492,1.2820257013355096
1117243,msmarco_passage_23_342471482,1.224628153015478
1117243,msmarco_passage_23_342669409,1.1898312825648292
1117243,msmarco_passage_23_342471840,1.1701446174231902
1117243,msmarco_passage_29_287281174,1.167869313305392
1117243,msmarco_passage_45_826819142,1.1171481470575948
1117243,msmarco_passage_10_881791455,1.1054409457161158
1117243,msmarco_passage_13_8342907,1.0921837158909191
1117243,msmarco_passage_33_176439880,1.0824637951159333
1117243,msmarco_passage_10_821023015,1.066008904219641
1117243,msmarco_passage_10_821867114,1.0616065883007786
1117243,msmarco_passage_35_141392194,1.058833858304285
1117243,msmarco_passage_23_342799373,1.0448080024177595
1117243,msmarco_passage_36_661573305,1.028036675649047
1117243,msmarco_passage_67_788091872,1.0224538796571885
1117243,msmarco_passage_13_8345348,1.0171572094756738
1117243,msmarco_passage_57_496862955,1.0155241031192137
1117243,msmarco_passage_02_363957758,1.0134944609647831
1117243,msmarco_passage_22_653310155,1.0078575371486904
1117243,msmarco_passage_28_472543822,0.999079044003032
1117243,msmarco_passage_23_342794604,0.9964270208295412
1117243,msmarco_passage_23_342670237,0.9952023809870164
1117243,msmarco_passage_58_805469003,0.9859462515093976
1117243,msmarco_passage_48_773190700,0.9799209030356416
1117243,msmarco_passage_23_342470210,0.975445113764815
1117243,msmarco_passage_39_175447999,0.964376609018318
1117243,msmarco_passage_23_342849392,0.957918207882384
1117243,msmarco_passage_40_473640047,0.9484996699658176
1117243,msmarco_passage_29_529807026,0.9339274708566994
1117243,msmarco_passage_23_342468354,0.9314260124797512
1117243,msmarco_passage_06_326098268,0.9199831124735168
1117243,msmarco_passage_36_661568514,0.9132485225041064
1117243,msmarco_passage_13_79861544,0.8931865477054162
1117243,msmarco_passage_12_206387565,0.8927472664424905
1117243,msmarco_passage_48_673868172,0.8885071632465533
1117243,msmarco_passage_08_326151255,0.8865964101366774
1117243,msmarco_passage_48_773185812,0.8859335685840243
1117243,msmarco_passage_64_559029609,0.882370969236018
1117243,msmarco_passage_17_227185278,0.8794498308797879
1117243,msmarco_passage_57_330465943,0.8696191701758464
1117243,msmarco_passage_35_141391298,0.8677949305963807
1117243,msmarco_passage_01_660893994,0.8672062858243985
1117243,msmarco_passage_66_718947514,0.8496902848353975
1117243,msmarco_passage_33_48211830,0.8429274819322822
1117243,msmarco_passage_24_46762192,0.8376554909148999
1117243,msmarco_passage_36_733647130,0.8291779420801398
1117243,msmarco_passage_36_665505933,0.821873531791308
1117243,msmarco_passage_24_174684133,0.8168180411111027
1117243,msmarco_passage_23_342688717,0.8166089486942814
1117243,msmarco_passage_26_230299387,0.8154378605662689
1117243,msmarco_passage_68_528645509,0.804318931058019
1117243,msmarco_passage_24_247375910,0.8022066363577427
1117243,msmarco_passage_36_414359973,0.8016888467644098
1117243,msmarco_passage_23_342496390,0.7973376136280702
1117243,msmarco_passage_39_62811092,0.7945354465780587
1117243,msmarco_passage_15_826169229,0.786787394348071
1117243,msmarco_passage_08_706421280,0.7828406938916529
1117243,msmarco_passage_54_779601632,0.772077511804099
1117243,msmarco_passage_35_141392634,0.7676402124623498
1117243,msmarco_passage_23_342679632,0.7467742971667894
1117243,msmarco_passage_29_717411626,0.7456668540926057
1117243,msmarco_passage_23_342529034,0.744660926221834
1117243,msmarco_passage_10_802896446,0.741375353757073
1117243,msmarco_passage_23_342695830,0.7310425286723441
1117243,msmarco_passage_04_87699688,0.7199186172011416
1117243,msmarco_passage_36_735435020,0.7164542729786878
1117243,msmarco_passage_58_580389995,0.7111889096230086
1117243,msmarco_passage_58_580383830,0.7097424134037799
1117243,msmarco_passage_23_342678692,0.6855302689767029
1117243,msmarco_passage_52_858618109,0.6358718772507584
1117243,msmarco_passage_46_337569882,0.6329358826000357
1117243,msmarco_passage_36_735436581,0.6161253723423573
1117243,msmarco_passage_23_342789665,0.6158162095423403
1117243,msmarco_passage_37_275100900,0.6042038018696206
1117243,msmarco_passage_23_342646464,0.5956688759293083
1117243,msmarco_passage_13_165936339,0.5253047097950388
1117243,msmarco_passage_50_717401943,0.4984073030598023
1117243,msmarco_passage_33_529827352,0.4402542003330304
1117243,msmarco_passage_05_768574362,0.4333611925946771
1117243,msmarco_passage_09_243550733,0.321384471654892
1118716,msmarco_passage_07_847844617,1.6540055871009829
1118716,msmarco_passage_15_95579322,1.4985201621488913
1118716,msmarco_passage_19_863328013,1.3010056428749766
1118716,msmarco_passage_19_863525564,1.155658274162707
1118716,msmarco_passage_22_54726837,1.1204443604972727
1118716,msmarco_passage_22_54723452,1.1193620856514357
1118716,msmarco_passage_43_530797423,1.0504315078036937
1118716,msmarco_passage_20_738724479,1.0402187766343394
1118716,msmarco_passage_40_164637888,1.019310365733604
1118716,msmarco_passage_05_508078172,0.9953528660257608
1118716,msmarco_passage_22_330351173,0.9951667332516284
1118716,msmarco_passage_03_556679932,0.988837436056984
1118716,msmarco_passage_49_463390739,0.976485923874334
1118716,msmarco_passage_01_68694164,0.9741815704949284
1118716,msmarco_passage_61_664046466,0.952271266187434
1118716,msmarco_passage_30_732666366,0.9464708964842404
1118716,msmarco_passage_61_659615765,0.9258604610941223
1118716,msmarco_passage_20_738721519,0.9232110133401524
1118716,msmarco_passage_33_147856716,0.9159128949101528
1118716,msmarco_passage_03_149556207,0.9004229602538962
1118716,msmarco_passage_22_54725230,0.9000570152439593
1118716,msmarco_passage_36_221397133,0.8935198235024306
1118716,msmarco_passage_03_661800358,0.8855686236491433
1118716,msmarco_passage_26_209670105,0.8815010743735004
1118716,msmarco_passage_09_521636726,0.877562046904103
1118716,msmarco_passage_59_818022467,0.8754448026529476
1118716,msmarco_passage_42_585420200,0.8743996157411306
1118716,msmarco_passage_60_822061409,0.8401482822283494
1118716,msmarco_passage_47_388857500,0.8339027325238437
1118716,msmarco_passage_16_74576390,0.8292485069829735
1118716,msmarco_passage_00_762417723,0.8287783018718421
1118716,msmarco_passage_15_615915709,0.8141223570671223
1118716,msmarco_passage_29_182233355,0.8126028770407779
1118716,msmarco_passage_32_174709857,0.8025198928042416
1118716,msmarco_passage_38_798317563,0.8022566632378056
1118716,msmarco_passage_12_574162595,0.8018613307227875
1118716,msmarco_passage_29_772374112,0.8002015590889304
1118716,msmarco_passage_42_583298879,0.8000949022938328
1118716,msmarco_passage_38_798315742,0.7988656911043429
1118716,msmarco_passage_31_543809280,0.7929998528558525
1118716,msmarco_passage_32_17191686,0.7922651017465556
1118716,msmarco_passage_22_54727375,0.7916605582689265
1118716,msmarco_passage_47_740154542,0.784096665985079
1118716,msmarco_passage_04_220813603,0.7832749139863762
1118716,msmarco_passage_13_70612212,0.7811465873040231
1118716,msmarco_passage_04_220812136,0.7734472913259024
1118716,msmarco_passage_22_329063318,0.7651323097456787
1118716,msmarco_passage_01_194505620,0.7646502416927132
1118716,msmarco_passage_29_772380471,0.760422695303495
1118716,msmarco_passage_14_133967739,0.7546196068086589
1118716,msmarco_passage_47_800487015,0.7516209425314652
1118716,msmarco_passage_15_602202376,0.7511871772184692
1118716,msmarco_passage_08_259871272,0.7498408211429766
1118716,msmarco_passage_58_597778697,0.742041167306634
1118716,msmarco_passage_04_220812580,0.7372550107843371
1118716,msmarco_passage_40_188639408,0.7244129286822776
1118716,msmarco_passage_40_176570076,0.72377728551737
1118716,msmarco_passage_19_455979455,0.7199712326535505
1118716,msmarco_passage_38_591082748,0.7126733459836931
1118716,msmarco_passage_58_243687274,0.7107422749792334
1118716,msmarco_passage_65_248383304,0.7070732889122237
1118716,msmarco_passage_01_235970154,0.7056207110447511
1118716,msmarco_passage_26_96022271,0.7033152079715161
1118716,msmarco_passage_20_295857570,0.7022903662077999
1118716,msmarco_passage_01_713494295,0.7000313869639401
1118716,msmarco_passage_41_19707376,0.6984868162072724
1118716,msmarco_passage_32_17192503,0.6910999189965343
1118716,msmarco_passage_09_720942072,0.6890961522728094
1118716,msmarco_passage_38_785417504,0.6845564915123482
1118716,msmarco_passage_01_595927593,0.6799996972416413
1118716,msmarco_passage_47_849602459,0.6799317822358866
1118716,msmarco_passage_41_19708169,0.6754427956161002
1118716,msmarco_passage_35_218674391,0.6627692905057319
1118716,msmarco_passage_32_17194545,0.650591710774872
1118716,msmarco_passage_01_779628357,0.6442620637026861
1118716,msmarco_passage_42_584328208,0.6440540492313059
1118716,msmarco_passage_08_587601098,0.6428265090214719
1118716,msmarco_passage_21_282985793,0.6377739110068318
1118716,msmarco_passage_03_661792720,0.6338892226103957
1118716,msmarco_passage_01_355684857,0.627274289106791
1118716,msmarco_passage_66_811824222,0.6267910740964918
1118716,msmarco_passage_26_209668839,0.6036535204343193
1118716,msmarco_passage_14_832777339,0.5895687204976063
1118716,msmarco_passage_41_25981837,0.5787593772530999
1118716,msmarco_passage_19_863371216,0.5736100179887615
1118716,msmarco_passage_00_298149980,0.5598061882651871
1118716,msmarco_passage_38_811561620,0.5425102269006927
1118716,msmarco_passage_38_593126138,0.5401595411801428
1118716,msmarco_passage_19_863371659,0.503083195783835
1118716,msmarco_passage_21_278781131,0.4741411322222323
1118716,msmarco_passage_10_268048998,0.4616289018809131
1118716,msmarco_passage_58_700962985,0.4481130551117503
1118716,msmarco_passage_58_670645184,0.4473644833028538
1118716,msmarco_passage_50_676747402,0.4170754824761564
1118716,msmarco_passage_58_670645932,0.3806442618370056
1121909,msmarco_passage_02_729699920,1.7367623117234972
1121909,msmarco_passage_68_306305974,1.5127856843865397
1121909,msmarco_passage_32_618725185,1.3948679570267668
1121909,msmarco_passage_68_264235915,1.314119133373626
1121909,msmarco_passage_29_317614290,1.2644205370334665
1121909,msmarco_passage_32_545015896,1.2278916647590383
1121909,msmarco_passage_04_202970031,1.1835872706701949
1121909,msmarco_passage_21_588006708,1.1640843529097613
1121909,msmarco_passage_53_847881865,1.1590202006970527
1121909,msmarco_passage_26_217868073,1.146168780845398
1121909,msmarco_passage_33_846509333,1.1192617093887496
1121909,msmarco_passage_33_563534582,1.0976551668229884
1121909,msmarco_passage_01_808246541,1.0920640871477425
1121909,msmarco_passage_68_264234447,1.063104409270739
1121909,msmarco_passage_32_169170375,1.0581210487632342
1121909,msmarco_passage_21_739458789,1.0337856999298929
1121909,msmarco_passage_03_170839675,1.0304481885533412
1121909,msmarco_passage_04_152537639,1.0277770555497148
1121909,msmarco_passage_01_808247906,1.009937111641538
1121909,msmarco_passage_04_202975092,1.0085299699012835
1121909,msmarco_passage_04_124498028,0.9940233349858376
1121909,msmarco_passage_04_85633051,0.9893559601999098
1121909,msmarco_passage_21_570995647,0.9890547468282378
1121909,msmarco_passage_32_169326239,0.9794068418756376
1121909,msmarco_passage_24_419077459,0.9754279995768652
1121909,msmarco_passage_04_202974575,0.9636885971326166
1121909,msmarco_passage_52_577481321,0.95691881149512
1121909,msmarco_passage_55_599750856,0.954476829509698
1121909,msmarco_passage_32_169326532,0.9503023382389184
1121909,msmarco_passage_40_59700559,0.9092159798126648
1121909,msmarco_passage_14_140230473,0.90317885799958
1121909,msmarco_passage_01_808252200,0.9016318750113452
1121909,msmarco_passage_36_258484918,0.8982609541010647
1121909,msmarco_passage_22_471648774,0.8909420434097857
1121909,msmarco_passage_11_44498723,0.8818702494993238
1121909,msmarco_passage_53_829222290,0.8749429756770036
1121909,msmarco_passage_68_306306376,0.8738851713120414
1121909,msmarco_passage_31_640439544,0.8681574933835372
1121909,msmarco_passage_11_44497847,0.8673515246702196
1121909,msmarco_passage_04_215971725,0.8664692412664929
1121909,msmarco_passage_03_353717213,0.866051337848311
1121909,msmarco_passage_60_819669495,0.8579931421363809
1121909,msmarco_passage_39_7423178,0.8493026749974706
1121909,msmarco_passage_68_306305753,0.8409805924195581
1121909,msmarco_passage_08_284730472,0.8391847992164765
1121909,msmarco_passage_36_164694480,0.8326019635181856
1121909,msmarco_passage_04_202970821,0.8281949303774773
1121909,msmarco_passage_41_607145196,0.82686214534127
1121909,msmarco_passage_04_202973473,0.8255039375024107
1121909,msmarco_passage_32_169325395,0.813543197503887
1121909,msmarco_passage_68_51863102,0.8133743283918758
1121909,msmarco_passage_04_124497625,0.8114923923828967
1121909,msmarco_passage_58_208681626,0.8064695380358635
1121909,msmarco_passage_43_110271231,0.8042051877211033
1121909,msmarco_passage_18_205805352,0.7958888371581556
1121909,msmarco_passage_68_97857113,0.7916128193061955
1121909,msmarco_passage_03_170840187,0.7907735367557753
1121909,msmarco_passage_32_772194314,0.7827737373515657
1121909,msmarco_passage_33_846508384,0.7776586120196218
1121909,msmarco_passage_58_81318370,0.77227404538837
1121909,msmarco_passage_04_215972517,0.770761154532316
1121909,msmarco_passage_36_363934856,0.7626210142964841
1121909,msmarco_passage_36_363928339,0.750595035318755
1121909,msmarco_passage_58_81317494,0.7474205681538885
1121909,msmarco_passage_43_556465343,0.7452970786702948
1121909,msmarco_passage_54_606456131,0.7325543477097098
1121909,msmarco_passage_36_225974166,0.7230737888597439
1121909,msmarco_passage_04_184306499,0.7140673167369932
1121909,msmarco_passage_04_135094424,0.7106888110774005
1121909,msmarco_passage_54_605536296,0.7039340877463042
1121909,msmarco_passage_04_215972976,0.6985554619589392
1121909,msmarco_passage_02_729696383,0.6982321190111564
1121909,msmarco_passage_68_264237811,0.6912454274917278
1121909,msmarco_passage_33_846514507,0.6861910830349284
1121909,msmarco_passage_04_191405895,0.6839109909790818
1121909,msmarco_passage_04_202968276,0.682264383628105
1121909,msmarco_passage_68_264236443,0.6759936945034029
1121909,msmarco_passage_04_215975224,0.6743241947417384
1121909,msmarco_passage_32_169326986,0.6708202607004757
1121909,msmarco_passage_32_631387320,0.6693569726754027
1121909,msmarco_passage_03_147879984,0.6503712258089557
1121909,msmarco_passage_21_422168301,0.6279490674870455
1121909,msmarco_passage_32_169173419,0.6267886493737397
1121909,msmarco_passage_68_51864431,0.6133947177978555
1121909,msmarco_passage_01_808246163,0.595287328480742
1121909,msmarco_passage_65_211026536,0.5883946096879645
1121909,msmarco_passage_03_807928110,0.580655540760428
1121909,msmarco_passage_18_609196337,0.5706488595068281
1121909,msmarco_passage_36_363934340,0.535372814961426
1121909,msmarco_passage_04_154913283,0.5132659994175007
1121909,msmarco_passage_68_264241327,0.5081447883260565
1121909,msmarco_passage_02_240377214,0.5037601226571136
1121909,msmarco_passage_28_232491496,0.4649572090115598
1121909,msmarco_passage_38_220731367,0.4267974969054247
1121909,msmarco_passage_20_141249141,0.3941007971763611
1128632,msmarco_passage_50_575321217,1.6196813318464491
1128632,msmarco_passage_50_575325127,1.4735948242475017
1128632,msmarco_passage_35_82242479,1.2678686936646248
1128632,msmarco_passage_50_575322419,1.2424732977178814
1128632,msmarco_passage_44_267754348,1.1559831338463604
1128632,msmarco_passage_60_500985753,1.148662012564225
1128632,msmarco_passage_44_272802500,1.1333863325366134
1128632,msmarco_passage_59_208874081,1.121421950373203
1128632,msmarco_passage_48_693050242,1.1084260296122357
1128632,msmarco_passage_59_209817211,1.0854057892256326
1128632,msmarco_passage_42_837102773,1.0731741409371682
1128632,msmarco_passage_44_269831529,1.0437188379323208
1128632,msmarco_passage_51_133669391,1.043609600435932
1128632,msmarco_passage_16_860101278,1.0333091167311907
1128632,msmarco_passage_27_671732454,1.0284345281609073
1128632,msmarco_passage_13_209411005,0.9922426563563388
1128632,msmarco_passage_27_671736649,0.982882051137448
1128632,msmarco_passage_59_209814690,0.96051159898628
1128632,msmarco_passage_07_706013172,0.955483749630097
1128632,msmarco_passage_55_95312872,0.95240567712256
1128632,msmarco_passage_57_595374192,0.950029932572916
1128632,msmarco_passage_44_285382314,0.9303410383475312
1128632,msmarco_passage_44_285398829,0.9237674540354603
1128632,msmarco_passage_49_25539936,0.9051500400621708
1128632,msmarco_passage_44_290936262,0.8945791136575625
1128632,msmarco_passage_24_245056375,0.8915331722095313
1128632,msmarco_passage_08_57868752,0.8839294398349755
1128632,msmarco_passage_01_529021334,0.8832983855436518
1128632,msmarco_passage_05_833930449,0.8687223314618658
1128632,msmarco_passage_27_669034527,0.8638438186954527
1128632,msmarco_passage_46_752131195,0.8632519666383937
1128632,msmarco_passage_53_534950150,0.8535398730379067
1128632,msmarco_passage_24_231609384,0.8489316164347622
1128632,msmarco_passage_09_50051792,0.8487594280247432
1128632,msmarco_passage_60_496562755,0.8096678213624314
1128632,msmarco_passage_05_830346882,0.8061921468859252
1128632,msmarco_passage_24_134164208,0.8010204817285601
1128632,msmarco_passage_11_545001999,0.7882478074296646
1128632,msmarco_passage_48_658381904,0.7812665904989305
1128632,msmarco_passage_13_492316882,0.7801414865080546
1128632,msmarco_passage_11_545015929,0.7746534428341613
1128632,msmarco_passage_17_23320452,0.7739725006168027
1128632,msmarco_passage_59_208073980,0.773183429325766
1128632,msmarco_passage_27_672812389,0.7657395116258817
1128632,msmarco_passage_59_541272563,0.7588271079361156
1128632,msmarco_passage_59_210318414,0.7559140717971968
1128632,msmarco_passage_27_672601473,0.7537395677311645
1128632,msmarco_passage_48_675965283,0.7413199928309857
1128632,msmarco_passage_36_643683050,0.7330185667737655
1128632,msmarco_passage_44_266744169,0.730994071521732
1128632,msmarco_passage_11_694269186,0.7299857201786005
1128632,msmarco_passage_55_716478299,0.7188690400112319
1128632,msmarco_passage_49_150847808,0.7089456354094319
1128632,msmarco_passage_48_774585770,0.7065849459160017
1128632,msmarco_passage_39_525754835,0.7055043824686684
1128632,msmarco_passage_27_672965659,0.7029670883939305
1128632,msmarco_passage_40_439387984,0.6948374374305288
1128632,msmarco_passage_48_70118135,0.6895533966702341
1128632,msmarco_passage_28_853795476,0.6847833151341387
1128632,msmarco_passage_16_295482577,0.6806882599782808
1128632,msmarco_passage_34_742348570,0.6683488333800433
1128632,msmarco_passage_53_416262137,0.6467245398767737
1128632,msmarco_passage_24_213870290,0.6419648675644521
1128632,msmarco_passage_40_623687461,0.6384312514832478
1128632,msmarco_passage_01_504783045,0.6368498625824106
1128632,msmarco_passage_14_864335726,0.6366626561533875
1128632,msmarco_passage_50_2142588,0.6337676868618042
1128632,msmarco_passage_27_673056427,0.6294908092483216
1128632,msmarco_passage_36_673108504,0.6257264484266346
1128632,msmarco_passage_32_130211020,0.625656756829178
1128632,msmarco_passage_51_501188950,0.6191021132435344
1128632,msmarco_passage_42_864019798,0.6164810483170323
1128632,msmarco_passage_03_129711451,0.6126655165722829
1128632,msmarco_passage_24_226408764,0.6051676700587755
1128632,msmarco_passage_59_209531051,0.6028073176953064
1128632,msmarco_passage_43_491293205,0.5912670426528862
1128632,msmarco_passage_68_16096655,0.580029429733584
1128632,msmarco_passage_03_473996454,0.5658926682643656
1128632,msmarco_passage_35_708981366,0.5420354470822083
1128632,msmarco_passage_11_355102024,0.5386230498693299
1128632,msmarco_passage_03_672369988,0.535521040717272
1128632,msmarco_passage_66_161714243,0.5249674886465072
1128632,msmarco_passage_39_819633599,0.5170747500071575
1128632,msmarco_passage_43_491697984,0.50871169127827
1129560,msmarco_passage_22_621770950,1.6343643367290497
1129560,msmarco_passage_10_493909355,1.422039701362674
1129560,msmarco_passage_62_663066714,1.2316366233926883
1129560,msmarco_passage_26_361480211,1.0686899218219943
1129560,msmarco_passage_36_324481872,1.0438447994239322
1129560,msmarco_passage_64_554391756,0.9742070291372722
1129560,msmarco_passage_50_805101851,0.9581685880671132
1129560,msmarco_passage_35_718899164,0.934677765733294
1129560,msmarco_passage_54_626422583,0.932827647091744
1129560,msmarco_passage_36_865296650,0.9319637892918936
1129560,msmarco_passage_58_523393988,0.9023540243339004
1129560,msmarco_passage_52_136113088,0.8798934636119005
1129560,msmarco_passage_39_733374473,0.8749540581573708
1129560,msmarco_passage_52_134232437,0.862465226795343
1129560,msmarco_passage_51_194060182,0.8484943680548936
1129560,msmarco_passage_46_170815507,0.8391495620378394
1129560,msmarco_passage_36_855563876,0.8237540199738764
1129560,msmarco_passage_52_120536496,0.8082551436701071
1129560,msmarco_passage_36_866667921,0.8033323401927055
1129560,msmarco_passage_03_36757255,0.7987889469265194
1129560,msmarco_passage_46_667538698,0.79536020512438
1129560,msmarco_passage_51_457594652,0.7925385575169481
1129560,msmarco_passage_54_626397384,0.782289184925708
1129560,msmarco_passage_40_547746912,0.7809438719061876
1129560,msmarco_passage_58_523395258,0.7796519544910403
1129560,msmarco_passage_33_597726049,0.7728166019202172
1129560,msmarco_passage_07_488135027,0.7290242003144397
1129560,msmarco_passage_45_64786802,0.7198768931828188
1129560,msmarco_passage_46_667568331,0.7177909283490663
1129560,msmarco_passage_14_5253258,0.7142231738969181
1129560,msmarco_passage_53_830481373,0.7075064902783333
1129560,msmarco_passage_14_498293823,0.6976163647482905
1129560,msmarco_passage_33_594550311,0.6882601570435678
1129560,msmarco_passage_45_146888616,0.6722508788332064
1129560,msmarco_passage_55_148096761,0.6678823448857119
1129560,msmarco_passage_36_866658695,0.6675762877035677
1129560,msmarco_passage_51_626711064,0.6638874288913463
1129560,msmarco_passage_52_126893784,0.6603309653225016
1129560,msmarco_passage_20_460581847,0.6452304805485943
1129560,msmarco_passage_53_829928333,0.642620544068599
1129560,msmarco_passage_55_148101600,0.6181353843502337
1129560,msmarco_passage_32_212059051,0.6146095102534312
1129560,msmarco_passage_52_120555472,0.5945785219526469
1129560,msmarco_passage_36_436270418,0.5888308365246776
1129560,msmarco_passage_58_523397008,0.5843106071265896
1129560,msmarco_passage_54_186862717,0.5696933461150873
1129560,msmarco_passage_52_127316816,0.5593356036849683
1129560,msmarco_passage_40_281670058,0.5369271181607514
1129560,msmarco_passage_43_814898542,0.5195335536190633
1129560,msmarco_passage_00_46303014,0.51501360130444
1129560,msmarco_passage_08_272878839,0.5126673873890651
1129560,msmarco_passage_52_133160604,0.5029792527525166
1129560,msmarco_passage_54_625952822,0.500920811624786
1129560,msmarco_passage_68_633942759,0.4986075615614987
1129560,msmarco_passage_62_764410946,0.4958340578646249
1129560,msmarco_passage_39_557515076,0.452248428215025
1129560,msmarco_passage_56_787814424,0.4508971019518956
1129560,msmarco_passage_40_281671351,0.4454693472005901
1129560,msmarco_passage_19_70618742,0.4446061782064509
1129560,msmarco_passage_42_435827275,0.4443433004260509
1129560,msmarco_passage_50_431087140,0.4436099637871824
1129560,msmarco_passage_59_484115721,0.4377091111650181
1129560,msmarco_passage_64_241898150,0.4214376146817922
1129560,msmarco_passage_36_299063696,0.4056968388485998
1129560,msmarco_passage_40_281668235,0.400420291013039
1129560,msmarco_passage_66_371429771,0.3920073012064459
1129560,msmarco_passage_19_835837524,0.3903835741768169
1129560,msmarco_passage_26_533464633,0.3786834104844693
1129560,msmarco_passage_01_288016691,0.378614663229453
1129560,msmarco_passage_40_294767852,0.3689664412136381
1129560,msmarco_passage_30_634894357,0.36819136958946
1129560,msmarco_passage_41_457347163,0.3557811085595174
1129560,msmarco_passage_05_332557555,0.3536601217526398
1129560,msmarco_passage_30_718871224,0.3534180534410566
1129560,msmarco_passage_57_387749395,0.3511444835236456
1129560,msmarco_passage_30_363358061,0.3449147506543759
1129560,msmarco_passage_51_627093844,0.3323607279176122
1129560,msmarco_passage_05_758131726,0.3266152101397961
1129560,msmarco_passage_54_625008784,0.3136246340495817
1129560,msmarco_passage_04_614563476,0.3079747790645124
1129560,msmarco_passage_33_677996953,0.3066334597738495
1129560,msmarco_passage_40_281674720,0.2991146274552809
1129560,msmarco_passage_06_85063210,0.2913077238737867
1129560,msmarco_passage_21_781023246,0.2818332694233691
1129560,msmarco_passage_40_664225542,0.2808570483929655
1129560,msmarco_passage_03_797871823,0.2789274330972955
1129560,msmarco_passage_17_165431248,0.2731928108462345
1129560,msmarco_passage_30_63630855,0.2712098556678839
1129560,msmarco_passage_23_242364833,0.2611607841170683
1129560,msmarco_passage_17_771171990,0.2323956027626991
1129560,msmarco_passage_10_166877906,0.225710487528268
1129560,msmarco_passage_44_711919316,0.2208519548777672
1129560,msmarco_passage_33_62150798,0.184984449520428
1129560,msmarco_passage_29_110691172,0.1682850401039315
1129560,msmarco_passage_43_167690637,0.0376020630615787
