group,qid,docno,passage_length_words,query_jaccard,colbert_percentile,simcse_to_top4,ner_density_per100w
A_ASR_Max,1107704,msmarco_passage_53_63292867,45,0.125,94.94949494949495,0.8282530754804611,4.444444444444445
A_ASR_Max,1107704,msmarco_passage_68_155495476,62,0.13043478260869565,93.93939393939394,0.8204899281263351,4.838709677419355
A_ASR_Max,1107704,msmarco_passage_06_847024080,65,0.11764705882352941,92.92929292929293,0.8149096220731735,10.76923076923077
A_ASR_Max,1111577,msmarco_passage_30_131172954,87,0.15517241379310345,95.95959595959596,0.8006960302591324,1.1494252873563218
A_ASR_Max,1111577,msmarco_passage_05_563789830,53,0.16666666666666666,85.85858585858585,0.8448497951030731,1.8867924528301887
A_ASR_Max,1117243,msmarco_passage_23_342669409,51,0.07692307692307693,93.93939393939394,0.7820059210062027,1.9607843137254901
A_ASR_Max,1128632,msmarco_passage_50_575322419,62,0.11764705882352941,95.95959595959596,0.8153224587440491,1.6129032258064515
A_ASR_Max,168329,msmarco_passage_30_795590421,43,0.25,91.91919191919192,0.8575369268655777,0.0
A_ASR_Max,30611,msmarco_passage_07_94355630,50,0.16129032258064516,93.93939393939394,0.8223496526479721,16.0
A_ASR_Max,395948,msmarco_passage_64_172367505,67,0.07272727272727272,91.91919191919192,0.7795235812664032,10.447761194029852
A_ASR_Max,540006,msmarco_passage_24_649418758,39,0.12121212121212122,95.95959595959596,0.7997031509876251,17.94871794871795
A_ASR_Max,832573,msmarco_passage_24_205383441,66,0.09302325581395349,92.92929292929293,0.8346386402845383,3.0303030303030303
A_ASR_Max,832573,msmarco_passage_27_612382169,18,0.14285714285714285,87.87878787878788,0.8075189590454102,0.0
B_All_SBR,1006728,msmarco_passage_65_225025567,57,0.24444444444444444,92.92929292929293,0.8530029356479645,0.0
B_All_SBR,1006728,msmarco_passage_23_479124719,71,0.1016949152542373,90.9090909090909,0.8378650844097137,4.225352112676056
B_All_SBR,1006728,msmarco_passage_28_864687853,41,0.2,91.91919191919192,0.8114849627017975,2.4390243902439024
B_All_SBR,1006728,msmarco_passage_51_653520227,46,0.225,89.8989898989899,0.8142595589160919,2.1739130434782608
B_All_SBR,1040198,msmarco_passage_21_72934589,49,0.21428571428571427,95.95959595959596,0.8519711494445801,12.244897959183673
B_All_SBR,1040198,msmarco_passage_19_489886196,76,0.18181818181818182,94.94949494949495,0.8323981314897537,14.473684210526315
B_All_SBR,1040198,msmarco_passage_28_851468982,53,0.2,90.9090909090909,0.7797400802373886,7.547169811320755
B_All_SBR,1040198,msmarco_passage_56_572160546,52,0.10869565217391304,91.91919191919192,0.7592859715223312,5.769230769230769
B_All_SBR,1104300,msmarco_passage_41_625228576,45,0.18181818181818182,93.93939393939394,0.8522621095180511,6.666666666666667
B_All_SBR,1104300,msmarco_passage_00_692365008,33,0.2413793103448276,91.91919191919192,0.8295700699090958,6.0606060606060606
B_All_SBR,1104300,msmarco_passage_04_176516058,26,0.24,90.9090909090909,0.8875415772199631,11.538461538461538
B_All_SBR,1104300,msmarco_passage_41_661660789,42,0.18181818181818182,92.92929292929293,0.80851611495018,0.0
B_All_SBR,1104447,msmarco_passage_23_288607043,53,0.25,91.91919191919192,0.8988227099180222,3.7735849056603774
B_All_SBR,1104447,msmarco_passage_35_174658196,49,0.2777777777777778,90.9090909090909,0.8654690533876419,10.204081632653061
B_All_SBR,1104447,msmarco_passage_23_290887728,49,0.21428571428571427,88.88888888888889,0.8254990428686142,10.204081632653061
B_All_SBR,1104447,msmarco_passage_31_577003900,47,0.18604651162790697,86.86868686868688,0.8581439554691315,6.382978723404255
B_All_SBR,1107704,msmarco_passage_53_63292867,45,0.125,94.94949494949495,0.8282530754804611,4.444444444444445
B_All_SBR,1107704,msmarco_passage_68_155495476,62,0.13043478260869565,93.93939393939394,0.8204899281263351,4.838709677419355
B_All_SBR,1107704,msmarco_passage_06_847024080,65,0.11764705882352941,92.92929292929293,0.8149096220731735,10.76923076923077
B_All_SBR,1107704,msmarco_passage_22_36009561,52,0.13953488372093023,89.8989898989899,0.8323074877262115,11.538461538461538
B_All_SBR,1107821,msmarco_passage_45_848744528,51,0.09523809523809523,94.94949494949495,0.8781973272562027,19.607843137254903
B_All_SBR,1107821,msmarco_passage_39_21614560,40,0.09090909090909091,95.95959595959596,0.7977782189846039,22.5
B_All_SBR,1107821,msmarco_passage_20_544494898,58,0.09302325581395349,90.9090909090909,0.8713775873184204,24.137931034482758
B_All_SBR,1107821,msmarco_passage_26_865036706,47,0.11428571428571428,91.91919191919192,0.8441597819328308,14.893617021276595
B_All_SBR,1109840,msmarco_passage_65_153889578,73,0.19230769230769232,95.95959595959596,0.7846696227788925,6.8493150684931505
B_All_SBR,1109840,msmarco_passage_26_615703467,49,0.21951219512195122,93.93939393939394,0.8030085563659668,8.16326530612245
B_All_SBR,1109840,msmarco_passage_56_152854308,54,0.20930232558139536,91.91919191919192,0.8041819185018539,7.407407407407407
B_All_SBR,1109840,msmarco_passage_44_115537575,26,0.27586206896551724,92.92929292929293,0.8421895951032639,3.8461538461538463
B_All_SBR,1110996,msmarco_passage_15_425718829,36,0.12903225806451613,93.93939393939394,0.8682985454797745,2.7777777777777777
B_All_SBR,1110996,msmarco_passage_00_612808760,56,0.1282051282051282,92.92929292929293,0.8301427364349365,1.7857142857142858
B_All_SBR,1110996,msmarco_passage_00_649131098,52,0.1111111111111111,90.9090909090909,0.8711656033992767,5.769230769230769
B_All_SBR,1110996,msmarco_passage_02_566603201,40,0.1111111111111111,94.94949494949495,0.8155038505792618,10.0
B_All_SBR,1111577,msmarco_passage_45_771413389,45,0.17647058823529413,94.94949494949495,0.8067999333143234,2.2222222222222223
B_All_SBR,1111577,msmarco_passage_30_131172954,87,0.15517241379310345,95.95959595959596,0.8006960302591324,1.1494252873563218
B_All_SBR,1111577,msmarco_passage_05_563789830,53,0.16666666666666666,85.85858585858585,0.8448497951030731,1.8867924528301887
B_All_SBR,1111577,msmarco_passage_29_617232841,59,0.15555555555555556,90.9090909090909,0.7986847013235092,0.0
B_All_SBR,1113361,msmarco_passage_64_194927232,55,0.06818181818181818,94.94949494949495,0.8878842741250992,0.0
B_All_SBR,1113361,msmarco_passage_33_122466742,64,0.06818181818181818,90.9090909090909,0.9179299175739288,3.125
B_All_SBR,1113361,msmarco_passage_31_544615024,53,0.06818181818181818,93.93939393939394,0.8639952838420868,1.8867924528301887
B_All_SBR,1113361,msmarco_passage_09_618972452,48,0.09523809523809523,89.8989898989899,0.8548197448253632,2.0833333333333335
B_All_SBR,1117243,msmarco_passage_67_383701492,57,0.05,94.94949494949495,0.8312781453132629,0.0
B_All_SBR,1117243,msmarco_passage_23_342669409,51,0.07692307692307693,93.93939393939394,0.7820059210062027,1.9607843137254901
B_All_SBR,1117243,msmarco_passage_23_342471840,48,0.06976744186046512,95.95959595959596,0.7932455092668533,2.0833333333333335
B_All_SBR,1117243,msmarco_passage_29_287281174,55,0.045454545454545456,92.92929292929293,0.7937135100364685,0.0
B_All_SBR,1118716,msmarco_passage_19_863525564,50,0.14285714285714285,94.94949494949495,0.8367772251367569,12.0
B_All_SBR,1118716,msmarco_passage_22_54726837,52,0.13513513513513514,93.93939393939394,0.8353800922632217,9.615384615384615
B_All_SBR,1118716,msmarco_passage_43_530797423,46,0.1282051282051282,86.86868686868688,0.8598780632019043,4.3478260869565215
B_All_SBR,1118716,msmarco_passage_20_738724479,78,0.09615384615384616,89.8989898989899,0.8316837847232819,3.8461538461538463
B_All_SBR,1121909,msmarco_passage_29_317614290,55,0.13953488372093023,95.95959595959596,0.8553238064050674,1.8181818181818181
B_All_SBR,1121909,msmarco_passage_32_545015896,49,0.11363636363636363,94.94949494949495,0.8654582053422928,0.0
B_All_SBR,1121909,msmarco_passage_04_202970031,39,0.14285714285714285,91.91919191919192,0.8571751862764359,2.5641025641025643
B_All_SBR,1121909,msmarco_passage_21_588006708,61,0.13333333333333333,90.9090909090909,0.8716973960399628,3.278688524590164
B_All_SBR,112700,msmarco_passage_27_631089875,40,0.12121212121212122,96.96969696969697,0.8722065091133118,17.5
B_All_SBR,112700,msmarco_passage_45_191385723,59,0.061224489795918366,88.88888888888889,0.8890881091356277,3.389830508474576
B_All_SBR,112700,msmarco_passage_36_792525846,41,0.15384615384615385,92.92929292929293,0.810276448726654,2.4390243902439024
B_All_SBR,112700,msmarco_passage_06_242494666,47,0.10810810810810811,87.87878787878788,0.8582049906253815,6.382978723404255
B_All_SBR,1128632,msmarco_passage_50_575322419,62,0.11764705882352941,95.95959595959596,0.8153224587440491,1.6129032258064515
B_All_SBR,1128632,msmarco_passage_60_500985753,54,0.13333333333333333,91.91919191919192,0.7966201305389404,1.8518518518518519
B_All_SBR,1128632,msmarco_passage_44_272802500,48,0.15384615384615385,90.9090909090909,0.7581153810024261,0.0
B_All_SBR,1128632,msmarco_passage_59_208874081,40,0.10810810810810811,92.92929292929293,0.8005752116441727,12.5
B_All_SBR,1129560,msmarco_passage_26_361480211,76,0.07547169811320754,93.93939393939394,0.8382706344127655,1.3157894736842106
B_All_SBR,1129560,msmarco_passage_36_324481872,41,0.08333333333333333,94.94949494949495,0.8105332404375076,0.0
B_All_SBR,1129560,msmarco_passage_64_554391756,47,0.1111111111111111,91.91919191919192,0.8164387792348862,6.382978723404255
B_All_SBR,1129560,msmarco_passage_50_805101851,61,0.06976744186046512,87.87878787878788,0.8383755087852478,1.639344262295082
B_All_SBR,168329,msmarco_passage_38_867366499,50,0.21621621621621623,93.93939393939394,0.8782096058130264,8.0
B_All_SBR,168329,msmarco_passage_30_795590421,43,0.25,91.91919191919192,0.8575369268655777,0.0
B_All_SBR,168329,msmarco_passage_38_867365984,63,0.2702702702702703,92.92929292929293,0.8376914113759995,4.761904761904762
B_All_SBR,168329,msmarco_passage_25_259221061,37,0.27586206896551724,90.9090909090909,0.8714487999677658,0.0
B_All_SBR,190623,msmarco_passage_18_550907066,45,0.08108108108108109,95.95959595959596,0.666399747133255,26.666666666666668
B_All_SBR,190623,msmarco_passage_18_550908404,48,0.075,92.92929292929293,0.671694740653038,27.083333333333332
B_All_SBR,190623,msmarco_passage_18_550906639,38,0.058823529411764705,94.94949494949495,0.6276553124189377,31.57894736842105
B_All_SBR,190623,msmarco_passage_18_550905367,46,0.05714285714285714,91.91919191919192,0.6723843812942505,32.608695652173914
B_All_SBR,2082,msmarco_passage_26_846132892,54,0.11764705882352941,95.95959595959596,0.8678731173276901,3.7037037037037037
B_All_SBR,2082,msmarco_passage_10_673115327,56,0.16666666666666666,93.93939393939394,0.8716491907835007,3.5714285714285716
B_All_SBR,2082,msmarco_passage_39_461879190,68,0.10526315789473684,92.92929292929293,0.8517054170370102,4.411764705882353
B_All_SBR,2082,msmarco_passage_55_738286358,49,0.15555555555555556,88.88888888888889,0.8919666558504105,2.0408163265306123
B_All_SBR,226975,msmarco_passage_24_559073437,50,0.10869565217391304,95.95959595959596,0.8201205432415009,10.0
B_All_SBR,226975,msmarco_passage_59_779343147,57,0.09803921568627451,94.94949494949495,0.8018653988838196,10.526315789473685
B_All_SBR,226975,msmarco_passage_25_95176272,69,0.11320754716981132,93.93939393939394,0.8036744296550751,8.695652173913043
B_All_SBR,226975,msmarco_passage_59_710149301,87,0.07017543859649122,92.92929292929293,0.7335066050291061,6.896551724137931
B_All_SBR,23287,msmarco_passage_42_184648743,54,0.12,88.88888888888889,0.8122571259737015,0.0
B_All_SBR,23287,msmarco_passage_11_422302183,76,0.09433962264150944,87.87878787878788,0.8447017520666122,0.0
B_All_SBR,23287,msmarco_passage_02_500355930,38,0.12903225806451613,85.85858585858585,0.8693944364786148,0.0
B_All_SBR,23287,msmarco_passage_52_19590082,26,0.16666666666666666,89.8989898989899,0.7841579616069794,15.384615384615385
B_All_SBR,237669,msmarco_passage_10_602776522,39,0.16666666666666666,93.93939393939394,0.8472229987382889,12.820512820512821
B_All_SBR,237669,msmarco_passage_17_527703255,46,0.15789473684210525,91.91919191919192,0.8453292697668076,17.391304347826086
B_All_SBR,237669,msmarco_passage_65_555172153,44,0.15384615384615385,89.8989898989899,0.8794977217912674,13.636363636363637
B_All_SBR,237669,msmarco_passage_01_18414553,32,0.21428571428571427,87.87878787878788,0.861121267080307,12.5
B_All_SBR,253263,msmarco_passage_28_326468821,56,0.11627906976744186,88.88888888888889,0.8238976746797562,1.7857142857142858
B_All_SBR,253263,msmarco_passage_39_711863628,58,0.15,86.86868686868688,0.8470791429281235,8.620689655172415
B_All_SBR,253263,msmarco_passage_10_191792164,18,0.45,87.87878787878788,0.8338929265737534,0.0
B_All_SBR,253263,msmarco_passage_02_511537499,48,0.225,83.83838383838383,0.8470246195793152,8.333333333333334
B_All_SBR,300025,msmarco_passage_20_281778523,80,0.08196721311475409,95.95959595959596,0.770941898226738,16.25
B_All_SBR,300025,msmarco_passage_01_860445927,57,0.07272727272727272,93.93939393939394,0.7841664552688599,12.280701754385966
B_All_SBR,300025,msmarco_passage_62_872025429,45,0.175,90.9090909090909,0.7057825773954391,4.444444444444445
B_All_SBR,300025,msmarco_passage_48_244666680,53,0.13636363636363635,87.87878787878788,0.70096854865551,3.7735849056603774
B_All_SBR,300986,msmarco_passage_28_817645953,54,0.12195121951219512,93.93939393939394,0.8704784959554672,7.407407407407407
B_All_SBR,300986,msmarco_passage_14_491491316,43,0.13513513513513514,94.94949494949495,0.8399876803159714,27.906976744186046
B_All_SBR,300986,msmarco_passage_14_491489667,54,0.13636363636363635,91.91919191919192,0.8623926043510437,24.074074074074073
B_All_SBR,300986,msmarco_passage_48_253244347,45,0.14285714285714285,92.92929292929293,0.8766183406114578,2.2222222222222223
B_All_SBR,30611,msmarco_passage_11_59933115,79,0.11538461538461539,95.95959595959596,0.8127432018518448,16.455696202531644
B_All_SBR,30611,msmarco_passage_07_94355630,50,0.16129032258064516,93.93939393939394,0.8223496526479721,16.0
B_All_SBR,30611,msmarco_passage_58_752701097,32,0.14814814814814814,94.94949494949495,0.7662743180990219,15.625
B_All_SBR,30611,msmarco_passage_11_308282957,57,0.10204081632653061,92.92929292929293,0.8104030638933182,17.54385964912281
B_All_SBR,337656,msmarco_passage_64_504411889,62,0.11538461538461539,94.94949494949495,0.7772621959447861,16.129032258064516
B_All_SBR,337656,msmarco_passage_65_57452647,65,0.10416666666666667,91.91919191919192,0.722588375210762,7.6923076923076925
B_All_SBR,337656,msmarco_passage_26_795932174,66,0.11320754716981132,89.8989898989899,0.7220706045627594,10.606060606060606
B_All_SBR,337656,msmarco_passage_62_871924943,63,0.11764705882352941,93.93939393939394,0.6954307705163956,11.11111111111111
B_All_SBR,364210,msmarco_passage_11_73532770,51,0.1282051282051282,92.92929292929293,0.9026694297790527,0.0
B_All_SBR,364210,msmarco_passage_43_286763885,67,0.09615384615384616,93.93939393939394,0.8409283757209778,0.0
B_All_SBR,364210,msmarco_passage_61_344485493,48,0.13157894736842105,87.87878787878788,0.8736529052257538,0.0
B_All_SBR,364210,msmarco_passage_09_484429649,50,0.13513513513513514,91.91919191919192,0.8702444136142731,0.0
B_All_SBR,395948,msmarco_passage_40_31220962,37,0.07692307692307693,95.95959595959596,0.7924561053514481,24.324324324324323
B_All_SBR,395948,msmarco_passage_09_593796930,32,0.08333333333333333,94.94949494949495,0.7990547865629196,18.75
B_All_SBR,395948,msmarco_passage_12_633563963,37,0.12195121951219512,93.93939393939394,0.7837848663330078,8.108108108108109
B_All_SBR,395948,msmarco_passage_64_172367505,67,0.07272727272727272,91.91919191919192,0.7795235812664032,10.447761194029852
B_All_SBR,421946,msmarco_passage_07_822264197,58,0.06666666666666667,92.92929292929293,0.7050885856151581,0.0
B_All_SBR,421946,msmarco_passage_38_643532666,45,0.1111111111111111,93.93939393939394,0.6943302303552628,2.2222222222222223
B_All_SBR,421946,msmarco_passage_38_643515607,57,0.08888888888888889,84.84848484848484,0.6789737045764923,5.2631578947368425
B_All_SBR,421946,msmarco_passage_12_735897565,48,0.075,89.8989898989899,0.695860281586647,2.0833333333333335
B_All_SBR,493490,msmarco_passage_06_803466276,47,0.05128205128205128,94.94949494949495,0.8098530173301697,6.382978723404255
B_All_SBR,493490,msmarco_passage_39_306370285,41,0.07894736842105263,92.92929292929293,0.8132545202970505,7.317073170731708
B_All_SBR,493490,msmarco_passage_27_65381657,42,0.05555555555555555,93.93939393939394,0.8090803325176239,7.142857142857143
B_All_SBR,493490,msmarco_passage_09_749667729,40,0.058823529411764705,91.91919191919192,0.8331175148487091,7.5
B_All_SBR,505390,msmarco_passage_08_670354349,57,0.06666666666666667,89.8989898989899,0.8881374895572662,5.2631578947368425
B_All_SBR,505390,msmarco_passage_44_362405718,38,0.025,95.95959595959596,0.7763209193944931,15.789473684210526
B_All_SBR,505390,msmarco_passage_08_670355264,59,0.058823529411764705,88.88888888888889,0.8901528716087341,6.779661016949152
B_All_SBR,505390,msmarco_passage_45_608311322,31,0.03225806451612903,92.92929292929293,0.8683055341243744,3.225806451612903
B_All_SBR,508292,msmarco_passage_04_27012834,55,0.0975609756097561,95.95959595959596,0.9257798790931702,1.8181818181818181
B_All_SBR,508292,msmarco_passage_51_808126959,41,0.125,94.94949494949495,0.8254029005765915,0.0
B_All_SBR,508292,msmarco_passage_66_117898684,48,0.1111111111111111,88.88888888888889,0.9088431000709534,8.333333333333334
B_All_SBR,508292,msmarco_passage_46_636852269,51,0.07317073170731707,84.84848484848484,0.8661142587661743,0.0
B_All_SBR,540006,msmarco_passage_24_649418758,39,0.12121212121212122,95.95959595959596,0.7997031509876251,17.94871794871795
B_All_SBR,540006,msmarco_passage_29_364916433,35,0.08333333333333333,94.94949494949495,0.7683556526899338,20.0
B_All_SBR,540006,msmarco_passage_39_497540129,29,0.07407407407407407,88.88888888888889,0.8106005489826202,10.344827586206897
B_All_SBR,540006,msmarco_passage_51_425263822,62,0.08333333333333333,92.92929292929293,0.7721545249223709,6.451612903225806
B_All_SBR,596569,msmarco_passage_03_507786841,59,0.13636363636363635,95.95959595959596,0.821315661072731,0.0
B_All_SBR,596569,msmarco_passage_25_467716834,57,0.1276595744680851,94.94949494949495,0.7740083932876587,3.508771929824561
B_All_SBR,596569,msmarco_passage_65_648878943,70,0.14285714285714285,92.92929292929293,0.8102888613939285,0.0
B_All_SBR,596569,msmarco_passage_12_265819081,54,0.13953488372093023,89.8989898989899,0.8366283625364304,11.11111111111111
B_All_SBR,629937,msmarco_passage_09_484020537,41,0.15625,94.94949494949495,0.7798272371292114,2.4390243902439024
B_All_SBR,629937,msmarco_passage_35_97819308,75,0.09615384615384616,90.9090909090909,0.7974984496831894,0.0
B_All_SBR,629937,msmarco_passage_35_97810880,55,0.11904761904761904,87.87878787878788,0.8163025081157684,0.0
B_All_SBR,629937,msmarco_passage_62_95660767,46,0.1388888888888889,84.84848484848484,0.831734374165535,0.0
B_All_SBR,646091,msmarco_passage_36_207498071,39,0.0967741935483871,91.91919191919192,0.9050342738628387,2.5641025641025643
B_All_SBR,646091,msmarco_passage_53_355454477,58,0.044444444444444446,92.92929292929293,0.8813230991363525,3.4482758620689653
B_All_SBR,646091,msmarco_passage_28_313169904,45,0.08823529411764706,90.9090909090909,0.9012759923934937,2.2222222222222223
B_All_SBR,646091,msmarco_passage_06_765034498,44,0.11764705882352941,89.8989898989899,0.8985539227724075,0.0
B_All_SBR,647362,msmarco_passage_11_727532523,44,0.11428571428571428,95.95959595959596,0.7782856374979019,11.363636363636363
B_All_SBR,647362,msmarco_passage_12_184371719,33,0.18518518518518517,91.91919191919192,0.7275181859731674,12.121212121212121
B_All_SBR,647362,msmarco_passage_04_182106908,44,0.13636363636363635,85.85858585858585,0.7409870773553848,0.0
B_All_SBR,647362,msmarco_passage_01_500884606,60,0.11764705882352941,84.84848484848484,0.7464595884084702,11.666666666666666
B_All_SBR,661905,msmarco_passage_17_120561114,62,0.11538461538461539,95.95959595959596,0.834204226732254,0.0
B_All_SBR,661905,msmarco_passage_01_512660233,46,0.13043478260869565,94.94949494949495,0.809207409620285,8.695652173913043
B_All_SBR,661905,msmarco_passage_66_625460603,46,0.1951219512195122,93.93939393939394,0.8128722608089447,0.0
B_All_SBR,661905,msmarco_passage_11_732897355,52,0.1951219512195122,86.86868686868688,0.8732396066188812,0.0
B_All_SBR,681645,msmarco_passage_15_51351061,54,0.10526315789473684,95.95959595959596,0.8087663650512695,1.8518518518518519
B_All_SBR,681645,msmarco_passage_17_186756741,42,0.1111111111111111,94.94949494949495,0.8188514411449432,0.0
B_All_SBR,681645,msmarco_passage_41_518852776,55,0.1388888888888889,90.9090909090909,0.8052865266799927,0.0
B_All_SBR,681645,msmarco_passage_01_716676189,37,0.1111111111111111,92.92929292929293,0.8091590702533722,0.0
B_All_SBR,688007,msmarco_passage_09_852058652,66,0.06666666666666667,93.93939393939394,0.8395731747150421,0.0
B_All_SBR,688007,msmarco_passage_09_852014369,48,0.07692307692307693,94.94949494949495,0.763713002204895,4.166666666666667
B_All_SBR,688007,msmarco_passage_33_763167006,50,0.10344827586206896,92.92929292929293,0.7610878795385361,4.0
B_All_SBR,688007,msmarco_passage_09_852065060,54,0.09090909090909091,83.83838383838383,0.7744902968406677,7.407407407407407
B_All_SBR,707882,msmarco_passage_08_846999528,60,0.045454545454545456,92.92929292929293,0.8390918970108032,0.0
B_All_SBR,707882,msmarco_passage_08_846996505,44,0.06060606060606061,94.94949494949495,0.8200612217187881,2.272727272727273
B_All_SBR,707882,msmarco_passage_30_366126828,36,0.06666666666666667,96.96969696969697,0.8062630295753479,0.0
B_All_SBR,707882,msmarco_passage_30_366124204,55,0.06818181818181818,93.93939393939394,0.8242072910070419,10.909090909090908
B_All_SBR,764738,msmarco_passage_17_501553428,30,0.1,95.95959595959596,0.7930382043123245,0.0
B_All_SBR,764738,msmarco_passage_19_596453214,53,0.12121212121212122,92.92929292929293,0.8592290431261063,3.7735849056603774
B_All_SBR,764738,msmarco_passage_14_421130213,66,0.1282051282051282,93.93939393939394,0.8318623602390289,0.0
B_All_SBR,764738,msmarco_passage_25_856491012,51,0.10256410256410256,90.9090909090909,0.8221976310014725,9.803921568627452
B_All_SBR,806694,msmarco_passage_68_780410013,40,0.12195121951219512,94.94949494949495,0.7917720824480057,7.5
B_All_SBR,806694,msmarco_passage_50_490428375,61,0.10204081632653061,93.93939393939394,0.7839233726263046,1.639344262295082
B_All_SBR,806694,msmarco_passage_28_60089520,27,0.32,90.9090909090909,0.8156765401363373,11.11111111111111
B_All_SBR,806694,msmarco_passage_68_784630774,62,0.1568627450980392,88.88888888888889,0.7886734306812286,9.67741935483871
B_All_SBR,818583,msmarco_passage_38_494079979,64,0.14285714285714285,94.94949494949495,0.8873693645000458,10.9375
B_All_SBR,818583,msmarco_passage_44_757711640,65,0.19047619047619047,93.93939393939394,0.9028165340423584,9.23076923076923
B_All_SBR,818583,msmarco_passage_44_757676816,46,0.2857142857142857,91.91919191919192,0.8949170112609863,13.043478260869565
B_All_SBR,818583,msmarco_passage_07_548630868,61,0.19047619047619047,92.92929292929293,0.8190627694129944,9.836065573770492
B_All_SBR,832573,msmarco_passage_24_205383441,66,0.09302325581395349,92.92929292929293,0.8346386402845383,3.0303030303030303
B_All_SBR,832573,msmarco_passage_24_205385166,47,0.10256410256410256,91.91919191919192,0.8481665253639221,4.25531914893617
B_All_SBR,832573,msmarco_passage_20_44541310,40,0.07894736842105263,94.94949494949495,0.7788830697536469,10.0
B_All_SBR,832573,msmarco_passage_27_612382169,18,0.14285714285714285,87.87878787878788,0.8075189590454102,0.0
B_All_SBR,835760,msmarco_passage_46_424085011,54,0.1794871794871795,93.93939393939394,0.9084668606519699,0.0
B_All_SBR,835760,msmarco_passage_22_465100299,46,0.22580645161290322,95.95959595959596,0.9130474030971527,2.1739130434782608
B_All_SBR,835760,msmarco_passage_12_833050844,45,0.14285714285714285,94.94949494949495,0.9110738188028336,4.444444444444445
B_All_SBR,835760,msmarco_passage_08_787082193,47,0.20588235294117646,92.92929292929293,0.9066628813743591,4.25531914893617
B_All_SBR,845121,msmarco_passage_39_391065769,54,0.175,95.95959595959596,0.8654494732618332,11.11111111111111
B_All_SBR,845121,msmarco_passage_06_611756102,51,0.15384615384615385,92.92929292929293,0.9173501133918762,7.8431372549019605
B_All_SBR,845121,msmarco_passage_14_661014156,40,0.23333333333333334,94.94949494949495,0.889426127076149,2.5
B_All_SBR,845121,msmarco_passage_16_135625020,49,0.15384615384615385,93.93939393939394,0.8699458539485931,10.204081632653061
B_All_SBR,935353,msmarco_passage_17_642045950,47,0.14285714285714285,93.93939393939394,0.8502709716558456,25.53191489361702
B_All_SBR,935353,msmarco_passage_66_440740118,37,0.14705882352941177,94.94949494949495,0.8608034402132034,13.513513513513514
B_All_SBR,935353,msmarco_passage_34_806832578,52,0.125,90.9090909090909,0.8492104560136795,25.0
B_All_SBR,935353,msmarco_passage_49_225979544,67,0.11904761904761904,81.81818181818181,0.8778295069932938,19.402985074626866
B_All_SBR,935964,msmarco_passage_35_61731466,59,0.11764705882352941,93.93939393939394,0.8380161225795746,15.254237288135593
B_All_SBR,935964,msmarco_passage_08_318054068,60,0.11538461538461539,89.8989898989899,0.8874214291572571,13.333333333333334
B_All_SBR,935964,msmarco_passage_03_806530124,39,0.0975609756097561,91.91919191919192,0.845976859331131,23.076923076923077
B_All_SBR,935964,msmarco_passage_35_61733187,65,0.08620689655172414,86.86868686868688,0.8899690806865692,9.23076923076923
B_All_SBR,952262,msmarco_passage_11_8858858,68,0.21153846153846154,93.93939393939394,0.8794090747833252,5.882352941176471
B_All_SBR,952262,msmarco_passage_48_749209638,76,0.16363636363636364,89.8989898989899,0.8746505975723267,3.9473684210526314
B_All_SBR,952262,msmarco_passage_40_515445277,44,0.2564102564102564,90.9090909090909,0.823147177696228,0.0
B_All_SBR,952262,msmarco_passage_55_297870367,47,0.20930232558139536,85.85858585858585,0.9084253907203674,4.25531914893617
B_All_SBR,952284,msmarco_passage_11_288630511,79,0.15384615384615385,94.94949494949495,0.8026413768529892,3.7974683544303796
B_All_SBR,952284,msmarco_passage_36_726687505,55,0.13333333333333333,93.93939393939394,0.7775757014751434,1.8181818181818181
B_All_SBR,952284,msmarco_passage_30_313413887,50,0.16279069767441862,95.95959595959596,0.7481723427772522,0.0
B_All_SBR,952284,msmarco_passage_23_513988962,45,0.19047619047619047,92.92929292929293,0.7801074832677841,8.88888888888889
B_All_SBR,975079,msmarco_passage_39_7640982,44,0.10526315789473684,93.93939393939394,0.8856652826070786,11.363636363636363
B_All_SBR,975079,msmarco_passage_58_259083082,44,0.125,90.9090909090909,0.8577350378036499,25.0
B_All_SBR,975079,msmarco_passage_06_135432401,62,0.07317073170731707,91.91919191919192,0.8162135630846024,14.516129032258064
B_All_SBR,975079,msmarco_passage_59_773341087,33,0.0967741935483871,89.8989898989899,0.7991313189268112,18.181818181818183
C_ColBERT_top4,1006728,msmarco_passage_66_84491897,45,0.3225806451612903,100.0,0.9121923844019572,2.2222222222222223
C_ColBERT_top4,1006728,msmarco_passage_29_510661852,58,0.24324324324324326,97.97979797979798,0.9121923446655273,3.4482758620689653
C_ColBERT_top4,1006728,msmarco_passage_00_805095721,53,0.23255813953488372,95.95959595959596,0.8676841557025909,3.7735849056603774
C_ColBERT_top4,1006728,msmarco_passage_13_574326454,46,0.2571428571428571,93.93939393939394,0.8175675868988037,6.521739130434782
C_ColBERT_top4,1040198,msmarco_passage_21_73132792,53,0.2682926829268293,100.0,0.855225662390391,13.20754716981132
C_ColBERT_top4,1040198,msmarco_passage_18_855527748,72,0.22916666666666666,98.98989898989899,0.8220837314923605,11.11111111111111
C_ColBERT_top4,1040198,msmarco_passage_18_855178612,56,0.1875,97.97979797979798,0.7469418048858643,10.714285714285714
C_ColBERT_top4,1040198,msmarco_passage_19_125724558,46,0.21052631578947367,96.96969696969697,0.8510015805562338,15.217391304347826
C_ColBERT_top4,1104300,msmarco_passage_04_229219126,34,0.27586206896551724,100.0,0.8353542685508728,0.0
C_ColBERT_top4,1104300,msmarco_passage_13_403234311,50,0.14285714285714285,98.98989898989899,0.8790159424146017,0.0
C_ColBERT_top4,1104300,msmarco_passage_09_610218932,43,0.2857142857142857,97.97979797979798,0.8962839841842651,0.0
C_ColBERT_top4,1104300,msmarco_passage_39_832891254,47,0.25806451612903225,94.94949494949495,0.8276840448379517,4.25531914893617
C_ColBERT_top4,1104447,msmarco_passage_23_292595528,42,0.17073170731707318,100.0,0.9134472012519836,2.380952380952381
C_ColBERT_top4,1104447,msmarco_passage_64_118540069,49,0.21951219512195122,98.98989898989899,0.9711491465568542,2.0408163265306123
C_ColBERT_top4,1104447,msmarco_passage_30_651422467,52,0.20454545454545456,93.93939393939394,0.8161905109882355,5.769230769230769
C_ColBERT_top4,1104447,msmarco_passage_55_657553371,54,0.18,92.92929292929293,0.9102785885334015,1.8518518518518519
C_ColBERT_top4,1107704,msmarco_passage_06_221669119,34,0.13157894736842105,100.0,0.7138015230496725,14.705882352941176
C_ColBERT_top4,1107704,msmarco_passage_06_847023736,38,0.17142857142857143,98.98989898989899,0.7854490081469218,7.894736842105263
C_ColBERT_top4,1107704,msmarco_passage_01_204519962,52,0.13636363636363635,97.97979797979798,0.8448509375254313,5.769230769230769
C_ColBERT_top4,1107704,msmarco_passage_06_221679446,50,0.15,95.95959595959596,0.7523265182971954,4.0
C_ColBERT_top4,1107821,msmarco_passage_40_167978653,40,0.09375,100.0,0.8534551461537679,17.5
C_ColBERT_top4,1107821,msmarco_passage_20_544498564,53,0.1,98.98989898989899,0.8543915748596191,22.641509433962263
C_ColBERT_top4,1107821,msmarco_passage_31_859330905,52,0.09523809523809523,97.97979797979798,0.8683606386184692,15.384615384615385
C_ColBERT_top4,1107821,msmarco_passage_40_167980252,58,0.12195121951219512,96.96969696969697,0.8177847464879354,15.517241379310345
C_ColBERT_top4,1109840,msmarco_passage_66_809521360,28,0.7619047619047619,100.0,0.879073977470398,0.0
C_ColBERT_top4,1109840,msmarco_passage_66_809521662,33,0.4666666666666667,98.98989898989899,0.8848615090052286,6.0606060606060606
C_ColBERT_top4,1109840,msmarco_passage_10_696727361,43,0.45161290322580644,97.97979797979798,0.9045222401618958,6.976744186046512
C_ColBERT_top4,1109840,msmarco_passage_44_115337209,44,0.2777777777777778,96.96969696969697,0.8394845128059387,6.818181818181818
C_ColBERT_top4,1110996,msmarco_passage_30_604452674,45,0.21212121212121213,100.0,0.8314745426177979,0.0
C_ColBERT_top4,1110996,msmarco_passage_01_139310248,56,0.11363636363636363,98.98989898989899,0.8816033204396566,0.0
C_ColBERT_top4,1110996,msmarco_passage_11_677770223,52,0.14634146341463414,97.97979797979798,0.8421085079511007,0.0
C_ColBERT_top4,1110996,msmarco_passage_00_560151626,48,0.1111111111111111,96.96969696969697,0.8331115047136942,0.0
C_ColBERT_top4,1111577,msmarco_passage_57_75277978,35,0.3,100.0,0.8067921797434489,2.857142857142857
C_ColBERT_top4,1111577,msmarco_passage_47_543222397,17,0.3125,98.98989898989899,0.8521378636360168,17.647058823529413
C_ColBERT_top4,1111577,msmarco_passage_57_75279844,40,0.14634146341463414,97.97979797979798,0.7750136256217957,2.5
C_ColBERT_top4,1111577,msmarco_passage_30_131171717,46,0.15789473684210525,96.96969696969697,0.8576352596282959,4.3478260869565215
C_ColBERT_top4,1113361,msmarco_passage_28_207314361,42,0.09090909090909091,100.0,0.9061627586682638,2.380952380952381
C_ColBERT_top4,1113361,msmarco_passage_16_95653147,50,0.08823529411764706,98.98989898989899,0.927069902420044,4.0
C_ColBERT_top4,1113361,msmarco_passage_64_194926716,53,0.08108108108108109,97.97979797979798,0.9246543447176615,1.8867924528301887
C_ColBERT_top4,1113361,msmarco_passage_26_565836663,93,0.045454545454545456,96.96969696969697,0.9018849531809489,3.225806451612903
C_ColBERT_top4,1117243,msmarco_passage_24_223390352,54,0.047619047619047616,100.0,0.8003485600153605,0.0
C_ColBERT_top4,1117243,msmarco_passage_13_8344014,68,0.06,98.98989898989899,0.7892764608065287,10.294117647058824
C_ColBERT_top4,1117243,msmarco_passage_37_509408647,44,0.08571428571428572,97.97979797979798,0.7977966864903768,2.272727272727273
C_ColBERT_top4,1117243,msmarco_passage_23_342471482,43,0.07692307692307693,96.96969696969697,0.7486936450004578,0.0
C_ColBERT_top4,1118716,msmarco_passage_07_847844617,53,0.16216216216216217,100.0,0.8170661727587382,1.8867924528301887
C_ColBERT_top4,1118716,msmarco_passage_15_95579322,37,0.10526315789473684,98.98989898989899,0.9007104635238647,8.108108108108109
C_ColBERT_top4,1118716,msmarco_passage_19_863328013,68,0.1111111111111111,96.96969696969697,0.8374619285265604,5.882352941176471
C_ColBERT_top4,1118716,msmarco_passage_22_54723452,57,0.13953488372093023,95.95959595959596,0.7901178300380707,5.2631578947368425
C_ColBERT_top4,1121909,msmarco_passage_02_729699920,63,0.0851063829787234,100.0,0.8435094555219015,6.349206349206349
C_ColBERT_top4,1121909,msmarco_passage_68_306305974,44,0.16666666666666666,98.98989898989899,0.8640996217727661,4.545454545454546
C_ColBERT_top4,1121909,msmarco_passage_32_618725185,33,0.24,97.97979797979798,0.8440566658973694,3.0303030303030303
C_ColBERT_top4,1121909,msmarco_passage_68_264235915,42,0.13513513513513514,96.96969696969697,0.8481318155924479,7.142857142857143
C_ColBERT_top4,112700,msmarco_passage_18_757021196,30,0.10714285714285714,100.0,0.8431068460146586,13.333333333333334
C_ColBERT_top4,112700,msmarco_passage_07_292095541,32,0.13793103448275862,98.98989898989899,0.772346039613088,3.125
C_ColBERT_top4,112700,msmarco_passage_30_794527402,42,0.1,97.97979797979798,0.8523314992586771,11.904761904761905
C_ColBERT_top4,112700,msmarco_passage_02_165691232,48,0.07142857142857142,95.95959595959596,0.796392947435379,8.333333333333334
C_ColBERT_top4,1128632,msmarco_passage_50_575321217,86,0.078125,100.0,0.7813525597254435,0.0
C_ColBERT_top4,1128632,msmarco_passage_50_575325127,54,0.11363636363636363,98.98989898989899,0.8106774687767029,1.8518518518518519
C_ColBERT_top4,1128632,msmarco_passage_35_82242479,34,0.16666666666666666,97.97979797979798,0.8148919741312662,23.529411764705884
C_ColBERT_top4,1128632,msmarco_passage_44_267754348,51,0.12,96.96969696969697,0.7910142938296,9.803921568627452
C_ColBERT_top4,1129560,msmarco_passage_22_621770950,47,0.1111111111111111,100.0,0.8379635214805603,2.127659574468085
C_ColBERT_top4,1129560,msmarco_passage_10_493909355,79,0.0851063829787234,98.98989898989899,0.8465119004249573,2.5316455696202533
C_ColBERT_top4,1129560,msmarco_passage_03_36757255,35,0.125,95.95959595959596,0.67315474152565,2.857142857142857
C_ColBERT_top4,1129560,msmarco_passage_62_663066714,36,0.1,97.97979797979798,0.8489439288775126,0.0
C_ColBERT_top4,168329,msmarco_passage_03_152780110,36,0.2903225806451613,100.0,0.8816066980361938,0.0
C_ColBERT_top4,168329,msmarco_passage_17_253755796,43,0.3055555555555556,98.98989898989899,0.8972824811935425,2.3255813953488373
C_ColBERT_top4,168329,msmarco_passage_01_685626555,49,0.3125,96.96969696969697,0.851983904838562,0.0
C_ColBERT_top4,168329,msmarco_passage_44_581740341,49,0.2777777777777778,94.94949494949495,0.8731899559497833,0.0
C_ColBERT_top4,190623,msmarco_passage_08_377498739,69,0.09615384615384616,100.0,0.678953230381012,17.391304347826086
C_ColBERT_top4,190623,msmarco_passage_05_497938979,49,0.07317073170731707,98.98989898989899,0.6932831406593323,16.3265306122449
C_ColBERT_top4,190623,msmarco_passage_54_46604827,44,0.10256410256410256,97.97979797979798,0.5413031578063965,20.454545454545453
C_ColBERT_top4,190623,msmarco_passage_07_763160990,71,0.1111111111111111,96.96969696969697,0.6178249518076578,18.309859154929576
C_ColBERT_top4,2082,msmarco_passage_30_709623997,35,0.1282051282051282,100.0,0.8531272411346436,11.428571428571429
C_ColBERT_top4,2082,msmarco_passage_64_431617227,53,0.12,98.98989898989899,0.8750142455101013,3.7735849056603774
C_ColBERT_top4,2082,msmarco_passage_45_632929045,55,0.10204081632653061,97.97979797979798,0.8850676019986471,9.090909090909092
C_ColBERT_top4,2082,msmarco_passage_45_623131157,45,0.16666666666666666,96.96969696969697,0.889862577120463,11.11111111111111
C_ColBERT_top4,226975,msmarco_passage_65_219573228,43,0.15,100.0,0.8002766370773315,2.3255813953488373
C_ColBERT_top4,226975,msmarco_passage_52_269196632,53,0.06,98.98989898989899,0.8202025890350342,5.660377358490566
C_ColBERT_top4,226975,msmarco_passage_64_363384407,42,0.13157894736842105,97.97979797979798,0.7864229679107666,7.142857142857143
C_ColBERT_top4,226975,msmarco_passage_10_719901294,92,0.078125,96.96969696969697,0.7997814416885376,3.260869565217391
C_ColBERT_top4,23287,msmarco_passage_02_500358436,63,0.125,100.0,0.8231782913208008,0.0
C_ColBERT_top4,23287,msmarco_passage_37_406984666,53,0.08888888888888889,98.98989898989899,0.941059430440267,3.7735849056603774
C_ColBERT_top4,23287,msmarco_passage_03_865272429,59,0.08163265306122448,94.94949494949495,0.879435807466507,0.0
C_ColBERT_top4,23287,msmarco_passage_26_607486542,48,0.12195121951219512,90.9090909090909,0.8876886963844299,0.0
C_ColBERT_top4,237669,msmarco_passage_07_367182198,77,0.14285714285714285,100.0,0.9210417071978251,18.181818181818183
C_ColBERT_top4,237669,msmarco_passage_15_789050318,63,0.15555555555555556,97.97979797979798,0.872269868850708,11.11111111111111
C_ColBERT_top4,237669,msmarco_passage_07_367182777,53,0.14634146341463414,96.96969696969697,0.8778636852900187,13.20754716981132
C_ColBERT_top4,237669,msmarco_passage_45_442422969,42,0.17647058823529413,94.94949494949495,0.826145201921463,11.904761904761905
C_ColBERT_top4,253263,msmarco_passage_58_107305431,42,0.2972972972972973,100.0,0.7838876843452454,14.285714285714286
C_ColBERT_top4,253263,msmarco_passage_48_763440047,55,0.11538461538461539,98.98989898989899,0.7627126773198446,3.6363636363636362
C_ColBERT_top4,253263,msmarco_passage_48_836680363,14,0.5625,97.97979797979798,0.8029618859291077,0.0
C_ColBERT_top4,253263,msmarco_passage_66_685673120,47,0.13953488372093023,96.96969696969697,0.8204201857248942,2.127659574468085
C_ColBERT_top4,300025,msmarco_passage_23_307538604,44,0.10869565217391304,100.0,0.7885911266009012,13.636363636363637
C_ColBERT_top4,300025,msmarco_passage_10_457252165,99,0.07407407407407407,98.98989898989899,0.7922658324241638,14.141414141414142
C_ColBERT_top4,300025,msmarco_passage_20_736374757,50,0.0975609756097561,97.97979797979798,0.671708861986796,16.0
C_ColBERT_top4,300025,msmarco_passage_10_457250983,54,0.0784313725490196,96.96969696969697,0.7564747333526611,5.555555555555555
C_ColBERT_top4,300986,msmarco_passage_60_672040749,45,0.15384615384615385,100.0,0.8983289202054342,6.666666666666667
C_ColBERT_top4,300986,msmarco_passage_52_724524912,55,0.13513513513513514,97.97979797979798,0.8678619861602783,14.545454545454545
C_ColBERT_top4,300986,msmarco_passage_14_491490487,47,0.1282051282051282,96.96969696969697,0.8026589949925741,25.53191489361702
C_ColBERT_top4,300986,msmarco_passage_44_178929410,59,0.11363636363636363,95.95959595959596,0.8328785002231598,1.694915254237288
C_ColBERT_top4,30611,msmarco_passage_11_59934478,66,0.13636363636363635,100.0,0.7967970371246338,10.606060606060606
C_ColBERT_top4,30611,msmarco_passage_01_436571677,53,0.13953488372093023,98.98989898989899,0.7983033855756124,11.320754716981131
C_ColBERT_top4,30611,msmarco_passage_02_448906411,89,0.125,97.97979797979798,0.7496555050214132,16.853932584269664
C_ColBERT_top4,30611,msmarco_passage_11_59936302,62,0.125,96.96969696969697,0.8147579828898112,17.741935483870968
C_ColBERT_top4,337656,msmarco_passage_10_733659281,29,0.16666666666666666,100.0,0.6551427642504374,17.24137931034483
C_ColBERT_top4,337656,msmarco_passage_45_114413828,59,0.09433962264150944,98.98989898989899,0.816394567489624,6.779661016949152
C_ColBERT_top4,337656,msmarco_passage_02_244988916,57,0.12,96.96969696969697,0.7709967891375223,10.526315789473685
C_ColBERT_top4,337656,msmarco_passage_24_336760901,79,0.1016949152542373,95.95959595959596,0.6309302300214767,17.72151898734177
C_ColBERT_top4,364210,msmarco_passage_11_678680186,55,0.15789473684210525,100.0,0.9315369129180908,5.454545454545454
C_ColBERT_top4,364210,msmarco_passage_55_272628196,70,0.10869565217391304,97.97979797979798,0.9315369526545206,1.4285714285714286
C_ColBERT_top4,364210,msmarco_passage_25_596444800,37,0.13333333333333333,95.95959595959596,0.7708961963653564,2.7027027027027026
C_ColBERT_top4,364210,msmarco_passage_11_73533498,64,0.10204081632653061,94.94949494949495,0.8435438275337219,3.125
C_ColBERT_top4,395948,msmarco_passage_66_136128052,45,0.09090909090909091,100.0,0.7936560312906901,13.333333333333334
C_ColBERT_top4,395948,msmarco_passage_66_136129737,52,0.1,98.98989898989899,0.7703065077463785,21.153846153846153
C_ColBERT_top4,395948,msmarco_passage_52_407368767,53,0.06382978723404255,97.97979797979798,0.7966740926106771,15.09433962264151
C_ColBERT_top4,395948,msmarco_passage_00_335703110,58,0.0625,96.96969696969697,0.8213322559992472,13.793103448275861
C_ColBERT_top4,421946,msmarco_passage_38_643300933,47,0.16129032258064516,100.0,0.7817065715789795,8.51063829787234
C_ColBERT_top4,421946,msmarco_passage_38_643493231,53,0.11904761904761904,97.97979797979798,0.6802237232526144,3.7735849056603774
C_ColBERT_top4,421946,msmarco_passage_48_124892275,54,0.08,96.96969696969697,0.7051229675610861,1.8518518518518519
C_ColBERT_top4,421946,msmarco_passage_04_389002915,55,0.125,95.95959595959596,0.6847842782735825,1.8181818181818181
C_ColBERT_top4,493490,msmarco_passage_55_560686346,63,0.06,100.0,0.7952663699785868,7.936507936507937
C_ColBERT_top4,493490,msmarco_passage_02_234807989,70,0.05263157894736842,98.98989898989899,0.8119194308916727,4.285714285714286
C_ColBERT_top4,493490,msmarco_passage_09_749452951,46,0.09090909090909091,97.97979797979798,0.8522200187047323,6.521739130434782
C_ColBERT_top4,493490,msmarco_passage_06_803493824,48,0.045454545454545456,95.95959595959596,0.8161232173442841,8.333333333333334
C_ColBERT_top4,505390,msmarco_passage_38_122727514,78,0.10344827586206896,100.0,0.9043649633725485,3.8461538461538463
C_ColBERT_top4,505390,msmarco_passage_66_598889,64,0.0625,98.98989898989899,0.9248374501864115,3.125
C_ColBERT_top4,505390,msmarco_passage_66_121762269,67,0.058823529411764705,97.97979797979798,0.9149987498919169,5.970149253731344
C_ColBERT_top4,505390,msmarco_passage_38_122732738,61,0.08,96.96969696969697,0.8831757505734762,3.278688524590164
C_ColBERT_top4,508292,msmarco_passage_38_118466941,43,0.16666666666666666,100.0,0.8897852500279745,0.0
C_ColBERT_top4,508292,msmarco_passage_22_668222685,61,0.09523809523809523,98.98989898989899,0.8940115571022034,0.0
C_ColBERT_top4,508292,msmarco_passage_61_356638212,44,0.11764705882352941,97.97979797979798,0.8946070472399393,2.272727272727273
C_ColBERT_top4,508292,msmarco_passage_14_475507120,53,0.09523809523809523,96.96969696969697,0.8689799706141154,1.8867924528301887
C_ColBERT_top4,540006,msmarco_passage_58_39424363,69,0.07692307692307693,100.0,0.7609923084576925,2.898550724637681
C_ColBERT_top4,540006,msmarco_passage_58_39423436,48,0.10256410256410256,98.98989898989899,0.806237796942393,18.75
C_ColBERT_top4,540006,msmarco_passage_25_833258014,28,0.11538461538461539,97.97979797979798,0.7826821208000183,14.285714285714286
C_ColBERT_top4,540006,msmarco_passage_40_158087024,43,0.05,96.96969696969697,0.7847734491030375,16.27906976744186
C_ColBERT_top4,596569,msmarco_passage_12_270377801,26,0.2692307692307692,100.0,0.7374825676282247,11.538461538461538
C_ColBERT_top4,596569,msmarco_passage_57_570209973,54,0.14,98.98989898989899,0.8593008518218994,3.7037037037037037
C_ColBERT_top4,596569,msmarco_passage_66_170950934,59,0.125,97.97979797979798,0.8494856754938761,1.694915254237288
C_ColBERT_top4,596569,msmarco_passage_32_199421070,56,0.13333333333333333,96.96969696969697,0.8509937326113383,8.928571428571429
C_ColBERT_top4,629937,msmarco_passage_35_98010201,48,0.125,100.0,0.7481008966763815,0.0
C_ColBERT_top4,629937,msmarco_passage_09_791178425,39,0.17142857142857143,98.98989898989899,0.8886385758717855,0.0
C_ColBERT_top4,629937,msmarco_passage_35_97813720,61,0.11627906976744186,96.96969696969697,0.8701484799385071,0.0
C_ColBERT_top4,629937,msmarco_passage_53_692894208,52,0.0851063829787234,95.95959595959596,0.8148162364959717,5.769230769230769
C_ColBERT_top4,646091,msmarco_passage_30_7772264,29,0.11538461538461539,100.0,0.9452152252197266,0.0
C_ColBERT_top4,646091,msmarco_passage_27_626193579,49,0.05714285714285714,97.97979797979798,0.9135055541992188,0.0
C_ColBERT_top4,646091,msmarco_passage_06_450899513,50,0.05,96.96969696969697,0.900841236114502,2.0
C_ColBERT_top4,646091,msmarco_passage_53_592569309,43,0.07894736842105263,94.94949494949495,0.8853220194578171,2.3255813953488373
C_ColBERT_top4,647362,msmarco_passage_58_297970877,52,0.1,100.0,0.8217334747314453,5.769230769230769
C_ColBERT_top4,647362,msmarco_passage_04_149555778,39,0.17647058823529413,98.98989898989899,0.7988815307617188,0.0
C_ColBERT_top4,647362,msmarco_passage_58_297967826,54,0.075,97.97979797979798,0.7880077560742696,1.8518518518518519
C_ColBERT_top4,647362,msmarco_passage_04_190620328,54,0.1935483870967742,96.96969696969697,0.7268611391385397,0.0
C_ColBERT_top4,661905,msmarco_passage_38_642898398,45,0.20512820512820512,100.0,0.8442256848017374,2.2222222222222223
C_ColBERT_top4,661905,msmarco_passage_16_689871674,44,0.16216216216216217,98.98989898989899,0.86554882923762,2.272727272727273
C_ColBERT_top4,661905,msmarco_passage_08_352299541,67,0.10344827586206896,97.97979797979798,0.8682020703951517,0.0
C_ColBERT_top4,661905,msmarco_passage_26_186871582,50,0.1956521739130435,96.96969696969697,0.8532893657684326,0.0
C_ColBERT_top4,681645,msmarco_passage_38_542548004,41,0.14705882352941177,100.0,0.8174100120862325,0.0
C_ColBERT_top4,681645,msmarco_passage_07_784479248,48,0.1282051282051282,98.98989898989899,0.8094833691914877,2.0833333333333335
C_ColBERT_top4,681645,msmarco_passage_07_784475446,38,0.2,97.97979797979798,0.8311410744984945,2.6315789473684212
C_ColBERT_top4,681645,msmarco_passage_52_157010218,57,0.1111111111111111,96.96969696969697,0.8330855170885721,0.0
C_ColBERT_top4,688007,msmarco_passage_03_266477381,33,0.10714285714285714,100.0,0.7865586876869202,3.0303030303030303
C_ColBERT_top4,688007,msmarco_passage_33_766598147,55,0.06976744186046512,98.98989898989899,0.8567008972167969,16.363636363636363
C_ColBERT_top4,688007,msmarco_passage_03_266478313,46,0.07692307692307693,96.96969696969697,0.8314884305000305,2.1739130434782608
C_ColBERT_top4,688007,msmarco_passage_31_739159592,49,0.08571428571428572,95.95959595959596,0.8500721603631973,2.0408163265306123
C_ColBERT_top4,707882,msmarco_passage_30_366123879,31,0.16,100.0,0.8758477767308553,6.451612903225806
C_ColBERT_top4,707882,msmarco_passage_08_846998411,68,0.05660377358490566,98.98989898989899,0.8843802611033121,5.882352941176471
C_ColBERT_top4,707882,msmarco_passage_08_847001055,40,0.06060606060606061,97.97979797979798,0.8330455819765726,10.0
C_ColBERT_top4,707882,msmarco_passage_30_366125585,47,0.08108108108108109,95.95959595959596,0.7543738782405853,12.76595744680851
C_ColBERT_top4,764738,msmarco_passage_25_498432234,56,0.13513513513513514,100.0,0.8058774272600809,1.7857142857142858
C_ColBERT_top4,764738,msmarco_passage_40_512427116,46,0.1111111111111111,98.98989898989899,0.9045029679934183,17.391304347826086
C_ColBERT_top4,764738,msmarco_passage_17_501552228,43,0.17857142857142858,96.96969696969697,0.8650557001431783,2.3255813953488373
C_ColBERT_top4,764738,msmarco_passage_25_498024196,54,0.15625,94.94949494949495,0.8513116836547852,9.25925925925926
C_ColBERT_top4,806694,msmarco_passage_61_123799590,16,0.42105263157894735,100.0,0.8314807216326395,12.5
C_ColBERT_top4,806694,msmarco_passage_68_793393632,74,0.11290322580645161,98.98989898989899,0.7433619499206543,14.864864864864865
C_ColBERT_top4,806694,msmarco_passage_03_862597299,47,0.16216216216216217,97.97979797979798,0.8467618227005005,12.76595744680851
C_ColBERT_top4,806694,msmarco_passage_35_352621632,55,0.0851063829787234,96.96969696969697,0.8462100227673849,21.818181818181817
C_ColBERT_top4,818583,msmarco_passage_38_498013421,49,0.2903225806451613,100.0,0.8922439614931742,6.122448979591836
C_ColBERT_top4,818583,msmarco_passage_14_602333503,53,0.22580645161290322,98.98989898989899,0.9189979036649069,11.320754716981131
C_ColBERT_top4,818583,msmarco_passage_14_602257483,45,0.13513513513513514,97.97979797979798,0.9400891661643982,6.666666666666667
C_ColBERT_top4,818583,msmarco_passage_38_492156110,55,0.1891891891891892,95.95959595959596,0.8908073902130127,10.909090909090908
C_ColBERT_top4,832573,msmarco_passage_24_205403578,29,0.0625,100.0,0.8333080808321635,6.896551724137931
C_ColBERT_top4,832573,msmarco_passage_48_735882301,41,0.16129032258064516,98.98989898989899,0.8779572248458862,7.317073170731708
C_ColBERT_top4,832573,msmarco_passage_36_760432315,30,0.06060606060606061,96.96969696969697,0.8190549413363138,3.3333333333333335
C_ColBERT_top4,832573,msmarco_passage_36_856824266,30,0.13636363636363635,95.95959595959596,0.833512544631958,0.0
C_ColBERT_top4,835760,msmarco_passage_15_588172240,48,0.16216216216216217,100.0,0.9042719602584839,4.166666666666667
C_ColBERT_top4,835760,msmarco_passage_29_482632351,34,0.21428571428571427,98.98989898989899,0.905962606271108,5.882352941176471
C_ColBERT_top4,835760,msmarco_passage_04_156883639,67,0.2631578947368421,97.97979797979798,0.9024943510691324,1.492537313432836
C_ColBERT_top4,835760,msmarco_passage_28_781805823,51,0.1794871794871795,96.96969696969697,0.8562411268552145,5.882352941176471
C_ColBERT_top4,845121,msmarco_passage_18_309798117,46,0.19444444444444445,100.0,0.8661530017852783,8.695652173913043
C_ColBERT_top4,845121,msmarco_passage_52_246108062,44,0.23333333333333334,98.98989898989899,0.8869258960088094,13.636363636363637
C_ColBERT_top4,845121,msmarco_passage_34_59598021,40,0.2222222222222222,97.97979797979798,0.9146905342737833,12.5
C_ColBERT_top4,845121,msmarco_passage_01_649801203,40,0.24,96.96969696969697,0.889086127281189,17.5
C_ColBERT_top4,935353,msmarco_passage_01_116824619,66,0.08771929824561403,100.0,0.895955502986908,19.696969696969695
C_ColBERT_top4,935353,msmarco_passage_45_272090219,42,0.16216216216216217,97.97979797979798,0.8550251126289368,21.428571428571427
C_ColBERT_top4,935353,msmarco_passage_27_782235490,47,0.11904761904761904,96.96969696969697,0.8508747617403666,23.404255319148938
C_ColBERT_top4,935353,msmarco_passage_03_399019105,93,0.1076923076923077,95.95959595959596,0.8582312017679214,15.053763440860216
C_ColBERT_top4,935964,msmarco_passage_54_800252753,38,0.17647058823529413,100.0,0.9348519643147787,15.789473684210526
C_ColBERT_top4,935964,msmarco_passage_03_424881978,55,0.13333333333333333,98.98989898989899,0.9424712459246317,12.727272727272727
C_ColBERT_top4,935964,msmarco_passage_67_44904878,51,0.18604651162790697,96.96969696969697,0.9085071484247843,17.647058823529413
C_ColBERT_top4,935964,msmarco_passage_31_370485379,45,0.13157894736842105,94.94949494949495,0.8102464228868484,13.333333333333334
C_ColBERT_top4,952262,msmarco_passage_04_375241745,47,0.30303030303030304,100.0,1.0,8.51063829787234
C_ColBERT_top4,952262,msmarco_passage_54_265700064,43,0.2727272727272727,95.95959595959596,0.9112849831581116,4.651162790697675
C_ColBERT_top4,952262,msmarco_passage_38_632156574,64,0.25,94.94949494949495,0.9000821113586426,4.6875
C_ColBERT_top4,952262,msmarco_passage_42_857904295,59,0.21739130434782608,92.92929292929293,0.8333074450492859,6.779661016949152
C_ColBERT_top4,952284,msmarco_passage_30_313376847,55,0.21875,100.0,0.7807036439577738,7.2727272727272725
C_ColBERT_top4,952284,msmarco_passage_22_850847499,70,0.16666666666666666,98.98989898989899,0.7851070761680603,4.285714285714286
C_ColBERT_top4,952284,msmarco_passage_32_132398653,48,0.15217391304347827,97.97979797979798,0.779884914557139,6.25
C_ColBERT_top4,952284,msmarco_passage_38_844695644,52,0.19047619047619047,96.96969696969697,0.7389163374900818,1.9230769230769231
C_ColBERT_top4,975079,msmarco_passage_34_122507568,81,0.06779661016949153,100.0,0.8756202260653178,22.22222222222222
C_ColBERT_top4,975079,msmarco_passage_68_160730821,79,0.08,98.98989898989899,0.8569969534873962,10.126582278481013
C_ColBERT_top4,975079,msmarco_passage_19_577300446,44,0.10526315789473684,97.97979797979798,0.9155826568603516,13.636363636363637
C_ColBERT_top4,975079,msmarco_passage_04_428426158,56,0.09523809523809523,94.94949494949495,0.8930617868900299,17.857142857142858
D_Broader_Pool,2082,msmarco_passage_30_709623997,35,0.1282051282051282,100.0,,11.428571428571429
D_Broader_Pool,2082,msmarco_passage_64_431617227,53,0.12,98.98989898989899,,3.7735849056603774
D_Broader_Pool,2082,msmarco_passage_45_632929045,55,0.10204081632653061,97.97979797979798,,9.090909090909092
D_Broader_Pool,2082,msmarco_passage_45_623131157,45,0.16666666666666666,96.96969696969697,,11.11111111111111
D_Broader_Pool,2082,msmarco_passage_26_846132892,54,0.11764705882352941,95.95959595959596,,3.7037037037037037
D_Broader_Pool,2082,msmarco_passage_02_77630808,54,0.11764705882352941,94.94949494949495,,3.7037037037037037
D_Broader_Pool,2082,msmarco_passage_10_673115327,56,0.16666666666666666,93.93939393939394,,3.5714285714285716
D_Broader_Pool,2082,msmarco_passage_39_461879190,68,0.10526315789473684,92.92929292929293,,4.411764705882353
D_Broader_Pool,2082,msmarco_passage_13_136821179,46,0.11363636363636363,91.91919191919192,,4.3478260869565215
D_Broader_Pool,2082,msmarco_passage_40_137452930,38,0.11904761904761904,90.9090909090909,,2.6315789473684212
D_Broader_Pool,2082,msmarco_passage_44_462432502,50,0.11363636363636363,89.8989898989899,,4.0
D_Broader_Pool,2082,msmarco_passage_55_738286358,49,0.15555555555555556,88.88888888888889,,2.0408163265306123
D_Broader_Pool,2082,msmarco_passage_68_48591780,54,0.13953488372093023,87.87878787878788,,3.7037037037037037
D_Broader_Pool,2082,msmarco_passage_44_461409698,56,0.16326530612244897,86.86868686868688,,5.357142857142857
D_Broader_Pool,2082,msmarco_passage_10_669572296,44,0.17073170731707318,85.85858585858585,,2.272727272727273
D_Broader_Pool,2082,msmarco_passage_66_702392512,44,0.17073170731707318,84.84848484848484,,2.272727272727273
D_Broader_Pool,2082,msmarco_passage_10_669481249,44,0.17073170731707318,83.83838383838383,,2.272727272727273
D_Broader_Pool,2082,msmarco_passage_66_708619074,58,0.14285714285714285,82.82828282828282,,3.4482758620689653
D_Broader_Pool,2082,msmarco_passage_30_608937387,51,0.1111111111111111,81.81818181818181,,7.8431372549019605
D_Broader_Pool,2082,msmarco_passage_02_645296948,44,0.14285714285714285,80.8080808080808,,2.272727272727273
D_Broader_Pool,2082,msmarco_passage_02_179210433,50,0.14893617021276595,79.7979797979798,,6.0
D_Broader_Pool,2082,msmarco_passage_02_215970697,50,0.14893617021276595,78.78787878787878,,6.0
D_Broader_Pool,2082,msmarco_passage_27_502238343,50,0.14893617021276595,77.77777777777779,,6.0
D_Broader_Pool,2082,msmarco_passage_29_164562769,48,0.13333333333333333,76.76767676767678,,4.166666666666667
D_Broader_Pool,2082,msmarco_passage_15_602878005,44,0.17647058823529413,75.75757575757575,,6.818181818181818
D_Broader_Pool,2082,msmarco_passage_15_590358302,44,0.17647058823529413,74.74747474747474,,6.818181818181818
D_Broader_Pool,2082,msmarco_passage_15_563430484,44,0.17647058823529413,73.73737373737373,,6.818181818181818
D_Broader_Pool,2082,msmarco_passage_49_487162093,60,0.16326530612244897,72.72727272727273,,3.3333333333333335
D_Broader_Pool,2082,msmarco_passage_26_847195118,57,0.14285714285714285,71.71717171717171,,5.2631578947368425
D_Broader_Pool,2082,msmarco_passage_08_672756935,81,0.13793103448275862,70.70707070707071,,12.345679012345679
D_Broader_Pool,2082,msmarco_passage_49_486599463,48,0.13636363636363635,69.6969696969697,,4.166666666666667
D_Broader_Pool,2082,msmarco_passage_49_487167527,48,0.13636363636363635,68.68686868686868,,4.166666666666667
D_Broader_Pool,2082,msmarco_passage_04_94071710,73,0.07017543859649122,67.67676767676767,,8.219178082191782
D_Broader_Pool,2082,msmarco_passage_37_336752759,53,0.17073170731707318,66.66666666666667,,3.7735849056603774
D_Broader_Pool,2082,msmarco_passage_61_171511063,57,0.1590909090909091,65.65656565656566,,10.526315789473685
D_Broader_Pool,2082,msmarco_passage_61_171492944,57,0.1590909090909091,64.64646464646464,,10.526315789473685
D_Broader_Pool,2082,msmarco_passage_57_535171510,55,0.09615384615384616,63.63636363636363,,1.8181818181818181
D_Broader_Pool,2082,msmarco_passage_04_281815983,44,0.14634146341463414,62.62626262626263,,4.545454545454546
D_Broader_Pool,2082,msmarco_passage_04_281825460,44,0.14634146341463414,61.61616161616161,,4.545454545454546
D_Broader_Pool,2082,msmarco_passage_04_281806506,44,0.14634146341463414,60.60606060606061,,4.545454545454546
D_Broader_Pool,2082,msmarco_passage_38_414866952,44,0.16279069767441862,59.5959595959596,,6.818181818181818
D_Broader_Pool,2082,msmarco_passage_06_769107145,38,0.16666666666666666,58.58585858585859,,7.894736842105263
D_Broader_Pool,2082,msmarco_passage_24_216904897,38,0.16666666666666666,57.57575757575757,,7.894736842105263
D_Broader_Pool,2082,msmarco_passage_48_777502894,38,0.16666666666666666,56.56565656565656,,7.894736842105263
D_Broader_Pool,2082,msmarco_passage_10_673366077,51,0.125,55.55555555555556,,3.9215686274509802
D_Broader_Pool,2082,msmarco_passage_37_220671067,52,0.14285714285714285,54.54545454545454,,5.769230769230769
D_Broader_Pool,2082,msmarco_passage_24_169139765,45,0.16279069767441862,53.535353535353536,,2.2222222222222223
D_Broader_Pool,2082,msmarco_passage_24_132569288,45,0.16279069767441862,52.52525252525253,,2.2222222222222223
D_Broader_Pool,2082,msmarco_passage_24_115356547,45,0.16279069767441862,51.515151515151516,,2.2222222222222223
D_Broader_Pool,2082,msmarco_passage_24_131421371,45,0.16279069767441862,50.5050505050505,,2.2222222222222223
D_Broader_Pool,2082,msmarco_passage_07_693339166,45,0.16279069767441862,49.494949494949495,,2.2222222222222223
D_Broader_Pool,2082,msmarco_passage_24_124648822,45,0.16279069767441862,48.484848484848484,,2.2222222222222223
D_Broader_Pool,2082,msmarco_passage_07_668691835,45,0.16279069767441862,47.47474747474747,,2.2222222222222223
D_Broader_Pool,2082,msmarco_passage_66_708607265,54,0.17647058823529413,46.464646464646464,,1.8518518518518519
D_Broader_Pool,2082,msmarco_passage_31_566103947,48,0.1891891891891892,45.45454545454546,,6.25
D_Broader_Pool,2082,msmarco_passage_44_700568174,50,0.14285714285714285,44.44444444444444,,4.0
D_Broader_Pool,2082,msmarco_passage_07_668692692,43,0.15555555555555556,43.43434343434344,,2.3255813953488373
D_Broader_Pool,2082,msmarco_passage_24_115357404,43,0.15555555555555556,42.42424242424242,,2.3255813953488373
D_Broader_Pool,2082,msmarco_passage_07_693340025,43,0.15555555555555556,41.41414141414141,,2.3255813953488373
D_Broader_Pool,2082,msmarco_passage_24_124649679,43,0.15555555555555556,40.40404040404041,,2.3255813953488373
D_Broader_Pool,2082,msmarco_passage_24_131422228,43,0.15555555555555556,39.39393939393939,,2.3255813953488373
D_Broader_Pool,2082,msmarco_passage_24_132570145,43,0.15555555555555556,38.38383838383839,,2.3255813953488373
D_Broader_Pool,2082,msmarco_passage_24_169140622,43,0.15555555555555556,37.37373737373737,,2.3255813953488373
D_Broader_Pool,2082,msmarco_passage_37_218307932,45,0.12195121951219512,36.36363636363637,,4.444444444444445
D_Broader_Pool,2082,msmarco_passage_37_336748254,55,0.13333333333333333,35.35353535353535,,10.909090909090908
D_Broader_Pool,2082,msmarco_passage_11_67024711,55,0.12,34.34343434343434,,3.6363636363636362
D_Broader_Pool,2082,msmarco_passage_48_539417877,56,0.12,33.333333333333336,,5.357142857142857
D_Broader_Pool,2082,msmarco_passage_37_336546592,47,0.14893617021276595,32.32323232323232,,6.382978723404255
D_Broader_Pool,2082,msmarco_passage_03_308010621,49,0.1111111111111111,31.313131313131315,,6.122448979591836
D_Broader_Pool,2082,msmarco_passage_41_170486272,56,0.09615384615384616,30.303030303030297,,12.5
D_Broader_Pool,2082,msmarco_passage_22_256176072,56,0.1276595744680851,29.292929292929294,,0.0
D_Broader_Pool,2082,msmarco_passage_22_534539976,46,0.17391304347826086,28.282828282828287,,4.3478260869565215
D_Broader_Pool,2082,msmarco_passage_65_783016699,44,0.1276595744680851,27.27272727272727,,2.272727272727273
D_Broader_Pool,2082,msmarco_passage_34_93901849,46,0.06,26.262626262626267,,6.521739130434782
D_Broader_Pool,2082,msmarco_passage_48_544808271,53,0.1111111111111111,25.25252525252525,,1.8867924528301887
D_Broader_Pool,2082,msmarco_passage_06_728442920,53,0.1111111111111111,24.242424242424242,,1.8867924528301887
D_Broader_Pool,2082,msmarco_passage_07_123296727,54,0.125,23.23232323232324,,0.0
D_Broader_Pool,2082,msmarco_passage_39_125029338,45,0.18421052631578946,22.22222222222222,,4.444444444444445
D_Broader_Pool,2082,msmarco_passage_60_188502221,51,0.125,21.212121212121215,,0.0
D_Broader_Pool,2082,msmarco_passage_48_593692065,58,0.05357142857142857,20.2020202020202,,5.172413793103448
D_Broader_Pool,2082,msmarco_passage_53_564392719,60,0.11538461538461539,19.191919191919194,,6.666666666666667
D_Broader_Pool,2082,msmarco_passage_53_692238347,65,0.09615384615384616,18.181818181818176,,6.153846153846154
D_Broader_Pool,2082,msmarco_passage_04_94070926,54,0.12,17.17171717171717,,1.8518518518518519
D_Broader_Pool,2082,msmarco_passage_53_588973533,49,0.14634146341463414,16.161616161616166,,2.0408163265306123
D_Broader_Pool,2082,msmarco_passage_57_814341505,70,0.06896551724137931,15.151515151515149,,8.571428571428571
D_Broader_Pool,2082,msmarco_passage_28_625525754,34,0.17142857142857143,14.141414141414144,,0.0
D_Broader_Pool,2082,msmarco_passage_47_611882979,48,0.11627906976744186,13.131313131313128,,0.0
D_Broader_Pool,2082,msmarco_passage_48_591410873,62,0.07272727272727272,12.121212121212121,,0.0
D_Broader_Pool,2082,msmarco_passage_48_592418005,62,0.07272727272727272,11.111111111111116,,0.0
D_Broader_Pool,2082,msmarco_passage_39_714339196,73,0.06382978723404255,10.1010101010101,,4.109589041095891
D_Broader_Pool,2082,msmarco_passage_29_458776515,40,0.12195121951219512,9.090909090909093,,7.5
D_Broader_Pool,2082,msmarco_passage_48_591406582,52,0.12,8.080808080808078,,0.0
D_Broader_Pool,2082,msmarco_passage_48_592413714,52,0.12,7.070707070707072,,0.0
D_Broader_Pool,2082,msmarco_passage_43_494102932,57,0.1111111111111111,6.060606060606055,,3.508771929824561
D_Broader_Pool,2082,msmarco_passage_48_544777559,53,0.11904761904761904,5.05050505050505,,0.0
D_Broader_Pool,2082,msmarco_passage_24_52598713,53,0.11904761904761904,4.040404040404044,,0.0
D_Broader_Pool,2082,msmarco_passage_06_728430886,53,0.11904761904761904,3.0303030303030276,,0.0
D_Broader_Pool,2082,msmarco_passage_15_399504985,57,0.07272727272727272,2.020202020202022,,0.0
D_Broader_Pool,2082,msmarco_passage_00_619580409,57,0.07272727272727272,1.0101010101010055,,0.0
D_Broader_Pool,2082,msmarco_passage_08_423967280,42,0.16666666666666666,0.0,,7.142857142857143
D_Broader_Pool,23287,msmarco_passage_02_500358436,63,0.125,100.0,,0.0
D_Broader_Pool,23287,msmarco_passage_37_406984666,53,0.08888888888888889,98.98989898989899,,3.7735849056603774
D_Broader_Pool,23287,msmarco_passage_03_866773755,53,0.08888888888888889,97.97979797979798,,3.7735849056603774
D_Broader_Pool,23287,msmarco_passage_03_866761012,53,0.08888888888888889,96.96969696969697,,3.7735849056603774
D_Broader_Pool,23287,msmarco_passage_03_865281718,53,0.08888888888888889,95.95959595959596,,3.7735849056603774
D_Broader_Pool,23287,msmarco_passage_03_865272429,59,0.08163265306122448,94.94949494949495,,0.0
D_Broader_Pool,23287,msmarco_passage_03_866751723,59,0.08163265306122448,93.93939393939394,,0.0
D_Broader_Pool,23287,msmarco_passage_03_866764466,59,0.08163265306122448,92.92929292929293,,0.0
D_Broader_Pool,23287,msmarco_passage_37_406975398,59,0.08163265306122448,91.91919191919192,,0.0
D_Broader_Pool,23287,msmarco_passage_26_607486542,48,0.12195121951219512,90.9090909090909,,0.0
D_Broader_Pool,23287,msmarco_passage_52_19590082,26,0.16666666666666666,89.8989898989899,,15.384615384615385
D_Broader_Pool,23287,msmarco_passage_42_184648743,54,0.12,88.88888888888889,,0.0
D_Broader_Pool,23287,msmarco_passage_11_422302183,76,0.09433962264150944,87.87878787878788,,0.0
D_Broader_Pool,23287,msmarco_passage_52_107459832,46,0.0625,86.86868686868688,,0.0
D_Broader_Pool,23287,msmarco_passage_02_500355930,38,0.12903225806451613,85.85858585858585,,0.0
D_Broader_Pool,23287,msmarco_passage_45_756420866,64,0.07692307692307693,84.84848484848484,,1.5625
D_Broader_Pool,23287,msmarco_passage_26_586658040,92,0.0847457627118644,83.83838383838383,,0.0
D_Broader_Pool,23287,msmarco_passage_55_523253961,43,0.15,82.82828282828282,,2.3255813953488373
D_Broader_Pool,23287,msmarco_passage_26_607486955,52,0.11904761904761904,81.81818181818181,,1.9230769230769231
D_Broader_Pool,23287,msmarco_passage_64_515534022,60,0.09302325581395349,80.8080808080808,,1.6666666666666667
D_Broader_Pool,23287,msmarco_passage_46_455943461,56,0.1388888888888889,79.7979797979798,,0.0
D_Broader_Pool,23287,msmarco_passage_04_101923352,55,0.1,78.78787878787878,,7.2727272727272725
D_Broader_Pool,23287,msmarco_passage_55_523249144,55,0.1590909090909091,77.77777777777779,,7.2727272727272725
D_Broader_Pool,23287,msmarco_passage_00_811362170,73,0.14035087719298245,76.76767676767678,,1.36986301369863
D_Broader_Pool,23287,msmarco_passage_00_811362771,51,0.1276595744680851,75.75757575757575,,3.9215686274509802
D_Broader_Pool,23287,msmarco_passage_00_811354181,75,0.1276595744680851,74.74747474747474,,1.3333333333333333
D_Broader_Pool,23287,msmarco_passage_08_487720875,48,0.11904761904761904,73.73737373737373,,2.0833333333333335
D_Broader_Pool,23287,msmarco_passage_55_523244708,49,0.13953488372093023,72.72727272727273,,0.0
D_Broader_Pool,23287,msmarco_passage_00_811364025,49,0.13953488372093023,71.71717171717171,,0.0
D_Broader_Pool,23287,msmarco_passage_55_523250853,56,0.1276595744680851,70.70707070707071,,23.214285714285715
D_Broader_Pool,23287,msmarco_passage_55_523197995,48,0.11904761904761904,69.6969696969697,,2.0833333333333335
D_Broader_Pool,23287,msmarco_passage_62_187711450,86,0.13114754098360656,68.68686868686868,,0.0
D_Broader_Pool,23287,msmarco_passage_55_523245555,79,0.12962962962962962,67.67676767676767,,1.2658227848101267
D_Broader_Pool,23287,msmarco_passage_62_725076999,76,0.11538461538461539,66.66666666666667,,1.3157894736842106
D_Broader_Pool,23287,msmarco_passage_32_72305075,76,0.09803921568627451,65.65656565656566,,3.9473684210526314
D_Broader_Pool,23287,msmarco_passage_38_511023606,60,0.14285714285714285,64.64646464646464,,1.6666666666666667
D_Broader_Pool,23287,msmarco_passage_59_134694538,60,0.14285714285714285,63.63636363636363,,1.6666666666666667
D_Broader_Pool,23287,msmarco_passage_03_866752270,44,0.11428571428571428,62.62626262626263,,4.545454545454546
D_Broader_Pool,23287,msmarco_passage_03_865272976,44,0.11428571428571428,61.61616161616161,,4.545454545454546
D_Broader_Pool,23287,msmarco_passage_37_406975944,44,0.11428571428571428,60.60606060606061,,4.545454545454546
D_Broader_Pool,23287,msmarco_passage_03_866765013,44,0.11428571428571428,59.5959595959596,,4.545454545454546
D_Broader_Pool,23287,msmarco_passage_45_858599429,85,0.11764705882352941,58.58585858585859,,2.3529411764705883
D_Broader_Pool,23287,msmarco_passage_45_858670732,85,0.11764705882352941,57.57575757575757,,2.3529411764705883
D_Broader_Pool,23287,msmarco_passage_38_376862727,51,0.08108108108108109,56.56565656565656,,1.9607843137254901
D_Broader_Pool,23287,msmarco_passage_24_711477760,47,0.10526315789473684,55.55555555555556,,0.0
D_Broader_Pool,23287,msmarco_passage_31_543339733,49,0.11904761904761904,54.54545454545454,,4.081632653061225
D_Broader_Pool,23287,msmarco_passage_31_818053180,51,0.09523809523809523,53.535353535353536,,0.0
D_Broader_Pool,23287,msmarco_passage_22_691904124,56,0.075,52.52525252525253,,12.5
D_Broader_Pool,23287,msmarco_passage_22_691943558,56,0.075,51.515151515151516,,12.5
D_Broader_Pool,23287,msmarco_passage_37_720698680,39,0.07692307692307693,50.5050505050505,,5.128205128205129
D_Broader_Pool,23287,msmarco_passage_54_300216711,46,0.06976744186046512,49.494949494949495,,2.1739130434782608
D_Broader_Pool,23287,msmarco_passage_25_702928253,41,0.13157894736842105,48.484848484848484,,4.878048780487805
D_Broader_Pool,23287,msmarco_passage_31_818054443,51,0.13953488372093023,47.47474747474747,,0.0
D_Broader_Pool,23287,msmarco_passage_02_719226714,41,0.08333333333333333,46.464646464646464,,0.0
D_Broader_Pool,23287,msmarco_passage_03_270784492,54,0.06976744186046512,45.45454545454546,,5.555555555555555
D_Broader_Pool,23287,msmarco_passage_17_240099997,57,0.10869565217391304,44.44444444444444,,0.0
D_Broader_Pool,23287,msmarco_passage_38_678706905,75,0.0784313725490196,43.43434343434344,,0.0
D_Broader_Pool,23287,msmarco_passage_64_515539058,52,0.07142857142857142,42.42424242424242,,1.9230769230769231
D_Broader_Pool,23287,msmarco_passage_02_371479656,53,0.10810810810810811,41.41414141414141,,1.8867924528301887
D_Broader_Pool,23287,msmarco_passage_55_523253056,59,0.1111111111111111,40.40404040404041,,1.694915254237288
D_Broader_Pool,23287,msmarco_passage_00_811359731,48,0.09523809523809523,39.39393939393939,,4.166666666666667
D_Broader_Pool,23287,msmarco_passage_09_76308154,50,0.0851063829787234,38.38383838383839,,2.0
D_Broader_Pool,23287,msmarco_passage_62_724621357,36,0.125,37.37373737373737,,0.0
D_Broader_Pool,23287,msmarco_passage_62_725077540,48,0.12195121951219512,36.36363636363637,,0.0
D_Broader_Pool,23287,msmarco_passage_31_818054000,56,0.10869565217391304,35.35353535353535,,5.357142857142857
D_Broader_Pool,23287,msmarco_passage_16_707291644,122,0.047619047619047616,34.34343434343434,,9.01639344262295
D_Broader_Pool,23287,msmarco_passage_17_234501315,54,0.09523809523809523,33.333333333333336,,0.0
D_Broader_Pool,23287,msmarco_passage_06_548613675,59,0.12195121951219512,32.32323232323232,,0.0
D_Broader_Pool,23287,msmarco_passage_63_651538608,50,0.10810810810810811,31.313131313131315,,0.0
D_Broader_Pool,23287,msmarco_passage_68_30625405,48,0.1282051282051282,30.303030303030297,,0.0
D_Broader_Pool,23287,msmarco_passage_61_326798154,55,0.13953488372093023,29.292929292929294,,0.0
D_Broader_Pool,23287,msmarco_passage_31_175079175,49,0.09375,28.282828282828287,,6.122448979591836
D_Broader_Pool,23287,msmarco_passage_52_250702766,47,0.07142857142857142,27.27272727272727,,0.0
D_Broader_Pool,23287,msmarco_passage_52_158309266,59,0.11363636363636363,26.262626262626267,,1.694915254237288
D_Broader_Pool,23287,msmarco_passage_07_594655665,42,0.16129032258064516,25.25252525252525,,0.0
D_Broader_Pool,23287,msmarco_passage_41_589124833,54,0.07142857142857142,24.242424242424242,,1.8518518518518519
D_Broader_Pool,23287,msmarco_passage_30_613745622,37,0.12903225806451613,23.23232323232324,,0.0
D_Broader_Pool,23287,msmarco_passage_31_53518847,76,0.1,22.22222222222222,,0.0
D_Broader_Pool,23287,msmarco_passage_46_865499799,76,0.1,21.212121212121215,,0.0
D_Broader_Pool,23287,msmarco_passage_45_658324881,53,0.09090909090909091,20.2020202020202,,1.8867924528301887
D_Broader_Pool,23287,msmarco_passage_03_270780039,53,0.1,19.191919191919194,,7.547169811320755
D_Broader_Pool,23287,msmarco_passage_11_422275427,49,0.0975609756097561,18.181818181818176,,2.0408163265306123
D_Broader_Pool,23287,msmarco_passage_09_193997135,50,0.11904761904761904,17.17171717171717,,10.0
D_Broader_Pool,23287,msmarco_passage_37_720571332,72,0.09615384615384616,16.161616161616166,,4.166666666666667
D_Broader_Pool,23287,msmarco_passage_33_59827875,55,0.07894736842105263,15.151515151515149,,0.0
D_Broader_Pool,23287,msmarco_passage_09_76334687,42,0.09375,14.141414141414144,,0.0
D_Broader_Pool,23287,msmarco_passage_25_701960361,47,0.07692307692307693,13.131313131313128,,4.25531914893617
D_Broader_Pool,23287,msmarco_passage_30_105557029,48,0.16216216216216217,12.121212121212121,,0.0
D_Broader_Pool,23287,msmarco_passage_25_703497698,54,0.11363636363636363,11.111111111111116,,7.407407407407407
D_Broader_Pool,23287,msmarco_passage_25_703872082,42,0.08333333333333333,10.1010101010101,,9.523809523809524
D_Broader_Pool,23287,msmarco_passage_25_703334613,53,0.11627906976744186,9.090909090909093,,9.433962264150944
D_Broader_Pool,23287,msmarco_passage_38_511341225,53,0.10526315789473684,8.080808080808078,,3.7735849056603774
D_Broader_Pool,23287,msmarco_passage_44_124617275,63,0.0975609756097561,7.070707070707072,,1.5873015873015872
D_Broader_Pool,23287,msmarco_passage_44_124616779,53,0.1,6.060606060606055,,3.7735849056603774
D_Broader_Pool,23287,msmarco_passage_24_864911870,55,0.12244897959183673,5.05050505050505,,0.0
D_Broader_Pool,23287,msmarco_passage_65_406558951,44,0.10526315789473684,4.040404040404044,,6.818181818181818
D_Broader_Pool,23287,msmarco_passage_01_863886974,80,0.07272727272727272,3.0303030303030276,,8.75
D_Broader_Pool,23287,msmarco_passage_25_702746033,52,0.10526315789473684,2.020202020202022,,7.6923076923076925
D_Broader_Pool,23287,msmarco_passage_59_659640227,49,0.10810810810810811,1.0101010101010055,,2.0408163265306123
D_Broader_Pool,23287,msmarco_passage_38_543634328,38,0.06451612903225806,0.0,,13.157894736842104
D_Broader_Pool,30611,msmarco_passage_11_59934478,66,0.13636363636363635,100.0,,10.606060606060606
D_Broader_Pool,30611,msmarco_passage_01_436571677,53,0.13953488372093023,98.98989898989899,,11.320754716981131
D_Broader_Pool,30611,msmarco_passage_02_448906411,89,0.125,97.97979797979798,,16.853932584269664
D_Broader_Pool,30611,msmarco_passage_11_59936302,62,0.125,96.96969696969697,,17.741935483870968
D_Broader_Pool,30611,msmarco_passage_11_59933115,79,0.11538461538461539,95.95959595959596,,16.455696202531644
D_Broader_Pool,30611,msmarco_passage_58_752701097,32,0.14814814814814814,94.94949494949495,,15.625
D_Broader_Pool,30611,msmarco_passage_07_94355630,50,0.16129032258064516,93.93939393939394,,16.0
D_Broader_Pool,30611,msmarco_passage_11_308282957,57,0.10204081632653061,92.92929292929293,,17.54385964912281
D_Broader_Pool,30611,msmarco_passage_11_59934964,51,0.16666666666666666,91.91919191919192,,17.647058823529413
D_Broader_Pool,30611,msmarco_passage_23_864601995,55,0.08108108108108109,90.9090909090909,,10.909090909090908
D_Broader_Pool,30611,msmarco_passage_11_59937269,39,0.2,89.8989898989899,,12.820512820512821
D_Broader_Pool,30611,msmarco_passage_57_689908011,97,0.125,88.88888888888889,,6.185567010309279
D_Broader_Pool,30611,msmarco_passage_45_264750792,55,0.12195121951219512,87.87878787878788,,10.909090909090908
D_Broader_Pool,30611,msmarco_passage_06_602702567,64,0.09803921568627451,86.86868686868688,,9.375
D_Broader_Pool,30611,msmarco_passage_48_75875253,64,0.09803921568627451,85.85858585858585,,9.375
D_Broader_Pool,30611,msmarco_passage_11_308350169,47,0.09302325581395349,84.84848484848484,,4.25531914893617
D_Broader_Pool,30611,msmarco_passage_30_590351057,62,0.13636363636363635,83.83838383838383,,9.67741935483871
D_Broader_Pool,30611,msmarco_passage_68_19987965,54,0.14634146341463414,82.82828282828282,,11.11111111111111
D_Broader_Pool,30611,msmarco_passage_51_365746140,42,0.19230769230769232,81.81818181818181,,19.047619047619047
D_Broader_Pool,30611,msmarco_passage_02_448916602,56,0.1282051282051282,80.8080808080808,,10.714285714285714
D_Broader_Pool,30611,msmarco_passage_43_3840163,71,0.11538461538461539,79.7979797979798,,12.67605633802817
D_Broader_Pool,30611,msmarco_passage_02_648878058,73,0.10869565217391304,78.78787878787878,,12.32876712328767
D_Broader_Pool,30611,msmarco_passage_28_581375995,55,0.09302325581395349,77.77777777777779,,7.2727272727272725
D_Broader_Pool,30611,msmarco_passage_04_287901958,97,0.08695652173913043,76.76767676767678,,10.309278350515465
D_Broader_Pool,30611,msmarco_passage_11_59935812,62,0.11363636363636363,75.75757575757575,,16.129032258064516
D_Broader_Pool,30611,msmarco_passage_63_434339571,38,0.20833333333333334,74.74747474747474,,13.157894736842104
D_Broader_Pool,30611,msmarco_passage_06_239184541,48,0.21428571428571427,73.73737373737373,,8.333333333333334
D_Broader_Pool,30611,msmarco_passage_45_589342591,48,0.21428571428571427,72.72727272727273,,8.333333333333334
D_Broader_Pool,30611,msmarco_passage_66_773193685,58,0.11627906976744186,71.71717171717171,,10.344827586206897
D_Broader_Pool,30611,msmarco_passage_14_243076180,43,0.14285714285714285,70.70707070707071,,11.627906976744185
D_Broader_Pool,30611,msmarco_passage_68_137053497,57,0.1282051282051282,69.6969696969697,,10.526315789473685
D_Broader_Pool,30611,msmarco_passage_08_467648073,61,0.12903225806451613,68.68686868686868,,16.39344262295082
D_Broader_Pool,30611,msmarco_passage_37_500000413,52,0.15384615384615385,67.67676767676767,,7.6923076923076925
D_Broader_Pool,30611,msmarco_passage_11_308196275,53,0.10416666666666667,66.66666666666667,,13.20754716981132
D_Broader_Pool,30611,msmarco_passage_68_158940617,66,0.1111111111111111,65.65656565656566,,4.545454545454546
D_Broader_Pool,30611,msmarco_passage_30_591624724,46,0.1111111111111111,64.64646464646464,,6.521739130434782
D_Broader_Pool,30611,msmarco_passage_11_59936819,59,0.11904761904761904,63.63636363636363,,15.254237288135593
D_Broader_Pool,30611,msmarco_passage_55_442989675,58,0.13333333333333333,62.62626262626263,,13.793103448275861
D_Broader_Pool,30611,msmarco_passage_15_619583701,55,0.0975609756097561,61.61616161616161,,12.727272727272727
D_Broader_Pool,30611,msmarco_passage_01_358089435,58,0.125,60.60606060606061,,17.24137931034483
D_Broader_Pool,30611,msmarco_passage_07_99995512,83,0.08196721311475409,59.5959595959596,,9.63855421686747
D_Broader_Pool,30611,msmarco_passage_58_388835310,63,0.14285714285714285,58.58585858585859,,23.80952380952381
D_Broader_Pool,30611,msmarco_passage_20_691564718,49,0.1388888888888889,57.57575757575757,,18.367346938775512
D_Broader_Pool,30611,msmarco_passage_19_241483054,54,0.10256410256410256,56.56565656565656,,11.11111111111111
D_Broader_Pool,30611,msmarco_passage_08_519570323,56,0.10869565217391304,55.55555555555556,,16.071428571428573
D_Broader_Pool,30611,msmarco_passage_20_23031688,48,0.13157894736842105,54.54545454545454,,2.0833333333333335
D_Broader_Pool,30611,msmarco_passage_00_570495994,39,0.1724137931034483,53.535353535353536,,12.820512820512821
D_Broader_Pool,30611,msmarco_passage_62_797641797,39,0.1724137931034483,52.52525252525253,,12.820512820512821
D_Broader_Pool,30611,msmarco_passage_18_577081451,53,0.11904761904761904,51.515151515151516,,15.09433962264151
D_Broader_Pool,30611,msmarco_passage_53_119712338,59,0.125,50.5050505050505,,6.779661016949152
D_Broader_Pool,30611,msmarco_passage_22_249062522,59,0.14634146341463414,49.494949494949495,,23.728813559322035
D_Broader_Pool,30611,msmarco_passage_68_158941584,70,0.15,48.484848484848484,,14.285714285714286
D_Broader_Pool,30611,msmarco_passage_21_582904228,59,0.14634146341463414,47.47474747474747,,8.474576271186441
D_Broader_Pool,30611,msmarco_passage_50_667352383,48,0.16666666666666666,46.464646464646464,,8.333333333333334
D_Broader_Pool,30611,msmarco_passage_30_522831673,77,0.1016949152542373,45.45454545454546,,7.792207792207792
D_Broader_Pool,30611,msmarco_passage_20_691450665,45,0.14705882352941177,44.44444444444444,,17.77777777777778
D_Broader_Pool,30611,msmarco_passage_68_4692280,62,0.1111111111111111,43.43434343434344,,9.67741935483871
D_Broader_Pool,30611,msmarco_passage_11_87651770,62,0.1111111111111111,42.42424242424242,,9.67741935483871
D_Broader_Pool,30611,msmarco_passage_07_261367053,49,0.11904761904761904,41.41414141414141,,10.204081632653061
D_Broader_Pool,30611,msmarco_passage_48_431010824,73,0.11904761904761904,40.40404040404041,,12.32876712328767
D_Broader_Pool,30611,msmarco_passage_13_130719779,39,0.15151515151515152,39.39393939393939,,10.256410256410257
D_Broader_Pool,30611,msmarco_passage_51_538103109,56,0.10869565217391304,38.38383838383839,,14.285714285714286
D_Broader_Pool,30611,msmarco_passage_30_330800256,76,0.10416666666666667,37.37373737373737,,10.526315789473685
D_Broader_Pool,30611,msmarco_passage_11_55514266,63,0.13043478260869565,36.36363636363637,,11.11111111111111
D_Broader_Pool,30611,msmarco_passage_68_142151642,50,0.16216216216216217,35.35353535353535,,12.0
D_Broader_Pool,30611,msmarco_passage_01_391093791,50,0.14705882352941177,34.34343434343434,,4.0
D_Broader_Pool,30611,msmarco_passage_13_130721971,53,0.15789473684210525,33.333333333333336,,11.320754716981131
D_Broader_Pool,30611,msmarco_passage_50_667351326,70,0.08620689655172414,32.32323232323232,,10.0
D_Broader_Pool,30611,msmarco_passage_11_308349280,45,0.10256410256410256,31.313131313131315,,2.2222222222222223
D_Broader_Pool,30611,msmarco_passage_40_237267944,56,0.10526315789473684,30.303030303030297,,19.642857142857142
D_Broader_Pool,30611,msmarco_passage_40_398498150,67,0.10869565217391304,29.292929292929294,,16.417910447761194
D_Broader_Pool,30611,msmarco_passage_68_142152443,49,0.18181818181818182,28.282828282828287,,16.3265306122449
D_Broader_Pool,30611,msmarco_passage_60_245505125,51,0.1111111111111111,27.27272727272727,,7.8431372549019605
D_Broader_Pool,30611,msmarco_passage_03_562780144,48,0.1,26.262626262626267,,6.25
D_Broader_Pool,30611,msmarco_passage_66_773160478,70,0.075,25.25252525252525,,20.0
D_Broader_Pool,30611,msmarco_passage_68_158941140,56,0.15789473684210525,24.242424242424242,,12.5
D_Broader_Pool,30611,msmarco_passage_13_130713627,45,0.14285714285714285,23.23232323232324,,15.555555555555555
D_Broader_Pool,30611,msmarco_passage_62_797639705,48,0.15789473684210525,22.22222222222222,,2.0833333333333335
D_Broader_Pool,30611,msmarco_passage_00_570493897,48,0.15789473684210525,21.212121212121215,,2.0833333333333335
D_Broader_Pool,30611,msmarco_passage_11_308352575,54,0.10638297872340426,20.2020202020202,,9.25925925925926
D_Broader_Pool,30611,msmarco_passage_07_41804685,58,0.11904761904761904,19.191919191919194,,15.517241379310345
D_Broader_Pool,30611,msmarco_passage_68_158942542,51,0.15384615384615385,18.181818181818176,,3.9215686274509802
D_Broader_Pool,30611,msmarco_passage_24_619451598,59,0.12195121951219512,17.17171717171717,,3.389830508474576
D_Broader_Pool,30611,msmarco_passage_27_309110946,83,0.10869565217391304,16.161616161616166,,9.63855421686747
D_Broader_Pool,30611,msmarco_passage_01_236713622,61,0.14705882352941177,15.151515151515149,,18.0327868852459
D_Broader_Pool,30611,msmarco_passage_45_821630488,80,0.08333333333333333,14.141414141414144,,12.5
D_Broader_Pool,30611,msmarco_passage_28_343155867,59,0.17142857142857143,13.131313131313128,,10.169491525423728
D_Broader_Pool,30611,msmarco_passage_64_113573787,46,0.16666666666666666,12.121212121212121,,13.043478260869565
D_Broader_Pool,30611,msmarco_passage_00_570492458,44,0.15625,11.111111111111116,,13.636363636363637
D_Broader_Pool,30611,msmarco_passage_62_797638269,44,0.15625,10.1010101010101,,13.636363636363637
D_Broader_Pool,30611,msmarco_passage_68_4698062,54,0.11904761904761904,9.090909090909093,,12.962962962962964
D_Broader_Pool,30611,msmarco_passage_30_706071112,49,0.14705882352941177,8.080808080808078,,10.204081632653061
D_Broader_Pool,30611,msmarco_passage_63_434339209,30,0.19047619047619047,7.070707070707072,,6.666666666666667
D_Broader_Pool,30611,msmarco_passage_66_773158354,92,0.1111111111111111,6.060606060606055,,22.82608695652174
D_Broader_Pool,30611,msmarco_passage_18_578237899,40,0.15625,5.05050505050505,,10.0
D_Broader_Pool,30611,msmarco_passage_30_611323721,44,0.13513513513513514,4.040404040404044,,0.0
D_Broader_Pool,30611,msmarco_passage_17_771044914,38,0.1724137931034483,3.0303030303030276,,10.526315789473685
D_Broader_Pool,30611,msmarco_passage_30_592921623,45,0.13513513513513514,2.020202020202022,,0.0
D_Broader_Pool,30611,msmarco_passage_15_601952517,42,0.16129032258064516,1.0101010101010055,,9.523809523809524
D_Broader_Pool,30611,msmarco_passage_41_580040976,53,0.125,0.0,,18.867924528301888
D_Broader_Pool,112700,msmarco_passage_18_757021196,30,0.10714285714285714,100.0,,13.333333333333334
D_Broader_Pool,112700,msmarco_passage_07_292095541,32,0.13793103448275862,98.98989898989899,,3.125
D_Broader_Pool,112700,msmarco_passage_30_794527402,42,0.1,97.97979797979798,,11.904761904761905
D_Broader_Pool,112700,msmarco_passage_27_631089875,40,0.12121212121212122,96.96969696969697,,17.5
D_Broader_Pool,112700,msmarco_passage_02_165691232,48,0.07142857142857142,95.95959595959596,,8.333333333333334
D_Broader_Pool,112700,msmarco_passage_02_165697584,48,0.07142857142857142,94.94949494949495,,8.333333333333334
D_Broader_Pool,112700,msmarco_passage_27_453468854,48,0.07142857142857142,93.93939393939394,,8.333333333333334
D_Broader_Pool,112700,msmarco_passage_36_792525846,41,0.15384615384615385,92.92929292929293,,2.4390243902439024
D_Broader_Pool,112700,msmarco_passage_53_364338297,42,0.07317073170731707,91.91919191919192,,7.142857142857143
D_Broader_Pool,112700,msmarco_passage_28_560798834,42,0.07317073170731707,90.9090909090909,,7.142857142857143
D_Broader_Pool,112700,msmarco_passage_53_362932511,42,0.07317073170731707,89.8989898989899,,7.142857142857143
D_Broader_Pool,112700,msmarco_passage_45_191385723,59,0.061224489795918366,88.88888888888889,,3.389830508474576
D_Broader_Pool,112700,msmarco_passage_06_242494666,47,0.10810810810810811,87.87878787878788,,6.382978723404255
D_Broader_Pool,112700,msmarco_passage_45_595160987,47,0.10810810810810811,86.86868686868688,,6.382978723404255
D_Broader_Pool,112700,msmarco_passage_21_647207166,19,0.2,85.85858585858585,,10.526315789473685
D_Broader_Pool,112700,msmarco_passage_18_252670451,19,0.2,84.84848484848484,,10.526315789473685
D_Broader_Pool,112700,msmarco_passage_17_330928122,106,0.043478260869565216,83.83838383838383,,16.9811320754717
D_Broader_Pool,112700,msmarco_passage_01_33079142,106,0.043478260869565216,82.82828282828282,,16.9811320754717
D_Broader_Pool,112700,msmarco_passage_56_558076576,25,0.17391304347826086,81.81818181818181,,16.0
D_Broader_Pool,112700,msmarco_passage_30_820452057,41,0.09090909090909091,80.8080808080808,,4.878048780487805
D_Broader_Pool,112700,msmarco_passage_60_224286794,73,0.06896551724137931,79.7979797979798,,9.58904109589041
D_Broader_Pool,112700,msmarco_passage_21_647207525,37,0.08571428571428572,78.78787878787878,,8.108108108108109
D_Broader_Pool,112700,msmarco_passage_18_252670810,37,0.08571428571428572,77.77777777777779,,8.108108108108109
D_Broader_Pool,112700,msmarco_passage_28_560799651,60,0.09090909090909091,76.76767676767678,,10.0
D_Broader_Pool,112700,msmarco_passage_20_717525117,49,0.07142857142857142,75.75757575757575,,6.122448979591836
D_Broader_Pool,112700,msmarco_passage_33_528428380,50,0.08333333333333333,74.74747474747474,,0.0
D_Broader_Pool,112700,msmarco_passage_24_199511587,37,0.15384615384615385,73.73737373737373,,16.216216216216218
D_Broader_Pool,112700,msmarco_passage_25_325374796,30,0.13793103448275862,72.72727272727273,,6.666666666666667
D_Broader_Pool,112700,msmarco_passage_49_484258022,48,0.08108108108108109,71.71717171717171,,10.416666666666666
D_Broader_Pool,112700,msmarco_passage_24_418296768,34,0.0967741935483871,70.70707070707071,,8.823529411764707
D_Broader_Pool,112700,msmarco_passage_24_200608232,44,0.07894736842105263,69.6969696969697,,2.272727272727273
D_Broader_Pool,112700,msmarco_passage_50_69302138,43,0.1111111111111111,68.68686868686868,,9.30232558139535
D_Broader_Pool,112700,msmarco_passage_66_71253864,42,0.1111111111111111,67.67676767676767,,4.761904761904762
D_Broader_Pool,112700,msmarco_passage_24_200606439,43,0.08108108108108109,66.66666666666667,,13.953488372093023
D_Broader_Pool,112700,msmarco_passage_28_560798078,25,0.16,65.65656565656566,,12.0
D_Broader_Pool,112700,msmarco_passage_66_50440529,45,0.10810810810810811,64.64646464646464,,6.666666666666667
D_Broader_Pool,112700,msmarco_passage_65_861132668,45,0.10810810810810811,63.63636363636363,,6.666666666666667
D_Broader_Pool,112700,msmarco_passage_65_797310651,45,0.10810810810810811,62.62626262626263,,6.666666666666667
D_Broader_Pool,112700,msmarco_passage_02_165691731,25,0.12,61.61616161616161,,24.0
D_Broader_Pool,112700,msmarco_passage_53_362929568,36,0.12903225806451613,60.60606060606061,,8.333333333333334
D_Broader_Pool,112700,msmarco_passage_53_364335354,36,0.12903225806451613,59.5959595959596,,8.333333333333334
D_Broader_Pool,112700,msmarco_passage_27_453469353,26,0.12,58.58585858585859,,23.076923076923077
D_Broader_Pool,112700,msmarco_passage_02_165698083,26,0.12,57.57575757575757,,23.076923076923077
D_Broader_Pool,112700,msmarco_passage_60_123550218,72,0.05263157894736842,56.56565656565656,,4.166666666666667
D_Broader_Pool,112700,msmarco_passage_53_411487967,44,0.07142857142857142,55.55555555555556,,9.090909090909092
D_Broader_Pool,112700,msmarco_passage_00_777872823,40,0.08333333333333333,54.54545454545454,,10.0
D_Broader_Pool,112700,msmarco_passage_51_861573006,42,0.1111111111111111,53.535353535353536,,9.523809523809524
D_Broader_Pool,112700,msmarco_passage_60_123551664,26,0.1111111111111111,52.52525252525253,,7.6923076923076925
D_Broader_Pool,112700,msmarco_passage_23_365487328,51,0.10256410256410256,51.515151515151516,,5.882352941176471
D_Broader_Pool,112700,msmarco_passage_01_412090358,51,0.10256410256410256,50.5050505050505,,5.882352941176471
D_Broader_Pool,112700,msmarco_passage_53_364337831,39,0.10810810810810811,49.494949494949495,,7.6923076923076925
D_Broader_Pool,112700,msmarco_passage_53_362932045,39,0.10810810810810811,48.484848484848484,,7.6923076923076925
D_Broader_Pool,112700,msmarco_passage_53_760116594,35,0.09090909090909091,47.47474747474747,,2.857142857142857
D_Broader_Pool,112700,msmarco_passage_28_560797645,35,0.13333333333333333,46.464646464646464,,8.571428571428571
D_Broader_Pool,112700,msmarco_passage_08_134504238,39,0.08571428571428572,45.45454545454546,,2.5641025641025643
D_Broader_Pool,112700,msmarco_passage_02_289767562,40,0.1111111111111111,44.44444444444444,,10.0
D_Broader_Pool,112700,msmarco_passage_00_723246660,110,0.125,43.43434343434344,,30.90909090909091
D_Broader_Pool,112700,msmarco_passage_17_378937737,45,0.08108108108108109,42.42424242424242,,4.444444444444445
D_Broader_Pool,112700,msmarco_passage_17_378943762,30,0.10344827586206896,41.41414141414141,,10.0
D_Broader_Pool,112700,msmarco_passage_06_131004170,66,0.08333333333333333,40.40404040404041,,6.0606060606060606
D_Broader_Pool,112700,msmarco_passage_06_130997345,66,0.08333333333333333,39.39393939393939,,6.0606060606060606
D_Broader_Pool,112700,msmarco_passage_06_130990520,66,0.08333333333333333,38.38383838383839,,6.0606060606060606
D_Broader_Pool,112700,msmarco_passage_45_189564900,66,0.08333333333333333,37.37373737373737,,6.0606060606060606
D_Broader_Pool,112700,msmarco_passage_17_378937360,31,0.1,36.36363636363637,,9.67741935483871
D_Broader_Pool,112700,msmarco_passage_30_498050717,32,0.0967741935483871,35.35353535353535,,6.25
D_Broader_Pool,112700,msmarco_passage_53_362931204,46,0.10256410256410256,34.34343434343434,,6.521739130434782
D_Broader_Pool,112700,msmarco_passage_53_364336990,46,0.10256410256410256,33.333333333333336,,6.521739130434782
D_Broader_Pool,112700,msmarco_passage_50_69300717,37,0.08823529411764706,32.32323232323232,,2.7027027027027026
D_Broader_Pool,112700,msmarco_passage_49_698544872,40,0.08571428571428572,31.313131313131315,,15.0
D_Broader_Pool,112700,msmarco_passage_30_708720880,40,0.12121212121212122,30.303030303030297,,7.5
D_Broader_Pool,112700,msmarco_passage_24_201870059,39,0.11428571428571428,29.292929292929294,,10.256410256410257
D_Broader_Pool,112700,msmarco_passage_30_794526953,41,0.1111111111111111,28.282828282828287,,4.878048780487805
D_Broader_Pool,112700,msmarco_passage_33_813971959,26,0.12,27.27272727272727,,3.8461538461538463
D_Broader_Pool,112700,msmarco_passage_08_152211525,61,0.08163265306122448,26.262626262626267,,11.475409836065573
D_Broader_Pool,112700,msmarco_passage_41_634470133,36,0.09375,25.25252525252525,,8.333333333333334
D_Broader_Pool,112700,msmarco_passage_43_274951799,44,0.07692307692307693,24.242424242424242,,6.818181818181818
D_Broader_Pool,112700,msmarco_passage_11_609350516,38,0.08571428571428572,23.23232323232324,,7.894736842105263
D_Broader_Pool,112700,msmarco_passage_60_201079301,39,0.0967741935483871,22.22222222222222,,7.6923076923076925
D_Broader_Pool,112700,msmarco_passage_02_165688744,36,0.08823529411764706,21.212121212121215,,13.88888888888889
D_Broader_Pool,112700,msmarco_passage_28_560804460,41,0.08108108108108109,20.2020202020202,,12.195121951219512
D_Broader_Pool,112700,msmarco_passage_02_220704238,34,0.09375,19.191919191919194,,8.823529411764707
D_Broader_Pool,112700,msmarco_passage_27_507500474,34,0.09375,18.181818181818176,,8.823529411764707
D_Broader_Pool,112700,msmarco_passage_36_753181870,59,0.04,17.17171717171717,,5.084745762711864
D_Broader_Pool,112700,msmarco_passage_32_601260331,41,0.07894736842105263,16.161616161616166,,12.195121951219512
D_Broader_Pool,112700,msmarco_passage_53_362849263,42,0.07692307692307693,15.151515151515149,,11.904761904761905
D_Broader_Pool,112700,msmarco_passage_08_31177072,42,0.07692307692307693,14.141414141414144,,11.904761904761905
D_Broader_Pool,112700,msmarco_passage_31_633176252,34,0.1,13.131313131313128,,2.9411764705882355
D_Broader_Pool,112700,msmarco_passage_53_411485558,43,0.09090909090909091,12.121212121212121,,16.27906976744186
D_Broader_Pool,112700,msmarco_passage_34_703834280,38,0.08571428571428572,11.111111111111116,,0.0
D_Broader_Pool,112700,msmarco_passage_01_33088522,42,0.07894736842105263,10.1010101010101,,9.523809523809524
D_Broader_Pool,112700,msmarco_passage_17_330937546,42,0.07894736842105263,9.090909090909093,,9.523809523809524
D_Broader_Pool,112700,msmarco_passage_18_757019055,56,0.07692307692307693,8.080808080808078,,3.5714285714285716
D_Broader_Pool,112700,msmarco_passage_27_453463807,56,0.06521739130434782,7.070707070707072,,10.714285714285714
D_Broader_Pool,112700,msmarco_passage_02_165692537,56,0.06521739130434782,6.060606060606055,,10.714285714285714
D_Broader_Pool,112700,msmarco_passage_29_611360594,48,0.06666666666666667,5.05050505050505,,4.166666666666667
D_Broader_Pool,112700,msmarco_passage_45_435538461,46,0.05128205128205128,4.040404040404044,,13.043478260869565
D_Broader_Pool,112700,msmarco_passage_37_396463558,35,0.11764705882352941,3.0303030303030276,,8.571428571428571
D_Broader_Pool,112700,msmarco_passage_11_709382972,35,0.11764705882352941,2.020202020202022,,8.571428571428571
D_Broader_Pool,112700,msmarco_passage_21_133859540,49,0.07407407407407407,1.0101010101010055,,2.0408163265306123
D_Broader_Pool,112700,msmarco_passage_21_133870035,49,0.07407407407407407,0.0,,2.0408163265306123
D_Broader_Pool,168329,msmarco_passage_03_152780110,36,0.2903225806451613,100.0,,0.0
D_Broader_Pool,168329,msmarco_passage_17_253755796,43,0.3055555555555556,98.98989898989899,,2.3255813953488373
D_Broader_Pool,168329,msmarco_passage_17_253763206,43,0.3055555555555556,97.97979797979798,,2.3255813953488373
D_Broader_Pool,168329,msmarco_passage_01_685626555,49,0.3125,96.96969696969697,,0.0
D_Broader_Pool,168329,msmarco_passage_25_259222145,49,0.3125,95.95959595959596,,0.0
D_Broader_Pool,168329,msmarco_passage_44_581740341,49,0.2777777777777778,94.94949494949495,,0.0
D_Broader_Pool,168329,msmarco_passage_38_867366499,50,0.21621621621621623,93.93939393939394,,8.0
D_Broader_Pool,168329,msmarco_passage_38_867365984,63,0.2702702702702703,92.92929292929293,,4.761904761904762
D_Broader_Pool,168329,msmarco_passage_30_795590421,43,0.25,91.91919191919192,,0.0
D_Broader_Pool,168329,msmarco_passage_25_259221061,37,0.27586206896551724,90.9090909090909,,0.0
D_Broader_Pool,168329,msmarco_passage_01_685625468,37,0.27586206896551724,89.8989898989899,,0.0
D_Broader_Pool,168329,msmarco_passage_35_331170254,73,0.17647058823529413,88.88888888888889,,0.0
D_Broader_Pool,168329,msmarco_passage_39_513965303,46,0.24324324324324326,87.87878787878788,,0.0
D_Broader_Pool,168329,msmarco_passage_13_402054707,42,0.25,86.86868686868688,,4.761904761904762
D_Broader_Pool,168329,msmarco_passage_04_93659698,42,0.30303030303030304,85.85858585858585,,2.380952380952381
D_Broader_Pool,168329,msmarco_passage_38_867365033,61,0.18604651162790697,84.84848484848484,,4.918032786885246
D_Broader_Pool,168329,msmarco_passage_39_1330431,40,0.22857142857142856,83.83838383838383,,0.0
D_Broader_Pool,168329,msmarco_passage_04_441727174,40,0.22857142857142856,82.82828282828282,,0.0
D_Broader_Pool,168329,msmarco_passage_04_441327306,40,0.22857142857142856,81.81818181818181,,0.0
D_Broader_Pool,168329,msmarco_passage_04_93661343,44,0.32,80.8080808080808,,2.272727272727273
D_Broader_Pool,168329,msmarco_passage_31_866473184,53,0.2647058823529412,79.7979797979798,,0.0
D_Broader_Pool,168329,msmarco_passage_38_866851004,39,0.23529411764705882,78.78787878787878,,0.0
D_Broader_Pool,168329,msmarco_passage_04_441292703,39,0.23529411764705882,77.77777777777779,,0.0
D_Broader_Pool,168329,msmarco_passage_13_402055216,52,0.2222222222222222,76.76767676767678,,5.769230769230769
D_Broader_Pool,168329,msmarco_passage_38_867365571,49,0.2647058823529412,75.75757575757575,,8.16326530612245
D_Broader_Pool,168329,msmarco_passage_16_254377781,40,0.25,74.74747474747474,,0.0
D_Broader_Pool,168329,msmarco_passage_16_243129961,40,0.25,73.73737373737373,,0.0
D_Broader_Pool,168329,msmarco_passage_16_243080257,40,0.25,72.72727272727273,,0.0
D_Broader_Pool,168329,msmarco_passage_16_252937623,40,0.25,71.71717171717171,,0.0
D_Broader_Pool,168329,msmarco_passage_16_243936256,40,0.25,70.70707070707071,,0.0
D_Broader_Pool,168329,msmarco_passage_16_246716981,40,0.25,69.6969696969697,,0.0
D_Broader_Pool,168329,msmarco_passage_04_93661774,53,0.26666666666666666,68.68686868686868,,1.8867924528301887
D_Broader_Pool,168329,msmarco_passage_60_226415364,54,0.2,67.67676767676767,,3.7037037037037037
D_Broader_Pool,168329,msmarco_passage_16_241333013,41,0.2222222222222222,66.66666666666667,,0.0
D_Broader_Pool,168329,msmarco_passage_16_253015386,41,0.2222222222222222,65.65656565656566,,0.0
D_Broader_Pool,168329,msmarco_passage_39_507047522,31,0.26666666666666666,64.64646464646464,,6.451612903225806
D_Broader_Pool,168329,msmarco_passage_04_564923670,31,0.26666666666666666,63.63636363636363,,6.451612903225806
D_Broader_Pool,168329,msmarco_passage_61_661474646,43,0.21621621621621623,62.62626262626263,,2.3255813953488373
D_Broader_Pool,168329,msmarco_passage_00_343070928,41,0.2727272727272727,61.61616161616161,,7.317073170731708
D_Broader_Pool,168329,msmarco_passage_31_617424078,58,0.20930232558139536,60.60606060606061,,0.0
D_Broader_Pool,168329,msmarco_passage_02_818305809,60,0.1951219512195122,59.5959595959596,,0.0
D_Broader_Pool,168329,msmarco_passage_11_715773096,45,0.20512820512820512,58.58585858585859,,2.2222222222222223
D_Broader_Pool,168329,msmarco_passage_38_868534175,48,0.2682926829268293,57.57575757575757,,4.166666666666667
D_Broader_Pool,168329,msmarco_passage_04_441114625,39,0.20512820512820512,56.56565656565656,,0.0
D_Broader_Pool,168329,msmarco_passage_38_870111915,39,0.20512820512820512,55.55555555555556,,0.0
D_Broader_Pool,168329,msmarco_passage_04_441187954,31,0.27586206896551724,54.54545454545454,,0.0
D_Broader_Pool,168329,msmarco_passage_38_866203030,31,0.27586206896551724,53.535353535353536,,0.0
D_Broader_Pool,168329,msmarco_passage_17_619879125,47,0.24242424242424243,52.52525252525253,,2.127659574468085
D_Broader_Pool,168329,msmarco_passage_38_866204669,33,0.26666666666666666,51.515151515151516,,0.0
D_Broader_Pool,168329,msmarco_passage_38_866201865,33,0.26666666666666666,50.5050505050505,,0.0
D_Broader_Pool,168329,msmarco_passage_04_441186663,33,0.26666666666666666,49.494949494949495,,0.0
D_Broader_Pool,168329,msmarco_passage_39_3153139,36,0.2222222222222222,48.484848484848484,,0.0
D_Broader_Pool,168329,msmarco_passage_04_428734247,36,0.2222222222222222,47.47474747474747,,0.0
D_Broader_Pool,168329,msmarco_passage_04_428736579,36,0.2222222222222222,46.464646464646464,,0.0
D_Broader_Pool,168329,msmarco_passage_38_869417276,36,0.2222222222222222,45.45454545454546,,0.0
D_Broader_Pool,168329,msmarco_passage_61_674104066,33,0.24242424242424243,44.44444444444444,,12.121212121212121
D_Broader_Pool,168329,msmarco_passage_25_259214113,49,0.25,43.43434343434344,,2.0408163265306123
D_Broader_Pool,168329,msmarco_passage_01_685634520,49,0.25,42.42424242424242,,2.0408163265306123
D_Broader_Pool,168329,msmarco_passage_16_246541008,42,0.21621621621621623,41.41414141414141,,0.0
D_Broader_Pool,168329,msmarco_passage_16_247141007,42,0.21621621621621623,40.40404040404041,,0.0
D_Broader_Pool,168329,msmarco_passage_16_254397947,44,0.21621621621621623,39.39393939393939,,2.272727272727273
D_Broader_Pool,168329,msmarco_passage_16_247863199,44,0.21621621621621623,38.38383838383839,,2.272727272727273
D_Broader_Pool,168329,msmarco_passage_16_246816188,44,0.21621621621621623,37.37373737373737,,2.272727272727273
D_Broader_Pool,168329,msmarco_passage_16_248568166,44,0.21621621621621623,36.36363636363637,,2.272727272727273
D_Broader_Pool,168329,msmarco_passage_16_249176194,44,0.21621621621621623,35.35353535353535,,2.272727272727273
D_Broader_Pool,168329,msmarco_passage_16_248523461,44,0.21621621621621623,34.34343434343434,,2.272727272727273
D_Broader_Pool,168329,msmarco_passage_38_55099740,40,0.26666666666666666,33.333333333333336,,5.0
D_Broader_Pool,168329,msmarco_passage_33_144894591,40,0.21621621621621623,32.32323232323232,,0.0
D_Broader_Pool,168329,msmarco_passage_58_518542664,39,0.3333333333333333,31.313131313131315,,0.0
D_Broader_Pool,168329,msmarco_passage_54_756551330,39,0.2647058823529412,30.303030303030297,,0.0
D_Broader_Pool,168329,msmarco_passage_38_869415193,37,0.2222222222222222,29.292929292929294,,0.0
D_Broader_Pool,168329,msmarco_passage_04_428730400,37,0.2222222222222222,28.282828282828287,,0.0
D_Broader_Pool,168329,msmarco_passage_04_428732169,37,0.2222222222222222,27.27272727272727,,0.0
D_Broader_Pool,168329,msmarco_passage_38_869411511,37,0.2222222222222222,26.262626262626267,,0.0
D_Broader_Pool,168329,msmarco_passage_38_869413284,37,0.2222222222222222,25.25252525252525,,0.0
D_Broader_Pool,168329,msmarco_passage_58_247619001,41,0.3125,24.242424242424242,,0.0
D_Broader_Pool,168329,msmarco_passage_58_266999413,41,0.3125,23.23232323232324,,0.0
D_Broader_Pool,168329,msmarco_passage_58_275021223,41,0.3125,22.22222222222222,,0.0
D_Broader_Pool,168329,msmarco_passage_13_401910432,43,0.30303030303030304,21.212121212121215,,2.3255813953488373
D_Broader_Pool,168329,msmarco_passage_38_868533273,41,0.27586206896551724,20.2020202020202,,0.0
D_Broader_Pool,168329,msmarco_passage_13_737747025,39,0.22857142857142856,19.191919191919194,,2.5641025641025643
D_Broader_Pool,168329,msmarco_passage_31_624818009,41,0.2631578947368421,18.181818181818176,,0.0
D_Broader_Pool,168329,msmarco_passage_38_866328621,72,0.21951219512195122,17.17171717171717,,0.0
D_Broader_Pool,168329,msmarco_passage_38_867806832,72,0.21951219512195122,16.161616161616166,,0.0
D_Broader_Pool,168329,msmarco_passage_14_370399022,40,0.22857142857142856,15.151515151515149,,7.5
D_Broader_Pool,168329,msmarco_passage_03_692818098,39,0.2413793103448276,14.141414141414144,,5.128205128205129
D_Broader_Pool,168329,msmarco_passage_16_248510785,40,0.2631578947368421,13.131313131313128,,2.5
D_Broader_Pool,168329,msmarco_passage_16_254375139,40,0.2631578947368421,12.121212121212121,,2.5
D_Broader_Pool,168329,msmarco_passage_16_253017169,40,0.2631578947368421,11.111111111111116,,2.5
D_Broader_Pool,168329,msmarco_passage_16_248453422,40,0.2631578947368421,10.1010101010101,,2.5
D_Broader_Pool,168329,msmarco_passage_16_244785569,40,0.2631578947368421,9.090909090909093,,2.5
D_Broader_Pool,168329,msmarco_passage_16_243876322,40,0.2631578947368421,8.080808080808078,,2.5
D_Broader_Pool,168329,msmarco_passage_30_538765796,44,0.23684210526315788,7.070707070707072,,2.272727272727273
D_Broader_Pool,168329,msmarco_passage_12_174493415,43,0.22857142857142856,6.060606060606055,,0.0
D_Broader_Pool,168329,msmarco_passage_42_745070160,41,0.24242424242424243,5.05050505050505,,0.0
D_Broader_Pool,168329,msmarco_passage_41_385435024,43,0.24242424242424243,4.040404040404044,,0.0
D_Broader_Pool,168329,msmarco_passage_04_441730262,48,0.225,3.0303030303030276,,0.0
D_Broader_Pool,168329,msmarco_passage_39_1333512,48,0.225,2.020202020202022,,0.0
D_Broader_Pool,168329,msmarco_passage_04_441330394,48,0.225,1.0101010101010055,,0.0
D_Broader_Pool,168329,msmarco_passage_35_324065621,45,0.22857142857142856,0.0,,0.0
D_Broader_Pool,190623,msmarco_passage_08_377498739,69,0.09615384615384616,100.0,,17.391304347826086
D_Broader_Pool,190623,msmarco_passage_05_497938979,49,0.07317073170731707,98.98989898989899,,16.3265306122449
D_Broader_Pool,190623,msmarco_passage_54_46604827,44,0.10256410256410256,97.97979797979798,,20.454545454545453
D_Broader_Pool,190623,msmarco_passage_07_763160990,71,0.1111111111111111,96.96969696969697,,18.309859154929576
D_Broader_Pool,190623,msmarco_passage_18_550907066,45,0.08108108108108109,95.95959595959596,,26.666666666666668
D_Broader_Pool,190623,msmarco_passage_18_550906639,38,0.058823529411764705,94.94949494949495,,31.57894736842105
D_Broader_Pool,190623,msmarco_passage_18_550905862,33,0.07692307692307693,93.93939393939394,,33.333333333333336
D_Broader_Pool,190623,msmarco_passage_18_550908404,48,0.075,92.92929292929293,,27.083333333333332
D_Broader_Pool,190623,msmarco_passage_18_550905367,46,0.05714285714285714,91.91919191919192,,32.608695652173914
D_Broader_Pool,190623,msmarco_passage_22_233893745,73,0.08928571428571429,90.9090909090909,,15.068493150684931
D_Broader_Pool,190623,msmarco_passage_18_550903631,48,0.0625,89.8989898989899,,37.5
D_Broader_Pool,190623,msmarco_passage_18_550904935,39,0.06060606060606061,88.88888888888889,,38.46153846153846
D_Broader_Pool,190623,msmarco_passage_18_550906248,33,0.06451612903225806,87.87878787878788,,33.333333333333336
D_Broader_Pool,190623,msmarco_passage_39_773005627,34,0.15151515151515152,86.86868686868688,,14.705882352941176
D_Broader_Pool,190623,msmarco_passage_49_568877679,32,0.13333333333333333,85.85858585858585,,28.125
D_Broader_Pool,190623,msmarco_passage_34_379382623,58,0.125,84.84848484848484,,12.068965517241379
D_Broader_Pool,190623,msmarco_passage_63_333402535,50,0.09090909090909091,83.83838383838383,,12.0
D_Broader_Pool,190623,msmarco_passage_01_781011133,40,0.125,82.82828282828282,,10.0
D_Broader_Pool,190623,msmarco_passage_12_327446927,39,0.09375,81.81818181818181,,17.94871794871795
D_Broader_Pool,190623,msmarco_passage_51_811098079,50,0.06976744186046512,80.8080808080808,,14.0
D_Broader_Pool,190623,msmarco_passage_50_318487983,49,0.09523809523809523,79.7979797979798,,32.6530612244898
D_Broader_Pool,190623,msmarco_passage_04_538333204,48,0.075,78.78787878787878,,18.75
D_Broader_Pool,190623,msmarco_passage_18_289262304,41,0.125,77.77777777777779,,14.634146341463415
D_Broader_Pool,190623,msmarco_passage_04_703823115,38,0.11764705882352941,76.76767676767678,,13.157894736842104
D_Broader_Pool,190623,msmarco_passage_40_368820450,38,0.11764705882352941,75.75757575757575,,13.157894736842104
D_Broader_Pool,190623,msmarco_passage_15_46018958,47,0.0975609756097561,74.74747474747474,,21.27659574468085
D_Broader_Pool,190623,msmarco_passage_36_630771465,87,0.07142857142857142,73.73737373737373,,16.091954022988507
D_Broader_Pool,190623,msmarco_passage_08_377498267,58,0.061224489795918366,72.72727272727273,,17.24137931034483
D_Broader_Pool,190623,msmarco_passage_50_295169779,39,0.14285714285714285,71.71717171717171,,35.8974358974359
D_Broader_Pool,190623,msmarco_passage_13_161674296,52,0.11627906976744186,70.70707070707071,,3.8461538461538463
D_Broader_Pool,190623,msmarco_passage_35_832927015,53,0.10256410256410256,69.6969696969697,,11.320754716981131
D_Broader_Pool,190623,msmarco_passage_67_101748997,73,0.06153846153846154,68.68686868686868,,27.397260273972602
D_Broader_Pool,190623,msmarco_passage_41_221824588,57,0.11904761904761904,67.67676767676767,,17.54385964912281
D_Broader_Pool,190623,msmarco_passage_30_678173837,44,0.06976744186046512,66.66666666666667,,13.636363636363637
D_Broader_Pool,190623,msmarco_passage_19_716080658,38,0.12121212121212122,65.65656565656566,,21.05263157894737
D_Broader_Pool,190623,msmarco_passage_27_783043368,45,0.06666666666666667,64.64646464646464,,22.22222222222222
D_Broader_Pool,190623,msmarco_passage_19_616018280,53,0.07317073170731707,63.63636363636363,,13.20754716981132
D_Broader_Pool,190623,msmarco_passage_19_778362947,49,0.05555555555555555,62.62626262626263,,20.408163265306122
D_Broader_Pool,190623,msmarco_passage_17_822760470,53,0.08888888888888889,61.61616161616161,,16.9811320754717
D_Broader_Pool,190623,msmarco_passage_21_565030752,31,0.09090909090909091,60.60606060606061,,25.806451612903224
D_Broader_Pool,190623,msmarco_passage_19_616027567,52,0.075,59.5959595959596,,13.461538461538462
D_Broader_Pool,190623,msmarco_passage_27_759268036,52,0.075,58.58585858585859,,13.461538461538462
D_Broader_Pool,190623,msmarco_passage_06_546961497,52,0.11363636363636363,57.57575757575757,,11.538461538461538
D_Broader_Pool,190623,msmarco_passage_23_461676891,37,0.1111111111111111,56.56565656565656,,24.324324324324323
D_Broader_Pool,190623,msmarco_passage_30_678174284,33,0.08823529411764706,55.55555555555556,,21.21212121212121
D_Broader_Pool,190623,msmarco_passage_15_147368316,41,0.08333333333333333,54.54545454545454,,21.951219512195124
D_Broader_Pool,190623,msmarco_passage_65_149098233,50,0.14285714285714285,53.535353535353536,,12.0
D_Broader_Pool,190623,msmarco_passage_44_474226940,47,0.06521739130434782,52.52525252525253,,17.02127659574468
D_Broader_Pool,190623,msmarco_passage_22_412044067,55,0.13157894736842105,51.515151515151516,,23.636363636363637
D_Broader_Pool,190623,msmarco_passage_18_726648609,50,0.08108108108108109,50.5050505050505,,24.0
D_Broader_Pool,190623,msmarco_passage_40_119020381,33,0.0967741935483871,49.494949494949495,,9.090909090909092
D_Broader_Pool,190623,msmarco_passage_40_370985028,48,0.06666666666666667,48.484848484848484,,14.583333333333334
D_Broader_Pool,190623,msmarco_passage_01_584273282,50,0.08888888888888889,47.47474747474747,,30.0
D_Broader_Pool,190623,msmarco_passage_68_458948191,34,0.10810810810810811,46.464646464646464,,11.764705882352942
D_Broader_Pool,190623,msmarco_passage_39_458598148,51,0.0975609756097561,45.45454545454546,,27.45098039215686
D_Broader_Pool,190623,msmarco_passage_19_716081070,37,0.13333333333333333,44.44444444444444,,8.108108108108109
D_Broader_Pool,190623,msmarco_passage_16_441596136,45,0.08108108108108109,43.43434343434344,,17.77777777777778
D_Broader_Pool,190623,msmarco_passage_21_122779101,69,0.10638297872340426,42.42424242424242,,10.144927536231885
D_Broader_Pool,190623,msmarco_passage_20_511222268,52,0.09090909090909091,41.41414141414141,,11.538461538461538
D_Broader_Pool,190623,msmarco_passage_12_478591899,77,0.07692307692307693,40.40404040404041,,14.285714285714286
D_Broader_Pool,190623,msmarco_passage_09_469598368,58,0.1,39.39393939393939,,12.068965517241379
D_Broader_Pool,190623,msmarco_passage_05_497939403,29,0.23529411764705882,38.38383838383839,,27.586206896551722
D_Broader_Pool,190623,msmarco_passage_31_381741895,54,0.08,37.37373737373737,,16.666666666666668
D_Broader_Pool,190623,msmarco_passage_13_385093366,56,0.1388888888888889,36.36363636363637,,16.071428571428573
D_Broader_Pool,190623,msmarco_passage_00_680645686,42,0.1388888888888889,35.35353535353535,,23.80952380952381
D_Broader_Pool,190623,msmarco_passage_39_662478101,51,0.09090909090909091,34.34343434343434,,19.607843137254903
D_Broader_Pool,190623,msmarco_passage_23_461733691,44,0.09090909090909091,33.333333333333336,,22.727272727272727
D_Broader_Pool,190623,msmarco_passage_24_81419398,31,0.08823529411764706,32.32323232323232,,19.35483870967742
D_Broader_Pool,190623,msmarco_passage_06_41635926,40,0.08333333333333333,31.313131313131315,,7.5
D_Broader_Pool,190623,msmarco_passage_20_499088840,48,0.08333333333333333,30.303030303030297,,12.5
D_Broader_Pool,190623,msmarco_passage_10_415765599,55,0.07547169811320754,29.292929292929294,,23.636363636363637
D_Broader_Pool,190623,msmarco_passage_65_143572354,55,0.07547169811320754,28.282828282828287,,23.636363636363637
D_Broader_Pool,190623,msmarco_passage_29_508348371,44,0.09302325581395349,27.27272727272727,,22.727272727272727
D_Broader_Pool,190623,msmarco_passage_01_781010628,58,0.061224489795918366,26.262626262626267,,8.620689655172415
D_Broader_Pool,190623,msmarco_passage_04_156808610,46,0.1724137931034483,25.25252525252525,,8.695652173913043
D_Broader_Pool,190623,msmarco_passage_17_800530724,53,0.07317073170731707,24.242424242424242,,33.9622641509434
D_Broader_Pool,190623,msmarco_passage_37_687367747,36,0.07894736842105263,23.23232323232324,,36.111111111111114
D_Broader_Pool,190623,msmarco_passage_54_207995369,42,0.07317073170731707,22.22222222222222,,26.19047619047619
D_Broader_Pool,190623,msmarco_passage_35_234866879,38,0.07317073170731707,21.212121212121215,,34.21052631578947
D_Broader_Pool,190623,msmarco_passage_12_327448162,52,0.06818181818181818,20.2020202020202,,11.538461538461538
D_Broader_Pool,190623,msmarco_passage_59_148152280,52,0.1111111111111111,19.191919191919194,,7.6923076923076925
D_Broader_Pool,190623,msmarco_passage_63_333402094,53,0.061224489795918366,18.181818181818176,,5.660377358490566
D_Broader_Pool,190623,msmarco_passage_24_81055389,47,0.0625,17.17171717171717,,25.53191489361702
D_Broader_Pool,190623,msmarco_passage_05_582384406,51,0.07692307692307693,16.161616161616166,,5.882352941176471
D_Broader_Pool,190623,msmarco_passage_43_407875443,51,0.07692307692307693,15.151515151515149,,5.882352941176471
D_Broader_Pool,190623,msmarco_passage_19_754807463,65,0.08,14.141414141414144,,21.53846153846154
D_Broader_Pool,190623,msmarco_passage_18_71105299,43,0.06521739130434782,13.131313131313128,,37.2093023255814
D_Broader_Pool,190623,msmarco_passage_54_360362743,46,0.06976744186046512,12.121212121212121,,36.95652173913044
D_Broader_Pool,190623,msmarco_passage_03_197209851,44,0.08108108108108109,11.111111111111116,,11.363636363636363
D_Broader_Pool,190623,msmarco_passage_11_225273304,42,0.09090909090909091,10.1010101010101,,11.904761904761905
D_Broader_Pool,190623,msmarco_passage_47_69168407,48,0.05263157894736842,9.090909090909093,,10.416666666666666
D_Broader_Pool,190623,msmarco_passage_23_591996861,35,0.13043478260869565,8.080808080808078,,31.428571428571427
D_Broader_Pool,190623,msmarco_passage_47_68949842,51,0.05128205128205128,7.070707070707072,,5.882352941176471
D_Broader_Pool,190623,msmarco_passage_06_41633235,43,0.07142857142857142,6.060606060606055,,9.30232558139535
D_Broader_Pool,190623,msmarco_passage_05_598763431,49,0.1111111111111111,5.05050505050505,,6.122448979591836
D_Broader_Pool,190623,msmarco_passage_54_207993948,49,0.09523809523809523,4.040404040404044,,36.734693877551024
D_Broader_Pool,190623,msmarco_passage_00_787246930,45,0.10810810810810811,3.0303030303030276,,6.666666666666667
D_Broader_Pool,190623,msmarco_passage_47_68996541,38,0.06060606060606061,2.020202020202022,,13.157894736842104
D_Broader_Pool,190623,msmarco_passage_35_698299248,196,0.023809523809523808,1.0101010101010055,,57.142857142857146
D_Broader_Pool,190623,msmarco_passage_19_567885762,56,0.15384615384615385,0.0,,12.5
D_Broader_Pool,226975,msmarco_passage_65_219573228,43,0.15,100.0,,2.3255813953488373
D_Broader_Pool,226975,msmarco_passage_52_269196632,53,0.06,98.98989898989899,,5.660377358490566
D_Broader_Pool,226975,msmarco_passage_64_363384407,42,0.13157894736842105,97.97979797979798,,7.142857142857143
D_Broader_Pool,226975,msmarco_passage_10_719901294,92,0.078125,96.96969696969697,,3.260869565217391
D_Broader_Pool,226975,msmarco_passage_24_559073437,50,0.10869565217391304,95.95959595959596,,10.0
D_Broader_Pool,226975,msmarco_passage_59_779343147,57,0.09803921568627451,94.94949494949495,,10.526315789473685
D_Broader_Pool,226975,msmarco_passage_25_95176272,69,0.11320754716981132,93.93939393939394,,8.695652173913043
D_Broader_Pool,226975,msmarco_passage_59_710149301,87,0.07017543859649122,92.92929292929293,,6.896551724137931
D_Broader_Pool,226975,msmarco_passage_12_190331710,56,0.10638297872340426,91.91919191919192,,7.142857142857143
D_Broader_Pool,226975,msmarco_passage_10_719898481,78,0.05970149253731343,90.9090909090909,,8.974358974358974
D_Broader_Pool,226975,msmarco_passage_00_519959798,53,0.1111111111111111,89.8989898989899,,1.8867924528301887
D_Broader_Pool,226975,msmarco_passage_00_103998667,82,0.09523809523809523,88.88888888888889,,18.29268292682927
D_Broader_Pool,226975,msmarco_passage_57_713774992,69,0.11538461538461539,87.87878787878788,,4.3478260869565215
D_Broader_Pool,226975,msmarco_passage_44_466774508,45,0.13157894736842105,86.86868686868688,,6.666666666666667
D_Broader_Pool,226975,msmarco_passage_25_95167754,91,0.09090909090909091,85.85858585858585,,4.395604395604396
D_Broader_Pool,226975,msmarco_passage_09_35262248,64,0.09259259259259259,84.84848484848484,,6.25
D_Broader_Pool,226975,msmarco_passage_35_201501678,55,0.14285714285714285,83.83838383838383,,9.090909090909092
D_Broader_Pool,226975,msmarco_passage_16_230628754,46,0.11627906976744186,82.82828282828282,,15.217391304347826
D_Broader_Pool,226975,msmarco_passage_61_742439218,36,0.15384615384615385,81.81818181818181,,8.333333333333334
D_Broader_Pool,226975,msmarco_passage_29_22477892,55,0.10869565217391304,80.8080808080808,,10.909090909090908
D_Broader_Pool,226975,msmarco_passage_29_22325012,55,0.10869565217391304,79.7979797979798,,10.909090909090908
D_Broader_Pool,226975,msmarco_passage_29_280788424,54,0.10869565217391304,78.78787878787878,,0.0
D_Broader_Pool,226975,msmarco_passage_27_446336923,48,0.06976744186046512,77.77777777777779,,8.333333333333334
D_Broader_Pool,226975,msmarco_passage_65_628619479,43,0.09523809523809523,76.76767676767678,,16.27906976744186
D_Broader_Pool,226975,msmarco_passage_27_446399410,65,0.06896551724137931,75.75757575757575,,7.6923076923076925
D_Broader_Pool,226975,msmarco_passage_12_355600311,38,0.10810810810810811,74.74747474747474,,2.6315789473684212
D_Broader_Pool,226975,msmarco_passage_07_822308986,46,0.1282051282051282,73.73737373737373,,6.521739130434782
D_Broader_Pool,226975,msmarco_passage_53_125979810,46,0.1282051282051282,72.72727272727273,,6.521739130434782
D_Broader_Pool,226975,msmarco_passage_11_92021773,31,0.1875,71.71717171717171,,9.67741935483871
D_Broader_Pool,226975,msmarco_passage_27_447348801,50,0.125,70.70707070707071,,2.0
D_Broader_Pool,226975,msmarco_passage_27_447910561,50,0.125,69.6969696969697,,2.0
D_Broader_Pool,226975,msmarco_passage_66_207693737,65,0.10909090909090909,68.68686868686868,,1.5384615384615385
D_Broader_Pool,226975,msmarco_passage_38_604886595,44,0.16216216216216217,67.67676767676767,,18.181818181818183
D_Broader_Pool,226975,msmarco_passage_48_751105107,57,0.10638297872340426,66.66666666666667,,3.508771929824561
D_Broader_Pool,226975,msmarco_passage_50_745979337,62,0.07547169811320754,65.65656565656566,,6.451612903225806
D_Broader_Pool,226975,msmarco_passage_50_787447005,62,0.07547169811320754,64.64646464646464,,6.451612903225806
D_Broader_Pool,226975,msmarco_passage_28_849866213,60,0.125,63.63636363636363,,8.333333333333334
D_Broader_Pool,226975,msmarco_passage_02_456721378,60,0.125,62.62626262626263,,8.333333333333334
D_Broader_Pool,226975,msmarco_passage_67_35039576,58,0.13333333333333333,61.61616161616161,,1.7241379310344827
D_Broader_Pool,226975,msmarco_passage_12_208890878,96,0.09375,60.60606060606061,,3.125
D_Broader_Pool,226975,msmarco_passage_24_255039402,57,0.13333333333333333,59.5959595959596,,3.508771929824561
D_Broader_Pool,226975,msmarco_passage_30_263547030,53,0.08,58.58585858585859,,11.320754716981131
D_Broader_Pool,226975,msmarco_passage_55_290464162,51,0.18421052631578946,57.57575757575757,,3.9215686274509802
D_Broader_Pool,226975,msmarco_passage_38_611762296,64,0.11764705882352941,56.56565656565656,,4.6875
D_Broader_Pool,226975,msmarco_passage_04_303106779,50,0.1935483870967742,55.55555555555556,,2.0
D_Broader_Pool,226975,msmarco_passage_12_620714233,74,0.11538461538461539,54.54545454545454,,2.7027027027027026
D_Broader_Pool,226975,msmarco_passage_27_505916170,55,0.0784313725490196,53.535353535353536,,3.6363636363636362
D_Broader_Pool,226975,msmarco_passage_11_561307741,50,0.11904761904761904,52.52525252525253,,2.0
D_Broader_Pool,226975,msmarco_passage_11_561250444,50,0.11904761904761904,51.515151515151516,,2.0
D_Broader_Pool,226975,msmarco_passage_34_252161546,54,0.1276595744680851,50.5050505050505,,1.8518518518518519
D_Broader_Pool,226975,msmarco_passage_03_316039530,54,0.1276595744680851,49.494949494949495,,1.8518518518518519
D_Broader_Pool,226975,msmarco_passage_54_240611981,63,0.11320754716981132,48.484848484848484,,1.5873015873015872
D_Broader_Pool,226975,msmarco_passage_66_694032311,41,0.13513513513513514,47.47474747474747,,4.878048780487805
D_Broader_Pool,226975,msmarco_passage_41_433096217,55,0.14634146341463414,46.464646464646464,,3.6363636363636362
D_Broader_Pool,226975,msmarco_passage_39_117321159,50,0.10256410256410256,45.45454545454546,,6.0
D_Broader_Pool,226975,msmarco_passage_12_223016324,70,0.14285714285714285,44.44444444444444,,0.0
D_Broader_Pool,226975,msmarco_passage_06_787543394,53,0.125,43.43434343434344,,1.8867924528301887
D_Broader_Pool,226975,msmarco_passage_49_45534924,53,0.125,42.42424242424242,,1.8867924528301887
D_Broader_Pool,226975,msmarco_passage_49_46976709,53,0.125,41.41414141414141,,1.8867924528301887
D_Broader_Pool,226975,msmarco_passage_60_322466152,56,0.13636363636363635,40.40404040404041,,0.0
D_Broader_Pool,226975,msmarco_passage_00_100789200,50,0.12195121951219512,39.39393939393939,,4.0
D_Broader_Pool,226975,msmarco_passage_24_559064165,72,0.13636363636363635,38.38383838383839,,9.722222222222221
D_Broader_Pool,226975,msmarco_passage_04_99063195,58,0.13043478260869565,37.37373737373737,,5.172413793103448
D_Broader_Pool,226975,msmarco_passage_25_132167309,48,0.09523809523809523,36.36363636363637,,8.333333333333334
D_Broader_Pool,226975,msmarco_passage_11_560021125,55,0.10638297872340426,35.35353535353535,,0.0
D_Broader_Pool,226975,msmarco_passage_56_154460937,57,0.14285714285714285,34.34343434343434,,1.7543859649122806
D_Broader_Pool,226975,msmarco_passage_04_99173143,71,0.13333333333333333,33.333333333333336,,5.633802816901408
D_Broader_Pool,226975,msmarco_passage_00_319806697,52,0.12244897959183673,32.32323232323232,,1.9230769230769231
D_Broader_Pool,226975,msmarco_passage_53_70417866,89,0.07462686567164178,31.313131313131315,,3.3707865168539324
D_Broader_Pool,226975,msmarco_passage_29_697462600,71,0.1,30.303030303030297,,0.0
D_Broader_Pool,226975,msmarco_passage_59_411850383,85,0.08695652173913043,29.292929292929294,,3.5294117647058822
D_Broader_Pool,226975,msmarco_passage_22_752323735,62,0.11538461538461539,28.282828282828287,,6.451612903225806
D_Broader_Pool,226975,msmarco_passage_50_829990867,69,0.13953488372093023,27.27272727272727,,0.0
D_Broader_Pool,226975,msmarco_passage_42_239168464,66,0.09615384615384616,26.262626262626267,,4.545454545454546
D_Broader_Pool,226975,msmarco_passage_12_188586749,97,0.07352941176470588,25.25252525252525,,5.154639175257732
D_Broader_Pool,226975,msmarco_passage_29_279843468,52,0.15384615384615385,24.242424242424242,,9.615384615384615
D_Broader_Pool,226975,msmarco_passage_38_608836375,62,0.17647058823529413,23.23232323232324,,0.0
D_Broader_Pool,226975,msmarco_passage_38_643082324,54,0.10416666666666667,22.22222222222222,,1.8518518518518519
D_Broader_Pool,226975,msmarco_passage_14_320420557,99,0.05194805194805195,21.212121212121215,,0.0
D_Broader_Pool,226975,msmarco_passage_31_162707921,71,0.10714285714285714,20.2020202020202,,2.816901408450704
D_Broader_Pool,226975,msmarco_passage_27_594694412,58,0.10416666666666667,19.191919191919194,,1.7241379310344827
D_Broader_Pool,226975,msmarco_passage_64_17248607,62,0.10204081632653061,18.181818181818176,,4.838709677419355
D_Broader_Pool,226975,msmarco_passage_38_294432698,51,0.1282051282051282,17.17171717171717,,1.9607843137254901
D_Broader_Pool,226975,msmarco_passage_46_396622934,60,0.12,16.161616161616166,,1.6666666666666667
D_Broader_Pool,226975,msmarco_passage_12_732304353,52,0.12195121951219512,15.151515151515149,,1.9230769230769231
D_Broader_Pool,226975,msmarco_passage_04_373376077,52,0.12195121951219512,14.141414141414144,,1.9230769230769231
D_Broader_Pool,226975,msmarco_passage_38_605601850,52,0.12195121951219512,13.131313131313128,,1.9230769230769231
D_Broader_Pool,226975,msmarco_passage_38_616780194,52,0.12195121951219512,12.121212121212121,,1.9230769230769231
D_Broader_Pool,226975,msmarco_passage_57_422318412,58,0.1111111111111111,11.111111111111116,,1.7241379310344827
D_Broader_Pool,226975,msmarco_passage_18_292505346,54,0.08333333333333333,10.1010101010101,,12.962962962962964
D_Broader_Pool,226975,msmarco_passage_56_312287596,57,0.12195121951219512,9.090909090909093,,0.0
D_Broader_Pool,226975,msmarco_passage_02_301749223,50,0.13636363636363635,8.080808080808078,,4.0
D_Broader_Pool,226975,msmarco_passage_53_355313572,44,0.12195121951219512,7.070707070707072,,0.0
D_Broader_Pool,226975,msmarco_passage_08_24498165,44,0.12195121951219512,6.060606060606055,,0.0
D_Broader_Pool,226975,msmarco_passage_08_24492271,44,0.12195121951219512,5.05050505050505,,0.0
D_Broader_Pool,226975,msmarco_passage_12_264631080,33,0.16666666666666666,4.040404040404044,,0.0
D_Broader_Pool,226975,msmarco_passage_04_99746131,29,0.19230769230769232,3.0303030303030276,,3.4482758620689653
D_Broader_Pool,226975,msmarco_passage_17_96921488,57,0.13953488372093023,2.020202020202022,,3.508771929824561
D_Broader_Pool,226975,msmarco_passage_04_389143918,51,0.10416666666666667,1.0101010101010055,,3.9215686274509802
D_Broader_Pool,226975,msmarco_passage_17_97011100,56,0.16279069767441862,0.0,,1.7857142857142858
D_Broader_Pool,237669,msmarco_passage_07_367182198,77,0.14285714285714285,100.0,,18.181818181818183
D_Broader_Pool,237669,msmarco_passage_51_100509472,77,0.14285714285714285,98.98989898989899,,18.181818181818183
D_Broader_Pool,237669,msmarco_passage_15_789050318,63,0.15555555555555556,97.97979797979798,,11.11111111111111
D_Broader_Pool,237669,msmarco_passage_07_367182777,53,0.14634146341463414,96.96969696969697,,13.20754716981132
D_Broader_Pool,237669,msmarco_passage_51_100510051,53,0.14634146341463414,95.95959595959596,,13.20754716981132
D_Broader_Pool,237669,msmarco_passage_45_442422969,42,0.17647058823529413,94.94949494949495,,11.904761904761905
D_Broader_Pool,237669,msmarco_passage_10_602776522,39,0.16666666666666666,93.93939393939394,,12.820512820512821
D_Broader_Pool,237669,msmarco_passage_04_683570514,12,0.375,92.92929292929293,,16.666666666666668
D_Broader_Pool,237669,msmarco_passage_17_527703255,46,0.15789473684210525,91.91919191919192,,17.391304347826086
D_Broader_Pool,237669,msmarco_passage_04_683571154,43,0.1891891891891892,90.9090909090909,,6.976744186046512
D_Broader_Pool,237669,msmarco_passage_65_555172153,44,0.15384615384615385,89.8989898989899,,13.636363636363637
D_Broader_Pool,237669,msmarco_passage_12_426429806,61,0.10638297872340426,88.88888888888889,,6.557377049180328
D_Broader_Pool,237669,msmarco_passage_01_18414553,32,0.21428571428571427,87.87878787878788,,12.5
D_Broader_Pool,237669,msmarco_passage_45_59850061,32,0.21428571428571427,86.86868686868688,,12.5
D_Broader_Pool,237669,msmarco_passage_45_441302401,70,0.1509433962264151,85.85858585858585,,5.714285714285714
D_Broader_Pool,237669,msmarco_passage_30_631109766,45,0.15,84.84848484848484,,2.2222222222222223
D_Broader_Pool,237669,msmarco_passage_07_367183200,36,0.18181818181818182,83.83838383838383,,8.333333333333334
D_Broader_Pool,237669,msmarco_passage_51_100510474,36,0.18181818181818182,82.82828282828282,,8.333333333333334
D_Broader_Pool,237669,msmarco_passage_55_502516645,50,0.16279069767441862,81.81818181818181,,8.0
D_Broader_Pool,237669,msmarco_passage_36_301500596,33,0.23076923076923078,80.8080808080808,,21.21212121212121
D_Broader_Pool,237669,msmarco_passage_45_59853117,50,0.15,79.7979797979798,,18.0
D_Broader_Pool,237669,msmarco_passage_01_18417601,50,0.15,78.78787878787878,,18.0
D_Broader_Pool,237669,msmarco_passage_51_88229309,36,0.1875,77.77777777777779,,19.444444444444443
D_Broader_Pool,237669,msmarco_passage_45_423986487,59,0.16216216216216217,76.76767676767678,,15.254237288135593
D_Broader_Pool,237669,msmarco_passage_26_562634447,52,0.11764705882352941,75.75757575757575,,13.461538461538462
D_Broader_Pool,237669,msmarco_passage_45_442430085,52,0.13333333333333333,74.74747474747474,,11.538461538461538
D_Broader_Pool,237669,msmarco_passage_45_438537611,57,0.12244897959183673,73.73737373737373,,12.280701754385966
D_Broader_Pool,237669,msmarco_passage_37_12435424,55,0.18181818181818182,72.72727272727273,,12.727272727272727
D_Broader_Pool,237669,msmarco_passage_17_527712961,49,0.14285714285714285,71.71717171717171,,36.734693877551024
D_Broader_Pool,237669,msmarco_passage_17_527712431,49,0.14285714285714285,70.70707070707071,,28.571428571428573
D_Broader_Pool,237669,msmarco_passage_18_146883626,43,0.18181818181818182,69.6969696969697,,9.30232558139535
D_Broader_Pool,237669,msmarco_passage_65_555171684,55,0.125,68.68686868686868,,3.6363636363636362
D_Broader_Pool,237669,msmarco_passage_42_254196571,28,0.2222222222222222,67.67676767676767,,7.142857142857143
D_Broader_Pool,237669,msmarco_passage_42_254206406,24,0.3125,66.66666666666667,,25.0
D_Broader_Pool,237669,msmarco_passage_45_442414342,76,0.1111111111111111,65.65656565656566,,9.210526315789474
D_Broader_Pool,237669,msmarco_passage_01_18419824,43,0.15789473684210525,64.64646464646464,,6.976744186046512
D_Broader_Pool,237669,msmarco_passage_45_442427352,43,0.15789473684210525,63.63636363636363,,6.976744186046512
D_Broader_Pool,237669,msmarco_passage_45_59855345,43,0.15789473684210525,62.62626262626263,,6.976744186046512
D_Broader_Pool,237669,msmarco_passage_52_622788766,52,0.1111111111111111,61.61616161616161,,15.384615384615385
D_Broader_Pool,237669,msmarco_passage_39_670135383,53,0.15555555555555556,60.60606060606061,,9.433962264150944
D_Broader_Pool,237669,msmarco_passage_09_102647672,49,0.13636363636363635,59.5959595959596,,20.408163265306122
D_Broader_Pool,237669,msmarco_passage_02_749769595,47,0.15,58.58585858585859,,14.893617021276595
D_Broader_Pool,237669,msmarco_passage_31_224577556,55,0.14893617021276595,57.57575757575757,,5.454545454545454
D_Broader_Pool,237669,msmarco_passage_36_301510770,44,0.13513513513513514,56.56565656565656,,2.272727272727273
D_Broader_Pool,237669,msmarco_passage_17_527710667,44,0.13513513513513514,55.55555555555556,,2.272727272727273
D_Broader_Pool,237669,msmarco_passage_45_438148593,53,0.13333333333333333,54.54545454545454,,9.433962264150944
D_Broader_Pool,237669,msmarco_passage_42_254390342,49,0.15,53.535353535353536,,6.122448979591836
D_Broader_Pool,237669,msmarco_passage_52_633940249,54,0.12244897959183673,52.52525252525253,,11.11111111111111
D_Broader_Pool,237669,msmarco_passage_49_850755542,56,0.125,51.515151515151516,,5.357142857142857
D_Broader_Pool,237669,msmarco_passage_49_691166060,81,0.10526315789473684,50.5050505050505,,9.876543209876543
D_Broader_Pool,237669,msmarco_passage_65_555174710,32,0.25,49.494949494949495,,12.5
D_Broader_Pool,237669,msmarco_passage_17_527711942,47,0.13333333333333333,48.484848484848484,,27.659574468085108
D_Broader_Pool,237669,msmarco_passage_07_260267738,44,0.14634146341463414,47.47474747474747,,15.909090909090908
D_Broader_Pool,237669,msmarco_passage_45_442437951,49,0.1276595744680851,46.464646464646464,,28.571428571428573
D_Broader_Pool,237669,msmarco_passage_54_571799701,43,0.15,45.45454545454546,,11.627906976744185
D_Broader_Pool,237669,msmarco_passage_30_648086725,47,0.15384615384615385,44.44444444444444,,12.76595744680851
D_Broader_Pool,237669,msmarco_passage_11_113010366,42,0.17647058823529413,43.43434343434344,,2.380952380952381
D_Broader_Pool,237669,msmarco_passage_68_139714226,42,0.17647058823529413,42.42424242424242,,2.380952380952381
D_Broader_Pool,237669,msmarco_passage_25_185991599,50,0.15384615384615385,41.41414141414141,,28.0
D_Broader_Pool,237669,msmarco_passage_21_311247506,42,0.11904761904761904,40.40404040404041,,19.047619047619047
D_Broader_Pool,237669,msmarco_passage_65_562723528,91,0.10606060606060606,39.39393939393939,,8.791208791208792
D_Broader_Pool,237669,msmarco_passage_12_426552189,56,0.13333333333333333,38.38383838383839,,7.142857142857143
D_Broader_Pool,237669,msmarco_passage_60_74449038,48,0.11904761904761904,37.37373737373737,,14.583333333333334
D_Broader_Pool,237669,msmarco_passage_36_301506958,55,0.1276595744680851,36.36363636363637,,7.2727272727272725
D_Broader_Pool,237669,msmarco_passage_09_3285840,46,0.14285714285714285,35.35353535353535,,8.695652173913043
D_Broader_Pool,237669,msmarco_passage_36_301511636,49,0.15789473684210525,34.34343434343434,,10.204081632653061
D_Broader_Pool,237669,msmarco_passage_17_527711518,49,0.15789473684210525,33.333333333333336,,10.204081632653061
D_Broader_Pool,237669,msmarco_passage_65_416828858,25,0.25,32.32323232323232,,36.0
D_Broader_Pool,237669,msmarco_passage_01_18421906,33,0.25925925925925924,31.313131313131315,,6.0606060606060606
D_Broader_Pool,237669,msmarco_passage_45_59857432,33,0.25925925925925924,30.303030303030297,,6.0606060606060606
D_Broader_Pool,237669,msmarco_passage_59_595789257,44,0.17142857142857143,29.292929292929294,,13.636363636363637
D_Broader_Pool,237669,msmarco_passage_45_59846711,54,0.13636363636363635,28.282828282828287,,12.962962962962964
D_Broader_Pool,237669,msmarco_passage_01_18411211,54,0.13636363636363635,27.27272727272727,,12.962962962962964
D_Broader_Pool,237669,msmarco_passage_07_282972464,66,0.14,26.262626262626267,,3.0303030303030303
D_Broader_Pool,237669,msmarco_passage_42_254827223,51,0.14285714285714285,25.25252525252525,,15.686274509803921
D_Broader_Pool,237669,msmarco_passage_11_509829565,22,0.23809523809523808,24.242424242424242,,31.818181818181817
D_Broader_Pool,237669,msmarco_passage_68_852728207,40,0.21875,23.23232323232324,,10.0
D_Broader_Pool,237669,msmarco_passage_45_438172284,50,0.16216216216216217,22.22222222222222,,14.0
D_Broader_Pool,237669,msmarco_passage_10_704107453,35,0.18181818181818182,21.212121212121215,,8.571428571428571
D_Broader_Pool,237669,msmarco_passage_55_655080813,47,0.16666666666666666,20.2020202020202,,17.02127659574468
D_Broader_Pool,237669,msmarco_passage_46_167182193,48,0.14634146341463414,19.191919191919194,,18.75
D_Broader_Pool,237669,msmarco_passage_50_427207612,56,0.1,18.181818181818176,,1.7857142857142858
D_Broader_Pool,237669,msmarco_passage_42_779507632,52,0.13043478260869565,17.17171717171717,,5.769230769230769
D_Broader_Pool,237669,msmarco_passage_50_427671046,70,0.14634146341463414,16.161616161616166,,0.0
D_Broader_Pool,237669,msmarco_passage_19_33908410,38,0.18181818181818182,15.151515151515149,,18.42105263157895
D_Broader_Pool,237669,msmarco_passage_45_442427759,46,0.14285714285714285,14.141414141414144,,6.521739130434782
D_Broader_Pool,237669,msmarco_passage_17_527707724,65,0.14893617021276595,13.131313131313128,,9.23076923076923
D_Broader_Pool,237669,msmarco_passage_17_528455034,37,0.17142857142857143,12.121212121212121,,18.91891891891892
D_Broader_Pool,237669,msmarco_passage_02_749776350,49,0.1590909090909091,11.111111111111116,,16.3265306122449
D_Broader_Pool,237669,msmarco_passage_45_447293232,58,0.17647058823529413,10.1010101010101,,12.068965517241379
D_Broader_Pool,237669,msmarco_passage_06_192614725,58,0.17647058823529413,9.090909090909093,,12.068965517241379
D_Broader_Pool,237669,msmarco_passage_59_581628942,61,0.16666666666666666,8.080808080808078,,14.754098360655737
D_Broader_Pool,237669,msmarco_passage_11_286311799,47,0.17073170731707318,7.070707070707072,,14.893617021276595
D_Broader_Pool,237669,msmarco_passage_07_282973400,50,0.15555555555555556,6.060606060606055,,0.0
D_Broader_Pool,237669,msmarco_passage_20_172737419,43,0.1935483870967742,5.05050505050505,,23.25581395348837
D_Broader_Pool,237669,msmarco_passage_53_384742564,52,0.13333333333333333,4.040404040404044,,9.615384615384615
D_Broader_Pool,237669,msmarco_passage_16_82049104,55,0.15384615384615385,3.0303030303030276,,0.0
D_Broader_Pool,237669,msmarco_passage_17_831536474,50,0.13333333333333333,2.020202020202022,,18.0
D_Broader_Pool,237669,msmarco_passage_41_506830221,89,0.1111111111111111,1.0101010101010055,,3.3707865168539324
D_Broader_Pool,237669,msmarco_passage_31_606852033,47,0.13513513513513514,0.0,,6.382978723404255
D_Broader_Pool,253263,msmarco_passage_58_107305431,42,0.2972972972972973,100.0,,14.285714285714286
D_Broader_Pool,253263,msmarco_passage_48_763440047,55,0.11538461538461539,98.98989898989899,,3.6363636363636362
D_Broader_Pool,253263,msmarco_passage_48_836680363,14,0.5625,97.97979797979798,,0.0
D_Broader_Pool,253263,msmarco_passage_66_685673120,47,0.13953488372093023,96.96969696969697,,2.127659574468085
D_Broader_Pool,253263,msmarco_passage_07_761661213,47,0.13953488372093023,95.95959595959596,,2.127659574468085
D_Broader_Pool,253263,msmarco_passage_10_623644335,47,0.13953488372093023,94.94949494949495,,2.127659574468085
D_Broader_Pool,253263,msmarco_passage_10_623653554,47,0.13953488372093023,93.93939393939394,,2.127659574468085
D_Broader_Pool,253263,msmarco_passage_10_625336052,47,0.13953488372093023,92.92929292929293,,2.127659574468085
D_Broader_Pool,253263,msmarco_passage_10_625345271,47,0.13953488372093023,91.91919191919192,,2.127659574468085
D_Broader_Pool,253263,msmarco_passage_10_660105712,47,0.13953488372093023,90.9090909090909,,2.127659574468085
D_Broader_Pool,253263,msmarco_passage_66_685366858,47,0.13953488372093023,89.8989898989899,,2.127659574468085
D_Broader_Pool,253263,msmarco_passage_28_326468821,56,0.11627906976744186,88.88888888888889,,1.7857142857142858
D_Broader_Pool,253263,msmarco_passage_10_191792164,18,0.45,87.87878787878788,,0.0
D_Broader_Pool,253263,msmarco_passage_39_711863628,58,0.15,86.86868686868688,,8.620689655172415
D_Broader_Pool,253263,msmarco_passage_39_711855226,58,0.15,85.85858585858585,,8.620689655172415
D_Broader_Pool,253263,msmarco_passage_06_462575340,44,0.16666666666666666,84.84848484848484,,4.545454545454546
D_Broader_Pool,253263,msmarco_passage_02_511537499,48,0.225,83.83838383838383,,8.333333333333334
D_Broader_Pool,253263,msmarco_passage_36_657904945,22,0.32,82.82828282828282,,13.636363636363637
D_Broader_Pool,253263,msmarco_passage_32_85294260,52,0.14583333333333334,81.81818181818181,,7.6923076923076925
D_Broader_Pool,253263,msmarco_passage_04_230573801,51,0.17073170731707318,80.8080808080808,,11.764705882352942
D_Broader_Pool,253263,msmarco_passage_38_60658767,51,0.17073170731707318,79.7979797979798,,11.764705882352942
D_Broader_Pool,253263,msmarco_passage_48_836315413,14,0.47058823529411764,78.78787878787878,,0.0
D_Broader_Pool,253263,msmarco_passage_10_191791634,13,0.6428571428571429,77.77777777777779,,0.0
D_Broader_Pool,253263,msmarco_passage_08_503004422,78,0.11290322580645161,76.76767676767678,,5.128205128205129
D_Broader_Pool,253263,msmarco_passage_61_344475322,39,0.1282051282051282,75.75757575757575,,7.6923076923076925
D_Broader_Pool,253263,msmarco_passage_10_191789571,57,0.23255813953488372,74.74747474747474,,5.2631578947368425
D_Broader_Pool,253263,msmarco_passage_07_70365861,44,0.1951219512195122,73.73737373737373,,2.272727272727273
D_Broader_Pool,253263,msmarco_passage_48_836655386,13,0.5,72.72727272727273,,0.0
D_Broader_Pool,253263,msmarco_passage_04_230567028,48,0.1794871794871795,71.71717171717171,,6.25
D_Broader_Pool,253263,msmarco_passage_55_741521824,75,0.10714285714285714,70.70707070707071,,8.0
D_Broader_Pool,253263,msmarco_passage_28_817004525,75,0.10714285714285714,69.6969696969697,,8.0
D_Broader_Pool,253263,msmarco_passage_04_311969000,51,0.13043478260869565,68.68686868686868,,5.882352941176471
D_Broader_Pool,253263,msmarco_passage_12_564828274,51,0.13043478260869565,67.67676767676767,,5.882352941176471
D_Broader_Pool,253263,msmarco_passage_38_315746788,51,0.13043478260869565,66.66666666666667,,5.882352941176471
D_Broader_Pool,253263,msmarco_passage_38_316025910,51,0.13043478260869565,65.65656565656566,,5.882352941176471
D_Broader_Pool,253263,msmarco_passage_48_836298228,14,0.3888888888888889,64.64646464646464,,0.0
D_Broader_Pool,253263,msmarco_passage_08_463555490,56,0.1951219512195122,63.63636363636363,,1.7857142857142858
D_Broader_Pool,253263,msmarco_passage_35_324760678,68,0.2127659574468085,62.62626262626263,,2.9411764705882355
D_Broader_Pool,253263,msmarco_passage_07_70363350,58,0.16326530612244897,61.61616161616161,,1.7241379310344827
D_Broader_Pool,253263,msmarco_passage_10_192136472,50,0.3125,60.60606060606061,,4.0
D_Broader_Pool,253263,msmarco_passage_10_474268814,28,0.3333333333333333,59.5959595959596,,3.5714285714285716
D_Broader_Pool,253263,msmarco_passage_10_191792813,30,0.25806451612903225,58.58585858585859,,3.3333333333333335
D_Broader_Pool,253263,msmarco_passage_48_433212241,50,0.14285714285714285,57.57575757575757,,14.0
D_Broader_Pool,253263,msmarco_passage_04_230597806,51,0.17073170731707318,56.56565656565656,,11.764705882352942
D_Broader_Pool,253263,msmarco_passage_10_191791825,34,0.2727272727272727,55.55555555555556,,0.0
D_Broader_Pool,253263,msmarco_passage_54_63139293,57,0.14285714285714285,54.54545454545454,,7.017543859649122
D_Broader_Pool,253263,msmarco_passage_10_191809958,58,0.29411764705882354,53.535353535353536,,1.7241379310344827
D_Broader_Pool,253263,msmarco_passage_32_787081535,66,0.11320754716981132,52.52525252525253,,9.090909090909092
D_Broader_Pool,253263,msmarco_passage_48_836652623,17,0.4,51.515151515151516,,0.0
D_Broader_Pool,253263,msmarco_passage_10_191792405,44,0.18421052631578946,50.5050505050505,,4.545454545454546
D_Broader_Pool,253263,msmarco_passage_10_474269475,47,0.22857142857142856,49.494949494949495,,4.25531914893617
D_Broader_Pool,253263,msmarco_passage_54_184927097,61,0.24390243902439024,48.484848484848484,,3.278688524590164
D_Broader_Pool,253263,msmarco_passage_12_268383729,46,0.21951219512195122,47.47474747474747,,0.0
D_Broader_Pool,253263,msmarco_passage_24_223690258,47,0.19444444444444445,46.464646464646464,,4.25531914893617
D_Broader_Pool,253263,msmarco_passage_09_798090313,20,0.42105263157894735,45.45454545454546,,0.0
D_Broader_Pool,253263,msmarco_passage_06_787030213,57,0.18181818181818182,44.44444444444444,,0.0
D_Broader_Pool,253263,msmarco_passage_00_271917504,23,0.28,43.43434343434344,,13.043478260869565
D_Broader_Pool,253263,msmarco_passage_53_682021126,62,0.16326530612244897,42.42424242424242,,11.290322580645162
D_Broader_Pool,253263,msmarco_passage_53_705318640,62,0.16326530612244897,41.41414141414141,,11.290322580645162
D_Broader_Pool,253263,msmarco_passage_12_269912869,39,0.3448275862068966,40.40404040404041,,7.6923076923076925
D_Broader_Pool,253263,msmarco_passage_53_402196399,54,0.20512820512820512,39.39393939393939,,3.7037037037037037
D_Broader_Pool,253263,msmarco_passage_17_307265996,39,0.23529411764705882,38.38383838383839,,2.5641025641025643
D_Broader_Pool,253263,msmarco_passage_00_25922941,23,0.375,37.37373737373737,,4.3478260869565215
D_Broader_Pool,253263,msmarco_passage_08_67643899,45,0.23684210526315788,36.36363636363637,,4.444444444444445
D_Broader_Pool,253263,msmarco_passage_53_455140418,45,0.23684210526315788,35.35353535353535,,4.444444444444445
D_Broader_Pool,253263,msmarco_passage_36_413438202,58,0.17777777777777778,34.34343434343434,,5.172413793103448
D_Broader_Pool,253263,msmarco_passage_10_192135129,53,0.22727272727272727,33.333333333333336,,5.660377358490566
D_Broader_Pool,253263,msmarco_passage_17_307267669,46,0.24390243902439024,32.32323232323232,,0.0
D_Broader_Pool,253263,msmarco_passage_59_38931519,76,0.17857142857142858,31.313131313131315,,0.0
D_Broader_Pool,253263,msmarco_passage_04_99696012,53,0.1794871794871795,30.303030303030297,,1.8867924528301887
D_Broader_Pool,253263,msmarco_passage_36_413437203,71,0.12280701754385964,29.292929292929294,,4.225352112676056
D_Broader_Pool,253263,msmarco_passage_12_263128349,60,0.18,28.282828282828287,,8.333333333333334
D_Broader_Pool,253263,msmarco_passage_10_191790466,61,0.18604651162790697,27.27272727272727,,0.0
D_Broader_Pool,253263,msmarco_passage_00_25923169,37,0.2727272727272727,26.262626262626267,,8.108108108108109
D_Broader_Pool,253263,msmarco_passage_00_170123031,70,0.23076923076923078,25.25252525252525,,4.285714285714286
D_Broader_Pool,253263,msmarco_passage_00_170115947,59,0.17391304347826086,24.242424242424242,,3.389830508474576
D_Broader_Pool,253263,msmarco_passage_07_70363860,31,0.2903225806451613,23.23232323232324,,3.225806451612903
D_Broader_Pool,253263,msmarco_passage_00_25923498,26,0.2962962962962963,22.22222222222222,,0.0
D_Broader_Pool,253263,msmarco_passage_17_120530047,70,0.17543859649122806,21.212121212121215,,0.0
D_Broader_Pool,253263,msmarco_passage_07_678949670,58,0.16279069767441862,20.2020202020202,,0.0
D_Broader_Pool,253263,msmarco_passage_52_639234840,58,0.16279069767441862,19.191919191919194,,0.0
D_Broader_Pool,253263,msmarco_passage_24_152156927,58,0.16279069767441862,18.181818181818176,,0.0
D_Broader_Pool,253263,msmarco_passage_24_186269094,53,0.23684210526315788,17.17171717171717,,3.7735849056603774
D_Broader_Pool,253263,msmarco_passage_00_170122187,69,0.19148936170212766,16.161616161616166,,4.3478260869565215
D_Broader_Pool,253263,msmarco_passage_00_493486438,25,0.25925925925925924,15.151515151515149,,0.0
D_Broader_Pool,253263,msmarco_passage_00_25920424,57,0.19148936170212766,14.141414141414144,,5.2631578947368425
D_Broader_Pool,253263,msmarco_passage_44_330411377,43,0.09302325581395349,13.131313131313128,,0.0
D_Broader_Pool,253263,msmarco_passage_41_34601591,59,0.13725490196078433,12.121212121212121,,0.0
D_Broader_Pool,253263,msmarco_passage_17_120526991,56,0.3103448275862069,11.111111111111116,,7.142857142857143
D_Broader_Pool,253263,msmarco_passage_24_211579613,47,0.2727272727272727,10.1010101010101,,8.51063829787234
D_Broader_Pool,253263,msmarco_passage_37_472032748,60,0.10909090909090909,9.090909090909093,,1.6666666666666667
D_Broader_Pool,253263,msmarco_passage_36_110149787,58,0.16,8.080808080808078,,0.0
D_Broader_Pool,253263,msmarco_passage_12_178110959,133,0.10416666666666667,7.070707070707072,,7.518796992481203
D_Broader_Pool,253263,msmarco_passage_04_99738467,58,0.34615384615384615,6.060606060606055,,5.172413793103448
D_Broader_Pool,253263,msmarco_passage_04_99697717,58,0.3333333333333333,5.05050505050505,,0.0
D_Broader_Pool,253263,msmarco_passage_51_508064468,53,0.25,4.040404040404044,,5.660377358490566
D_Broader_Pool,253263,msmarco_passage_24_154530738,52,0.18181818181818182,3.0303030303030276,,3.8461538461538463
D_Broader_Pool,253263,msmarco_passage_06_694809167,55,0.125,2.020202020202022,,0.0
D_Broader_Pool,253263,msmarco_passage_48_433137695,54,0.0975609756097561,1.0101010101010055,,11.11111111111111
D_Broader_Pool,253263,msmarco_passage_13_45087416,61,0.1509433962264151,0.0,,1.639344262295082
D_Broader_Pool,300025,msmarco_passage_23_307538604,44,0.10869565217391304,100.0,,13.636363636363637
D_Broader_Pool,300025,msmarco_passage_10_457252165,99,0.07407407407407407,98.98989898989899,,14.141414141414142
D_Broader_Pool,300025,msmarco_passage_20_736374757,50,0.0975609756097561,97.97979797979798,,16.0
D_Broader_Pool,300025,msmarco_passage_10_457250983,54,0.0784313725490196,96.96969696969697,,5.555555555555555
D_Broader_Pool,300025,msmarco_passage_20_281778523,80,0.08196721311475409,95.95959595959596,,16.25
D_Broader_Pool,300025,msmarco_passage_20_736374373,39,0.15151515151515152,94.94949494949495,,17.94871794871795
D_Broader_Pool,300025,msmarco_passage_01_860445927,57,0.07272727272727272,93.93939393939394,,12.280701754385966
D_Broader_Pool,300025,msmarco_passage_04_561350495,44,0.08695652173913043,92.92929292929293,,13.636363636363637
D_Broader_Pool,300025,msmarco_passage_51_212299641,52,0.14,91.91919191919192,,7.6923076923076925
D_Broader_Pool,300025,msmarco_passage_62_872025429,45,0.175,90.9090909090909,,4.444444444444445
D_Broader_Pool,300025,msmarco_passage_47_342206698,47,0.13333333333333333,89.8989898989899,,2.127659574468085
D_Broader_Pool,300025,msmarco_passage_51_486644437,42,0.07317073170731707,88.88888888888889,,7.142857142857143
D_Broader_Pool,300025,msmarco_passage_48_244666680,53,0.13636363636363635,87.87878787878788,,3.7735849056603774
D_Broader_Pool,300025,msmarco_passage_35_594922783,30,0.15151515151515152,86.86868686868688,,6.666666666666667
D_Broader_Pool,300025,msmarco_passage_10_457251442,35,0.10810810810810811,85.85858585858585,,17.142857142857142
D_Broader_Pool,300025,msmarco_passage_18_227810900,46,0.11363636363636363,84.84848484848484,,17.391304347826086
D_Broader_Pool,300025,msmarco_passage_18_743987700,55,0.11904761904761904,83.83838383838383,,12.727272727272727
D_Broader_Pool,300025,msmarco_passage_46_377979165,44,0.17142857142857143,82.82828282828282,,6.818181818181818
D_Broader_Pool,300025,msmarco_passage_26_221814524,52,0.09523809523809523,81.81818181818181,,9.615384615384615
D_Broader_Pool,300025,msmarco_passage_44_592233789,40,0.16666666666666666,80.8080808080808,,7.5
D_Broader_Pool,300025,msmarco_passage_33_503719675,49,0.13043478260869565,79.7979797979798,,6.122448979591836
D_Broader_Pool,300025,msmarco_passage_14_634810200,55,0.0784313725490196,78.78787878787878,,25.454545454545453
D_Broader_Pool,300025,msmarco_passage_68_213251933,42,0.11363636363636363,77.77777777777779,,4.761904761904762
D_Broader_Pool,300025,msmarco_passage_46_461393566,51,0.1111111111111111,76.76767676767678,,1.9607843137254901
D_Broader_Pool,300025,msmarco_passage_08_595957553,58,0.05357142857142857,75.75757575757575,,8.620689655172415
D_Broader_Pool,300025,msmarco_passage_55_850057227,58,0.05357142857142857,74.74747474747474,,8.620689655172415
D_Broader_Pool,300025,msmarco_passage_18_227809208,43,0.10869565217391304,73.73737373737373,,9.30232558139535
D_Broader_Pool,300025,msmarco_passage_00_158178731,56,0.17073170731707318,72.72727272727273,,5.357142857142857
D_Broader_Pool,300025,msmarco_passage_12_33236690,56,0.17073170731707318,71.71717171717171,,5.357142857142857
D_Broader_Pool,300025,msmarco_passage_01_239188347,78,0.046875,70.70707070707071,,16.666666666666668
D_Broader_Pool,300025,msmarco_passage_35_461931987,42,0.11627906976744186,69.6969696969697,,0.0
D_Broader_Pool,300025,msmarco_passage_43_711807262,42,0.07692307692307693,68.68686868686868,,11.904761904761905
D_Broader_Pool,300025,msmarco_passage_07_96598783,76,0.09230769230769231,67.67676767676767,,11.842105263157896
D_Broader_Pool,300025,msmarco_passage_35_461936291,44,0.11904761904761904,66.66666666666667,,0.0
D_Broader_Pool,300025,msmarco_passage_03_463626718,44,0.11904761904761904,65.65656565656566,,0.0
D_Broader_Pool,300025,msmarco_passage_26_628942056,56,0.15384615384615385,64.64646464646464,,8.928571428571429
D_Broader_Pool,300025,msmarco_passage_01_722010666,54,0.125,63.63636363636363,,5.555555555555555
D_Broader_Pool,300025,msmarco_passage_22_520744361,45,0.1111111111111111,62.62626262626263,,4.444444444444445
D_Broader_Pool,300025,msmarco_passage_29_300498868,43,0.07317073170731707,61.61616161616161,,2.3255813953488373
D_Broader_Pool,300025,msmarco_passage_05_494940863,45,0.14285714285714285,60.60606060606061,,13.333333333333334
D_Broader_Pool,300025,msmarco_passage_28_865414530,53,0.1111111111111111,59.5959595959596,,5.660377358490566
D_Broader_Pool,300025,msmarco_passage_05_28772869,63,0.09375,58.58585858585859,,7.936507936507937
D_Broader_Pool,300025,msmarco_passage_68_212793328,55,0.12244897959183673,57.57575757575757,,0.0
D_Broader_Pool,300025,msmarco_passage_29_752023711,47,0.15789473684210525,56.56565656565656,,4.25531914893617
D_Broader_Pool,300025,msmarco_passage_58_714478309,47,0.11627906976744186,55.55555555555556,,0.0
D_Broader_Pool,300025,msmarco_passage_57_329407553,82,0.11666666666666667,54.54545454545454,,3.658536585365854
D_Broader_Pool,300025,msmarco_passage_67_1629936,45,0.11904761904761904,53.535353535353536,,2.2222222222222223
D_Broader_Pool,300025,msmarco_passage_68_165142816,73,0.11320754716981132,52.52525252525253,,1.36986301369863
D_Broader_Pool,300025,msmarco_passage_37_77317847,46,0.11363636363636363,51.515151515151516,,2.1739130434782608
D_Broader_Pool,300025,msmarco_passage_48_479045855,46,0.17142857142857143,50.5050505050505,,10.869565217391305
D_Broader_Pool,300025,msmarco_passage_60_347669971,47,0.08333333333333333,49.494949494949495,,6.382978723404255
D_Broader_Pool,300025,msmarco_passage_00_163729495,40,0.12195121951219512,48.484848484848484,,5.0
D_Broader_Pool,300025,msmarco_passage_12_53431738,40,0.12195121951219512,47.47474747474747,,5.0
D_Broader_Pool,300025,msmarco_passage_12_39467890,40,0.12195121951219512,46.464646464646464,,5.0
D_Broader_Pool,300025,msmarco_passage_67_1335487,55,0.1,45.45454545454546,,1.8181818181818181
D_Broader_Pool,300025,msmarco_passage_26_701334157,45,0.09090909090909091,44.44444444444444,,13.333333333333334
D_Broader_Pool,300025,msmarco_passage_31_620112557,44,0.11904761904761904,43.43434343434344,,0.0
D_Broader_Pool,300025,msmarco_passage_67_1476721,44,0.11904761904761904,42.42424242424242,,0.0
D_Broader_Pool,300025,msmarco_passage_28_605832986,50,0.10416666666666667,41.41414141414141,,10.0
D_Broader_Pool,300025,msmarco_passage_60_347315974,53,0.08163265306122448,40.40404040404041,,3.7735849056603774
D_Broader_Pool,300025,msmarco_passage_03_833777696,45,0.10526315789473684,39.39393939393939,,2.2222222222222223
D_Broader_Pool,300025,msmarco_passage_28_863223069,50,0.10638297872340426,38.38383838383839,,2.0
D_Broader_Pool,300025,msmarco_passage_02_460347912,50,0.10638297872340426,37.37373737373737,,2.0
D_Broader_Pool,300025,msmarco_passage_32_786917093,48,0.13953488372093023,36.36363636363637,,4.166666666666667
D_Broader_Pool,300025,msmarco_passage_03_116700187,48,0.13953488372093023,35.35353535353535,,4.166666666666667
D_Broader_Pool,300025,msmarco_passage_12_60198128,51,0.045454545454545456,34.34343434343434,,3.9215686274509802
D_Broader_Pool,300025,msmarco_passage_43_478922277,45,0.06521739130434782,33.333333333333336,,11.11111111111111
D_Broader_Pool,300025,msmarco_passage_05_637331021,45,0.06521739130434782,32.32323232323232,,11.11111111111111
D_Broader_Pool,300025,msmarco_passage_67_1777942,53,0.1,31.313131313131315,,0.0
D_Broader_Pool,300025,msmarco_passage_21_552073940,41,0.15,30.303030303030297,,0.0
D_Broader_Pool,300025,msmarco_passage_09_861287934,44,0.07142857142857142,29.292929292929294,,9.090909090909092
D_Broader_Pool,300025,msmarco_passage_60_235065767,51,0.061224489795918366,28.282828282828287,,9.803921568627452
D_Broader_Pool,300025,msmarco_passage_64_341030026,79,0.06944444444444445,27.27272727272727,,11.39240506329114
D_Broader_Pool,300025,msmarco_passage_05_734061511,55,0.058823529411764705,26.262626262626267,,7.2727272727272725
D_Broader_Pool,300025,msmarco_passage_56_147392857,36,0.1111111111111111,25.25252525252525,,2.7777777777777777
D_Broader_Pool,300025,msmarco_passage_44_61706146,45,0.125,24.242424242424242,,0.0
D_Broader_Pool,300025,msmarco_passage_05_790307216,45,0.125,23.23232323232324,,0.0
D_Broader_Pool,300025,msmarco_passage_05_790407003,45,0.125,22.22222222222222,,0.0
D_Broader_Pool,300025,msmarco_passage_29_49710876,79,0.06896551724137931,21.212121212121215,,5.063291139240507
D_Broader_Pool,300025,msmarco_passage_52_629959888,54,0.061224489795918366,20.2020202020202,,3.7037037037037037
D_Broader_Pool,300025,msmarco_passage_09_416975917,53,0.1,19.191919191919194,,7.547169811320755
D_Broader_Pool,300025,msmarco_passage_64_373890460,53,0.14583333333333334,18.181818181818176,,1.8867924528301887
D_Broader_Pool,300025,msmarco_passage_02_125607648,55,0.1276595744680851,17.17171717171717,,1.8181818181818181
D_Broader_Pool,300025,msmarco_passage_68_149059129,52,0.05660377358490566,16.161616161616166,,0.0
D_Broader_Pool,300025,msmarco_passage_39_627944418,62,0.041666666666666664,15.151515151515149,,1.6129032258064515
D_Broader_Pool,300025,msmarco_passage_68_172633202,58,0.11363636363636363,14.141414141414144,,0.0
D_Broader_Pool,300025,msmarco_passage_32_641899465,52,0.047619047619047616,13.131313131313128,,5.769230769230769
D_Broader_Pool,300025,msmarco_passage_23_468319423,53,0.11627906976744186,12.121212121212121,,0.0
D_Broader_Pool,300025,msmarco_passage_18_840121970,53,0.11627906976744186,11.111111111111116,,0.0
D_Broader_Pool,300025,msmarco_passage_17_473838388,53,0.11627906976744186,10.1010101010101,,0.0
D_Broader_Pool,300025,msmarco_passage_26_135639654,57,0.11627906976744186,9.090909090909093,,5.2631578947368425
D_Broader_Pool,300025,msmarco_passage_01_493109923,57,0.09090909090909091,8.080808080808078,,5.2631578947368425
D_Broader_Pool,300025,msmarco_passage_13_542989873,45,0.0975609756097561,7.070707070707072,,0.0
D_Broader_Pool,300025,msmarco_passage_34_481274696,52,0.13043478260869565,6.060606060606055,,7.6923076923076925
D_Broader_Pool,300025,msmarco_passage_02_413200746,52,0.125,5.05050505050505,,0.0
D_Broader_Pool,300025,msmarco_passage_46_371312367,87,0.04838709677419355,4.040404040404044,,0.0
D_Broader_Pool,300025,msmarco_passage_28_591532942,52,0.06666666666666667,3.0303030303030276,,1.9230769230769231
D_Broader_Pool,300025,msmarco_passage_12_412202707,42,0.1,2.020202020202022,,0.0
D_Broader_Pool,300025,msmarco_passage_29_313424631,66,0.10714285714285714,1.0101010101010055,,1.5151515151515151
D_Broader_Pool,300025,msmarco_passage_01_294803376,88,0.1111111111111111,0.0,,3.409090909090909
D_Broader_Pool,300986,msmarco_passage_60_672040749,45,0.15384615384615385,100.0,,6.666666666666667
D_Broader_Pool,300986,msmarco_passage_60_672100439,45,0.15384615384615385,98.98989898989899,,6.666666666666667
D_Broader_Pool,300986,msmarco_passage_52_724524912,55,0.13513513513513514,97.97979797979798,,14.545454545454545
D_Broader_Pool,300986,msmarco_passage_14_491490487,47,0.1282051282051282,96.96969696969697,,25.53191489361702
D_Broader_Pool,300986,msmarco_passage_44_178929410,59,0.11363636363636363,95.95959595959596,,1.694915254237288
D_Broader_Pool,300986,msmarco_passage_14_491491316,43,0.13513513513513514,94.94949494949495,,27.906976744186046
D_Broader_Pool,300986,msmarco_passage_28_817645953,54,0.12195121951219512,93.93939393939394,,7.407407407407407
D_Broader_Pool,300986,msmarco_passage_48_253244347,45,0.14285714285714285,92.92929292929293,,2.2222222222222223
D_Broader_Pool,300986,msmarco_passage_14_491489667,54,0.13636363636363635,91.91919191919192,,24.074074074074073
D_Broader_Pool,300986,msmarco_passage_02_562680030,42,0.1282051282051282,90.9090909090909,,9.523809523809524
D_Broader_Pool,300986,msmarco_passage_60_588572280,56,0.1111111111111111,89.8989898989899,,21.428571428571427
D_Broader_Pool,300986,msmarco_passage_63_826007040,62,0.08888888888888889,88.88888888888889,,3.225806451612903
D_Broader_Pool,300986,msmarco_passage_26_350243017,74,0.1702127659574468,87.87878787878788,,9.45945945945946
D_Broader_Pool,300986,msmarco_passage_60_672038313,69,0.07142857142857142,86.86868686868688,,7.246376811594203
D_Broader_Pool,300986,msmarco_passage_60_672098003,69,0.07142857142857142,85.85858585858585,,7.246376811594203
D_Broader_Pool,300986,msmarco_passage_45_326378810,50,0.15384615384615385,84.84848484848484,,16.0
D_Broader_Pool,300986,msmarco_passage_60_672100841,64,0.0784313725490196,83.83838383838383,,4.6875
D_Broader_Pool,300986,msmarco_passage_60_672041151,64,0.0784313725490196,82.82828282828282,,4.6875
D_Broader_Pool,300986,msmarco_passage_40_77968136,55,0.10204081632653061,81.81818181818181,,12.727272727272727
D_Broader_Pool,300986,msmarco_passage_51_532132796,52,0.1282051282051282,80.8080808080808,,11.538461538461538
D_Broader_Pool,300986,msmarco_passage_42_671053391,60,0.09523809523809523,79.7979797979798,,3.3333333333333335
D_Broader_Pool,300986,msmarco_passage_05_339916252,60,0.09523809523809523,78.78787878787878,,3.3333333333333335
D_Broader_Pool,300986,msmarco_passage_41_212377934,49,0.125,77.77777777777779,,12.244897959183673
D_Broader_Pool,300986,msmarco_passage_04_815543932,49,0.125,76.76767676767678,,12.244897959183673
D_Broader_Pool,300986,msmarco_passage_56_488991713,48,0.1111111111111111,75.75757575757575,,10.416666666666666
D_Broader_Pool,300986,msmarco_passage_54_184233851,45,0.13333333333333333,74.74747474747474,,11.11111111111111
D_Broader_Pool,300986,msmarco_passage_60_672040286,49,0.12195121951219512,73.73737373737373,,4.081632653061225
D_Broader_Pool,300986,msmarco_passage_60_672099976,49,0.12195121951219512,72.72727272727273,,4.081632653061225
D_Broader_Pool,300986,msmarco_passage_26_350243980,59,0.1111111111111111,71.71717171717171,,10.169491525423728
D_Broader_Pool,300986,msmarco_passage_04_451515431,47,0.1111111111111111,70.70707070707071,,6.382978723404255
D_Broader_Pool,300986,msmarco_passage_30_600329174,46,0.12195121951219512,69.6969696969697,,2.1739130434782608
D_Broader_Pool,300986,msmarco_passage_32_791104712,51,0.14634146341463414,68.68686868686868,,11.764705882352942
D_Broader_Pool,300986,msmarco_passage_03_500285269,39,0.1388888888888889,67.67676767676767,,17.94871794871795
D_Broader_Pool,300986,msmarco_passage_63_826007528,59,0.12244897959183673,66.66666666666667,,5.084745762711864
D_Broader_Pool,300986,msmarco_passage_27_294688455,54,0.09090909090909091,65.65656565656566,,18.51851851851852
D_Broader_Pool,300986,msmarco_passage_05_845757340,52,0.11627906976744186,64.64646464646464,,17.307692307692307
D_Broader_Pool,300986,msmarco_passage_14_193793985,54,0.08888888888888889,63.63636363636363,,11.11111111111111
D_Broader_Pool,300986,msmarco_passage_17_660918641,56,0.13333333333333333,62.62626262626263,,16.071428571428573
D_Broader_Pool,300986,msmarco_passage_52_724523436,55,0.08,61.61616161616161,,3.6363636363636362
D_Broader_Pool,300986,msmarco_passage_60_672035513,44,0.10526315789473684,60.60606060606061,,6.818181818181818
D_Broader_Pool,300986,msmarco_passage_60_672095203,44,0.10526315789473684,59.5959595959596,,6.818181818181818
D_Broader_Pool,300986,msmarco_passage_28_728577037,58,0.13953488372093023,58.58585858585859,,10.344827586206897
D_Broader_Pool,300986,msmarco_passage_42_118563231,51,0.11363636363636363,57.57575757575757,,11.764705882352942
D_Broader_Pool,300986,msmarco_passage_26_350240316,41,0.125,56.56565656565656,,4.878048780487805
D_Broader_Pool,300986,msmarco_passage_42_681422419,51,0.08888888888888889,55.55555555555556,,7.8431372549019605
D_Broader_Pool,300986,msmarco_passage_26_350239990,33,0.2,54.54545454545454,,9.090909090909092
D_Broader_Pool,300986,msmarco_passage_46_770958900,53,0.10869565217391304,53.535353535353536,,13.20754716981132
D_Broader_Pool,300986,msmarco_passage_20_258080636,45,0.11627906976744186,52.52525252525253,,17.77777777777778
D_Broader_Pool,300986,msmarco_passage_23_314351210,56,0.1276595744680851,51.515151515151516,,7.142857142857143
D_Broader_Pool,300986,msmarco_passage_51_205043835,52,0.125,50.5050505050505,,19.23076923076923
D_Broader_Pool,300986,msmarco_passage_02_25175874,41,0.09302325581395349,49.494949494949495,,17.073170731707318
D_Broader_Pool,300986,msmarco_passage_55_151574959,37,0.1111111111111111,48.484848484848484,,0.0
D_Broader_Pool,300986,msmarco_passage_24_387948135,59,0.12,47.47474747474747,,23.728813559322035
D_Broader_Pool,300986,msmarco_passage_26_350240694,59,0.09615384615384616,46.464646464646464,,5.084745762711864
D_Broader_Pool,300986,msmarco_passage_58_567141580,52,0.10869565217391304,45.45454545454546,,11.538461538461538
D_Broader_Pool,300986,msmarco_passage_58_567141270,27,0.13793103448275862,44.44444444444444,,14.814814814814815
D_Broader_Pool,300986,msmarco_passage_15_364916449,45,0.1111111111111111,43.43434343434344,,15.555555555555555
D_Broader_Pool,300986,msmarco_passage_36_850643220,55,0.10869565217391304,42.42424242424242,,9.090909090909092
D_Broader_Pool,300986,msmarco_passage_36_850662562,55,0.10869565217391304,41.41414141414141,,9.090909090909092
D_Broader_Pool,300986,msmarco_passage_36_850683877,55,0.10869565217391304,40.40404040404041,,9.090909090909092
D_Broader_Pool,300986,msmarco_passage_08_356398935,81,0.08,39.39393939393939,,13.580246913580247
D_Broader_Pool,300986,msmarco_passage_31_535308559,47,0.09090909090909091,38.38383838383839,,14.893617021276595
D_Broader_Pool,300986,msmarco_passage_15_364893095,46,0.1,37.37373737373737,,8.695652173913043
D_Broader_Pool,300986,msmarco_passage_14_193792580,51,0.06818181818181818,36.36363636363637,,3.9215686274509802
D_Broader_Pool,300986,msmarco_passage_47_461009684,61,0.09803921568627451,35.35353535353535,,1.639344262295082
D_Broader_Pool,300986,msmarco_passage_51_32980865,54,0.12244897959183673,34.34343434343434,,0.0
D_Broader_Pool,300986,msmarco_passage_22_797571811,72,0.04918032786885246,33.333333333333336,,2.7777777777777777
D_Broader_Pool,300986,msmarco_passage_01_351109153,72,0.04918032786885246,32.32323232323232,,2.7777777777777777
D_Broader_Pool,300986,msmarco_passage_15_522406697,62,0.058823529411764705,31.313131313131315,,3.225806451612903
D_Broader_Pool,300986,msmarco_passage_56_75823477,62,0.09090909090909091,30.303030303030297,,1.6129032258064515
D_Broader_Pool,300986,msmarco_passage_61_638698118,50,0.0975609756097561,29.292929292929294,,10.0
D_Broader_Pool,300986,msmarco_passage_15_522408017,34,0.14285714285714285,28.282828282828287,,11.764705882352942
D_Broader_Pool,300986,msmarco_passage_20_45967791,44,0.07142857142857142,27.27272727272727,,15.909090909090908
D_Broader_Pool,300986,msmarco_passage_01_801289264,47,0.05128205128205128,26.262626262626267,,4.25531914893617
D_Broader_Pool,300986,msmarco_passage_31_490828019,51,0.04878048780487805,25.25252525252525,,11.764705882352942
D_Broader_Pool,300986,msmarco_passage_51_119000415,48,0.09090909090909091,24.242424242424242,,6.25
D_Broader_Pool,300986,msmarco_passage_34_52776019,43,0.14705882352941177,23.23232323232324,,4.651162790697675
D_Broader_Pool,300986,msmarco_passage_52_722544963,37,0.125,22.22222222222222,,0.0
D_Broader_Pool,300986,msmarco_passage_59_621467447,66,0.10526315789473684,21.212121212121215,,19.696969696969695
D_Broader_Pool,300986,msmarco_passage_15_718851878,65,0.05660377358490566,20.2020202020202,,6.153846153846154
D_Broader_Pool,300986,msmarco_passage_15_225348458,51,0.08888888888888889,19.191919191919194,,13.72549019607843
D_Broader_Pool,300986,msmarco_passage_04_792337596,48,0.09090909090909091,18.181818181818176,,6.25
D_Broader_Pool,300986,msmarco_passage_41_36011048,48,0.09090909090909091,17.17171717171717,,6.25
D_Broader_Pool,300986,msmarco_passage_30_772322938,49,0.07142857142857142,16.161616161616166,,0.0
D_Broader_Pool,300986,msmarco_passage_36_850727802,67,0.10204081632653061,15.151515151515149,,4.477611940298507
D_Broader_Pool,300986,msmarco_passage_45_526960282,39,0.15625,14.141414141414144,,20.512820512820515
D_Broader_Pool,300986,msmarco_passage_59_42639171,63,0.09090909090909091,13.131313131313128,,4.761904761904762
D_Broader_Pool,300986,msmarco_passage_51_570058560,37,0.10344827586206896,12.121212121212121,,13.513513513513514
D_Broader_Pool,300986,msmarco_passage_51_570051562,37,0.10344827586206896,11.111111111111116,,13.513513513513514
D_Broader_Pool,300986,msmarco_passage_41_358743,51,0.0851063829787234,10.1010101010101,,9.803921568627452
D_Broader_Pool,300986,msmarco_passage_45_147093599,61,0.09523809523809523,9.090909090909093,,0.0
D_Broader_Pool,300986,msmarco_passage_52_106971142,42,0.10256410256410256,8.080808080808078,,9.523809523809524
D_Broader_Pool,300986,msmarco_passage_54_299261018,40,0.12121212121212122,7.070707070707072,,0.0
D_Broader_Pool,300986,msmarco_passage_14_344994050,40,0.10810810810810811,6.060606060606055,,0.0
D_Broader_Pool,300986,msmarco_passage_02_308969012,46,0.10526315789473684,5.05050505050505,,2.1739130434782608
D_Broader_Pool,300986,msmarco_passage_02_308943792,46,0.10526315789473684,4.040404040404044,,2.1739130434782608
D_Broader_Pool,300986,msmarco_passage_02_308956402,46,0.10526315789473684,3.0303030303030276,,2.1739130434782608
D_Broader_Pool,300986,msmarco_passage_28_56005375,46,0.10526315789473684,2.020202020202022,,2.1739130434782608
D_Broader_Pool,300986,msmarco_passage_28_55992765,46,0.10526315789473684,1.0101010101010055,,2.1739130434782608
D_Broader_Pool,300986,msmarco_passage_36_850727476,31,0.11538461538461539,0.0,,0.0
D_Broader_Pool,337656,msmarco_passage_10_733659281,29,0.16666666666666666,100.0,,17.24137931034483
D_Broader_Pool,337656,msmarco_passage_45_114413828,59,0.09433962264150944,98.98989898989899,,6.779661016949152
D_Broader_Pool,337656,msmarco_passage_06_99289267,59,0.09433962264150944,97.97979797979798,,6.779661016949152
D_Broader_Pool,337656,msmarco_passage_02_244988916,57,0.12,96.96969696969697,,10.526315789473685
D_Broader_Pool,337656,msmarco_passage_24_336760901,79,0.1016949152542373,95.95959595959596,,17.72151898734177
D_Broader_Pool,337656,msmarco_passage_64_504411889,62,0.11538461538461539,94.94949494949495,,16.129032258064516
D_Broader_Pool,337656,msmarco_passage_62_871924943,63,0.11764705882352941,93.93939393939394,,11.11111111111111
D_Broader_Pool,337656,msmarco_passage_10_261222350,51,0.15384615384615385,92.92929292929293,,9.803921568627452
D_Broader_Pool,337656,msmarco_passage_65_57452647,65,0.10416666666666667,91.91919191919192,,7.6923076923076925
D_Broader_Pool,337656,msmarco_passage_04_117733953,23,0.3,90.9090909090909,,17.391304347826086
D_Broader_Pool,337656,msmarco_passage_26_795932174,66,0.11320754716981132,89.8989898989899,,10.606060606060606
D_Broader_Pool,337656,msmarco_passage_04_81160586,48,0.15384615384615385,88.88888888888889,,10.416666666666666
D_Broader_Pool,337656,msmarco_passage_04_296761666,63,0.07547169811320754,87.87878787878788,,4.761904761904762
D_Broader_Pool,337656,msmarco_passage_58_21990273,57,0.15217391304347827,86.86868686868688,,5.2631578947368425
D_Broader_Pool,337656,msmarco_passage_39_420381279,57,0.15217391304347827,85.85858585858585,,5.2631578947368425
D_Broader_Pool,337656,msmarco_passage_20_147095091,50,0.15,84.84848484848484,,6.0
D_Broader_Pool,337656,msmarco_passage_65_57454141,43,0.1388888888888889,83.83838383838383,,4.651162790697675
D_Broader_Pool,337656,msmarco_passage_04_86617990,42,0.18421052631578946,82.82828282828282,,4.761904761904762
D_Broader_Pool,337656,msmarco_passage_64_128749989,58,0.1794871794871795,81.81818181818181,,12.068965517241379
D_Broader_Pool,337656,msmarco_passage_02_291359768,52,0.16666666666666666,80.8080808080808,,9.615384615384615
D_Broader_Pool,337656,msmarco_passage_54_545898087,48,0.2,79.7979797979798,,10.416666666666666
D_Broader_Pool,337656,msmarco_passage_13_275790560,56,0.16279069767441862,78.78787878787878,,16.071428571428573
D_Broader_Pool,337656,msmarco_passage_36_682317950,49,0.08888888888888889,77.77777777777779,,2.0408163265306123
D_Broader_Pool,337656,msmarco_passage_58_52331998,57,0.14285714285714285,76.76767676767678,,10.526315789473685
D_Broader_Pool,337656,msmarco_passage_58_163095300,57,0.14285714285714285,75.75757575757575,,10.526315789473685
D_Broader_Pool,337656,msmarco_passage_58_546334052,57,0.14285714285714285,74.74747474747474,,10.526315789473685
D_Broader_Pool,337656,msmarco_passage_04_117740243,49,0.21875,73.73737373737373,,18.367346938775512
D_Broader_Pool,337656,msmarco_passage_04_117818646,63,0.1794871794871795,72.72727272727273,,20.634920634920636
D_Broader_Pool,337656,msmarco_passage_04_117819168,30,0.24,71.71717171717171,,16.666666666666668
D_Broader_Pool,337656,msmarco_passage_07_210790811,38,0.17647058823529413,70.70707070707071,,23.68421052631579
D_Broader_Pool,337656,msmarco_passage_04_117571605,41,0.24,69.6969696969697,,19.51219512195122
D_Broader_Pool,337656,msmarco_passage_34_410181837,61,0.13725490196078433,68.68686868686868,,4.918032786885246
D_Broader_Pool,337656,msmarco_passage_59_238859334,28,0.3157894736842105,67.67676767676767,,14.285714285714286
D_Broader_Pool,337656,msmarco_passage_09_206912273,28,0.3157894736842105,66.66666666666667,,14.285714285714286
D_Broader_Pool,337656,msmarco_passage_68_680545100,37,0.20588235294117646,65.65656565656566,,8.108108108108109
D_Broader_Pool,337656,msmarco_passage_04_117741373,59,0.2222222222222222,64.64646464646464,,20.338983050847457
D_Broader_Pool,337656,msmarco_passage_04_117766389,41,0.2916666666666667,63.63636363636363,,7.317073170731708
D_Broader_Pool,337656,msmarco_passage_64_35121073,71,0.12,62.62626262626263,,16.901408450704224
D_Broader_Pool,337656,msmarco_passage_36_22207071,59,0.18421052631578946,61.61616161616161,,15.254237288135593
D_Broader_Pool,337656,msmarco_passage_04_117797406,40,0.2692307692307692,60.60606060606061,,20.0
D_Broader_Pool,337656,msmarco_passage_04_117748829,39,0.28,59.5959595959596,,17.94871794871795
D_Broader_Pool,337656,msmarco_passage_55_586789337,22,0.3684210526315789,58.58585858585859,,22.727272727272727
D_Broader_Pool,337656,msmarco_passage_55_586727524,22,0.3684210526315789,57.57575757575757,,22.727272727272727
D_Broader_Pool,337656,msmarco_passage_28_384079870,69,0.15555555555555556,56.56565656565656,,17.391304347826086
D_Broader_Pool,337656,msmarco_passage_57_850780802,57,0.18421052631578946,55.55555555555556,,12.280701754385966
D_Broader_Pool,337656,msmarco_passage_04_117794474,27,0.375,54.54545454545454,,18.51851851851852
D_Broader_Pool,337656,msmarco_passage_21_514730872,38,0.16666666666666666,53.535353535353536,,13.157894736842104
D_Broader_Pool,337656,msmarco_passage_47_98914319,63,0.15555555555555556,52.52525252525253,,1.5873015873015872
D_Broader_Pool,337656,msmarco_passage_58_488943922,59,0.14893617021276595,51.515151515151516,,11.864406779661017
D_Broader_Pool,337656,msmarco_passage_04_117742620,52,0.19444444444444445,50.5050505050505,,11.538461538461538
D_Broader_Pool,337656,msmarco_passage_19_746912315,54,0.1276595744680851,49.494949494949495,,9.25925925925926
D_Broader_Pool,337656,msmarco_passage_62_573196830,63,0.18604651162790697,48.484848484848484,,17.46031746031746
D_Broader_Pool,337656,msmarco_passage_04_117768972,50,0.1935483870967742,47.47474747474747,,20.0
D_Broader_Pool,337656,msmarco_passage_47_828472839,58,0.09302325581395349,46.464646464646464,,6.896551724137931
D_Broader_Pool,337656,msmarco_passage_04_117777447,54,0.20588235294117646,45.45454545454546,,12.962962962962964
D_Broader_Pool,337656,msmarco_passage_04_216251580,54,0.25,44.44444444444444,,12.962962962962964
D_Broader_Pool,337656,msmarco_passage_04_321313763,50,0.18421052631578946,43.43434343434344,,8.0
D_Broader_Pool,337656,msmarco_passage_31_732120743,75,0.14893617021276595,42.42424242424242,,14.666666666666666
D_Broader_Pool,337656,msmarco_passage_06_310924727,61,0.175,41.41414141414141,,6.557377049180328
D_Broader_Pool,337656,msmarco_passage_46_69441085,61,0.175,40.40404040404041,,6.557377049180328
D_Broader_Pool,337656,msmarco_passage_12_698299688,68,0.13725490196078433,39.39393939393939,,11.764705882352942
D_Broader_Pool,337656,msmarco_passage_04_117740666,34,0.24,38.38383838383839,,17.647058823529413
D_Broader_Pool,337656,msmarco_passage_61_738867490,51,0.1111111111111111,37.37373737373737,,7.8431372549019605
D_Broader_Pool,337656,msmarco_passage_61_738858794,51,0.1111111111111111,36.36363636363637,,7.8431372549019605
D_Broader_Pool,337656,msmarco_passage_61_738880386,51,0.1111111111111111,35.35353535353535,,7.8431372549019605
D_Broader_Pool,337656,msmarco_passage_61_738850098,51,0.1111111111111111,34.34343434343434,,7.8431372549019605
D_Broader_Pool,337656,msmarco_passage_39_374315264,52,0.1794871794871795,33.333333333333336,,11.538461538461538
D_Broader_Pool,337656,msmarco_passage_04_117797785,54,0.18421052631578946,32.32323232323232,,18.51851851851852
D_Broader_Pool,337656,msmarco_passage_24_353052495,59,0.1590909090909091,31.313131313131315,,18.64406779661017
D_Broader_Pool,337656,msmarco_passage_04_117795643,49,0.2,30.303030303030297,,22.448979591836736
D_Broader_Pool,337656,msmarco_passage_39_370329106,63,0.1590909090909091,29.292929292929294,,4.761904761904762
D_Broader_Pool,337656,msmarco_passage_04_117788983,38,0.2222222222222222,28.282828282828287,,15.789473684210526
D_Broader_Pool,337656,msmarco_passage_04_117831391,48,0.2,27.27272727272727,,14.583333333333334
D_Broader_Pool,337656,msmarco_passage_16_288803144,53,0.14634146341463414,26.262626262626267,,5.660377358490566
D_Broader_Pool,337656,msmarco_passage_19_193432376,57,0.13953488372093023,25.25252525252525,,7.017543859649122
D_Broader_Pool,337656,msmarco_passage_04_117739775,57,0.15789473684210525,24.242424242424242,,19.29824561403509
D_Broader_Pool,337656,msmarco_passage_45_854029576,51,0.09090909090909091,23.23232323232324,,15.686274509803921
D_Broader_Pool,337656,msmarco_passage_00_325854603,62,0.14285714285714285,22.22222222222222,,3.225806451612903
D_Broader_Pool,337656,msmarco_passage_00_325854179,54,0.16666666666666666,21.212121212121215,,7.407407407407407
D_Broader_Pool,337656,msmarco_passage_26_431216410,54,0.18181818181818182,20.2020202020202,,7.407407407407407
D_Broader_Pool,337656,msmarco_passage_04_117738464,72,0.18181818181818182,19.191919191919194,,18.055555555555557
D_Broader_Pool,337656,msmarco_passage_39_370329950,66,0.15555555555555556,18.181818181818176,,6.0606060606060606
D_Broader_Pool,337656,msmarco_passage_22_229264959,50,0.14634146341463414,17.17171717171717,,8.0
D_Broader_Pool,337656,msmarco_passage_39_370330874,63,0.16666666666666666,16.161616161616166,,6.349206349206349
D_Broader_Pool,337656,msmarco_passage_14_657609750,55,0.16279069767441862,15.151515151515149,,3.6363636363636362
D_Broader_Pool,337656,msmarco_passage_58_626632255,45,0.13157894736842105,14.141414141414144,,2.2222222222222223
D_Broader_Pool,337656,msmarco_passage_31_555100951,56,0.14285714285714285,13.131313131313128,,5.357142857142857
D_Broader_Pool,337656,msmarco_passage_06_621546583,61,0.11627906976744186,12.121212121212121,,1.639344262295082
D_Broader_Pool,337656,msmarco_passage_48_156473861,61,0.11627906976744186,11.111111111111116,,1.639344262295082
D_Broader_Pool,337656,msmarco_passage_14_717947002,53,0.18421052631578946,10.1010101010101,,15.09433962264151
D_Broader_Pool,337656,msmarco_passage_28_381122836,66,0.12195121951219512,9.090909090909093,,6.0606060606060606
D_Broader_Pool,337656,msmarco_passage_27_549691728,54,0.11627906976744186,8.080808080808078,,1.8518518518518519
D_Broader_Pool,337656,msmarco_passage_47_810577626,60,0.14285714285714285,7.070707070707072,,6.666666666666667
D_Broader_Pool,337656,msmarco_passage_08_628368879,53,0.07547169811320754,6.060606060606055,,1.8867924528301887
D_Broader_Pool,337656,msmarco_passage_63_129177566,71,0.12962962962962962,5.05050505050505,,7.042253521126761
D_Broader_Pool,337656,msmarco_passage_45_374621904,56,0.14634146341463414,4.040404040404044,,3.5714285714285716
D_Broader_Pool,337656,msmarco_passage_61_46748406,65,0.14705882352941177,3.0303030303030276,,1.5384615384615385
D_Broader_Pool,337656,msmarco_passage_07_223920844,66,0.1,2.020202020202022,,9.090909090909092
D_Broader_Pool,337656,msmarco_passage_38_820422534,57,0.11627906976744186,1.0101010101010055,,1.7543859649122806
D_Broader_Pool,337656,msmarco_passage_12_240515955,81,0.11320754716981132,0.0,,4.938271604938271
D_Broader_Pool,364210,msmarco_passage_11_678680186,55,0.15789473684210525,100.0,,5.454545454545454
D_Broader_Pool,364210,msmarco_passage_11_678687490,55,0.15789473684210525,98.98989898989899,,5.454545454545454
D_Broader_Pool,364210,msmarco_passage_55_272628196,70,0.10869565217391304,97.97979797979798,,1.4285714285714286
D_Broader_Pool,364210,msmarco_passage_55_284593397,70,0.10869565217391304,96.96969696969697,,1.4285714285714286
D_Broader_Pool,364210,msmarco_passage_25_596444800,37,0.13333333333333333,95.95959595959596,,2.7027027027027026
D_Broader_Pool,364210,msmarco_passage_11_73533498,64,0.10204081632653061,94.94949494949495,,3.125
D_Broader_Pool,364210,msmarco_passage_43_286763885,67,0.09615384615384616,93.93939393939394,,0.0
D_Broader_Pool,364210,msmarco_passage_11_73532770,51,0.1282051282051282,92.92929292929293,,0.0
D_Broader_Pool,364210,msmarco_passage_09_484429649,50,0.13513513513513514,91.91919191919192,,0.0
D_Broader_Pool,364210,msmarco_passage_25_596444118,60,0.10869565217391304,90.9090909090909,,3.3333333333333335
D_Broader_Pool,364210,msmarco_passage_53_13525832,58,0.10869565217391304,89.8989898989899,,3.4482758620689653
D_Broader_Pool,364210,msmarco_passage_55_272622963,58,0.09302325581395349,88.88888888888889,,1.7241379310344827
D_Broader_Pool,364210,msmarco_passage_61_344485493,48,0.13157894736842105,87.87878787878788,,0.0
D_Broader_Pool,364210,msmarco_passage_11_678674735,48,0.1388888888888889,86.86868686868688,,2.0833333333333335
D_Broader_Pool,364210,msmarco_passage_11_678682039,48,0.1388888888888889,85.85858585858585,,2.0833333333333335
D_Broader_Pool,364210,msmarco_passage_11_678675186,39,0.13513513513513514,84.84848484848484,,0.0
D_Broader_Pool,364210,msmarco_passage_11_678682490,39,0.13513513513513514,83.83838383838383,,0.0
D_Broader_Pool,364210,msmarco_passage_59_36173095,58,0.10638297872340426,82.82828282828282,,5.172413793103448
D_Broader_Pool,364210,msmarco_passage_11_73529276,50,0.1282051282051282,81.81818181818181,,0.0
D_Broader_Pool,364210,msmarco_passage_65_825758557,60,0.09302325581395349,80.8080808080808,,6.666666666666667
D_Broader_Pool,364210,msmarco_passage_66_82249540,60,0.09302325581395349,79.7979797979798,,6.666666666666667
D_Broader_Pool,364210,msmarco_passage_53_13528139,51,0.1,78.78787878787878,,3.9215686274509802
D_Broader_Pool,364210,msmarco_passage_67_718574094,58,0.125,77.77777777777779,,1.7241379310344827
D_Broader_Pool,364210,msmarco_passage_11_3174115,58,0.125,76.76767676767678,,1.7241379310344827
D_Broader_Pool,364210,msmarco_passage_67_718569701,53,0.09302325581395349,75.75757575757575,,3.7735849056603774
D_Broader_Pool,364210,msmarco_passage_11_3169732,53,0.09302325581395349,74.74747474747474,,3.7735849056603774
D_Broader_Pool,364210,msmarco_passage_63_13231404,61,0.08695652173913043,73.73737373737373,,8.19672131147541
D_Broader_Pool,364210,msmarco_passage_64_431437978,51,0.1282051282051282,72.72727272727273,,3.9215686274509802
D_Broader_Pool,364210,msmarco_passage_65_825760429,36,0.16,71.71717171717171,,2.7777777777777777
D_Broader_Pool,364210,msmarco_passage_66_82251408,36,0.16,70.70707070707071,,2.7777777777777777
D_Broader_Pool,364210,msmarco_passage_59_36176375,51,0.1282051282051282,69.6969696969697,,0.0
D_Broader_Pool,364210,msmarco_passage_11_73532357,48,0.10526315789473684,68.68686868686868,,4.166666666666667
D_Broader_Pool,364210,msmarco_passage_55_272625444,51,0.13157894736842105,67.67676767676767,,0.0
D_Broader_Pool,364210,msmarco_passage_55_284590645,51,0.13157894736842105,66.66666666666667,,0.0
D_Broader_Pool,364210,msmarco_passage_25_596449281,37,0.16129032258064516,65.65656565656566,,0.0
D_Broader_Pool,364210,msmarco_passage_09_484427074,52,0.10638297872340426,64.64646464646464,,5.769230769230769
D_Broader_Pool,364210,msmarco_passage_10_191809958,58,0.14705882352941177,63.63636363636363,,1.7241379310344827
D_Broader_Pool,364210,msmarco_passage_64_431444427,48,0.13157894736842105,62.62626262626263,,4.166666666666667
D_Broader_Pool,364210,msmarco_passage_24_153740607,44,0.2222222222222222,61.61616161616161,,2.272727272727273
D_Broader_Pool,364210,msmarco_passage_61_344485920,54,0.10810810810810811,60.60606060606061,,0.0
D_Broader_Pool,364210,msmarco_passage_28_624418171,53,0.11428571428571428,59.5959595959596,,0.0
D_Broader_Pool,364210,msmarco_passage_25_596446470,53,0.0975609756097561,58.58585858585859,,0.0
D_Broader_Pool,364210,msmarco_passage_66_237486153,46,0.15151515151515152,57.57575757575757,,4.3478260869565215
D_Broader_Pool,364210,msmarco_passage_30_861423617,26,0.14285714285714285,56.56565656565656,,0.0
D_Broader_Pool,364210,msmarco_passage_08_437103247,60,0.10638297872340426,55.55555555555556,,0.0
D_Broader_Pool,364210,msmarco_passage_10_191811699,44,0.15625,54.54545454545454,,2.272727272727273
D_Broader_Pool,364210,msmarco_passage_25_596447400,39,0.21739130434782608,53.535353535353536,,0.0
D_Broader_Pool,364210,msmarco_passage_01_62076720,29,0.07407407407407407,52.52525252525253,,27.586206896551722
D_Broader_Pool,364210,msmarco_passage_61_706780914,66,0.1,51.515151515151516,,1.5151515151515151
D_Broader_Pool,364210,msmarco_passage_01_516481351,72,0.09803921568627451,50.5050505050505,,2.7777777777777777
D_Broader_Pool,364210,msmarco_passage_61_706775831,35,0.16666666666666666,49.494949494949495,,2.857142857142857
D_Broader_Pool,364210,msmarco_passage_11_678681620,51,0.13157894736842105,48.484848484848484,,0.0
D_Broader_Pool,364210,msmarco_passage_11_678674316,51,0.13157894736842105,47.47474747474747,,0.0
D_Broader_Pool,364210,msmarco_passage_11_3165348,66,0.07142857142857142,46.464646464646464,,1.5151515151515151
D_Broader_Pool,364210,msmarco_passage_67_718565307,66,0.07142857142857142,45.45454545454546,,1.5151515151515151
D_Broader_Pool,364210,msmarco_passage_55_284125175,58,0.13953488372093023,44.44444444444444,,1.7241379310344827
D_Broader_Pool,364210,msmarco_passage_55_272210065,58,0.13953488372093023,43.43434343434344,,1.7241379310344827
D_Broader_Pool,364210,msmarco_passage_12_190422397,56,0.08333333333333333,42.42424242424242,,1.7857142857142858
D_Broader_Pool,364210,msmarco_passage_29_246434021,86,0.08620689655172414,41.41414141414141,,0.0
D_Broader_Pool,364210,msmarco_passage_66_237486899,29,0.125,40.40404040404041,,0.0
D_Broader_Pool,364210,msmarco_passage_29_246437068,46,0.11428571428571428,39.39393939393939,,2.1739130434782608
D_Broader_Pool,364210,msmarco_passage_09_652668025,47,0.13513513513513514,38.38383838383839,,2.127659574468085
D_Broader_Pool,364210,msmarco_passage_25_596448272,58,0.0784313725490196,37.37373737373737,,0.0
D_Broader_Pool,364210,msmarco_passage_03_349953368,50,0.16129032258064516,36.36363636363637,,2.0
D_Broader_Pool,364210,msmarco_passage_10_191809167,47,0.16129032258064516,35.35353535353535,,2.127659574468085
D_Broader_Pool,364210,msmarco_passage_53_500361899,54,0.075,34.34343434343434,,5.555555555555555
D_Broader_Pool,364210,msmarco_passage_53_500355276,54,0.075,33.333333333333336,,5.555555555555555
D_Broader_Pool,364210,msmarco_passage_26_848362213,36,0.12903225806451613,32.32323232323232,,0.0
D_Broader_Pool,364210,msmarco_passage_02_78414172,36,0.12903225806451613,31.313131313131315,,0.0
D_Broader_Pool,364210,msmarco_passage_53_500353495,49,0.12121212121212122,30.303030303030297,,0.0
D_Broader_Pool,364210,msmarco_passage_53_500360118,49,0.12121212121212122,29.292929292929294,,0.0
D_Broader_Pool,364210,msmarco_passage_19_433861320,46,0.08333333333333333,28.282828282828287,,0.0
D_Broader_Pool,364210,msmarco_passage_53_428816576,53,0.06382978723404255,27.27272727272727,,7.547169811320755
D_Broader_Pool,364210,msmarco_passage_63_13230428,50,0.07692307692307693,26.262626262626267,,4.0
D_Broader_Pool,364210,msmarco_passage_63_13229709,48,0.10526315789473684,25.25252525252525,,6.25
D_Broader_Pool,364210,msmarco_passage_66_237485061,27,0.19047619047619047,24.242424242424242,,3.7037037037037037
D_Broader_Pool,364210,msmarco_passage_25_596446908,62,0.11627906976744186,23.23232323232324,,0.0
D_Broader_Pool,364210,msmarco_passage_61_706783811,53,0.09523809523809523,22.22222222222222,,3.7735849056603774
D_Broader_Pool,364210,msmarco_passage_59_38907424,67,0.08333333333333333,21.212121212121215,,2.985074626865672
D_Broader_Pool,364210,msmarco_passage_19_433859899,69,0.08695652173913043,20.2020202020202,,0.0
D_Broader_Pool,364210,msmarco_passage_61_344447892,65,0.0851063829787234,19.191919191919194,,4.615384615384615
D_Broader_Pool,364210,msmarco_passage_29_246430081,37,0.14285714285714285,18.181818181818176,,0.0
D_Broader_Pool,364210,msmarco_passage_40_271920829,48,0.06060606060606061,17.17171717171717,,2.0833333333333335
D_Broader_Pool,364210,msmarco_passage_26_855852987,56,0.045454545454545456,16.161616161616166,,0.0
D_Broader_Pool,364210,msmarco_passage_19_433866027,48,0.09375,15.151515151515149,,0.0
D_Broader_Pool,364210,msmarco_passage_33_73504064,53,0.1388888888888889,14.141414141414144,,1.8867924528301887
D_Broader_Pool,364210,msmarco_passage_30_861423926,38,0.0967741935483871,13.131313131313128,,2.6315789473684212
D_Broader_Pool,364210,msmarco_passage_61_384193524,34,0.0967741935483871,12.121212121212121,,2.9411764705882355
D_Broader_Pool,364210,msmarco_passage_52_344209725,49,0.06666666666666667,11.111111111111116,,8.16326530612245
D_Broader_Pool,364210,msmarco_passage_02_649371170,62,0.10638297872340426,10.1010101010101,,0.0
D_Broader_Pool,364210,msmarco_passage_45_183607269,59,0.06666666666666667,9.090909090909093,,0.0
D_Broader_Pool,364210,msmarco_passage_59_776450272,59,0.045454545454545456,8.080808080808078,,3.389830508474576
D_Broader_Pool,364210,msmarco_passage_59_750458353,58,0.10810810810810811,7.070707070707072,,1.7241379310344827
D_Broader_Pool,364210,msmarco_passage_09_652668837,57,0.09302325581395349,6.060606060606055,,1.7543859649122806
D_Broader_Pool,364210,msmarco_passage_53_441211686,49,0.10810810810810811,5.05050505050505,,0.0
D_Broader_Pool,364210,msmarco_passage_12_190424771,57,0.10204081632653061,4.040404040404044,,3.508771929824561
D_Broader_Pool,364210,msmarco_passage_67_705383169,63,0.08333333333333333,3.0303030303030276,,3.1746031746031744
D_Broader_Pool,364210,msmarco_passage_53_93254410,51,0.16666666666666666,2.020202020202022,,9.803921568627452
D_Broader_Pool,364210,msmarco_passage_53_264155772,75,0.04918032786885246,1.0101010101010055,,5.333333333333333
D_Broader_Pool,364210,msmarco_passage_19_597763583,41,0.08108108108108109,0.0,,12.195121951219512
D_Broader_Pool,395948,msmarco_passage_66_136128052,45,0.09090909090909091,100.0,,13.333333333333334
D_Broader_Pool,395948,msmarco_passage_66_136129737,52,0.1,98.98989898989899,,21.153846153846153
D_Broader_Pool,395948,msmarco_passage_52_407368767,53,0.06382978723404255,97.97979797979798,,15.09433962264151
D_Broader_Pool,395948,msmarco_passage_00_335703110,58,0.0625,96.96969696969697,,13.793103448275861
D_Broader_Pool,395948,msmarco_passage_40_31220962,37,0.07692307692307693,95.95959595959596,,24.324324324324323
D_Broader_Pool,395948,msmarco_passage_09_593796930,32,0.08333333333333333,94.94949494949495,,18.75
D_Broader_Pool,395948,msmarco_passage_12_633563963,37,0.12195121951219512,93.93939393939394,,8.108108108108109
D_Broader_Pool,395948,msmarco_passage_62_203523866,43,0.09090909090909091,92.92929292929293,,9.30232558139535
D_Broader_Pool,395948,msmarco_passage_64_172367505,67,0.07272727272727272,91.91919191919192,,10.447761194029852
D_Broader_Pool,395948,msmarco_passage_62_203359783,40,0.0975609756097561,90.9090909090909,,7.5
D_Broader_Pool,395948,msmarco_passage_25_524181318,43,0.05,89.8989898989899,,27.906976744186046
D_Broader_Pool,395948,msmarco_passage_01_713491089,43,0.05,88.88888888888889,,27.906976744186046
D_Broader_Pool,395948,msmarco_passage_01_713479561,52,0.08,87.87878787878788,,11.538461538461538
D_Broader_Pool,395948,msmarco_passage_25_524169816,52,0.08,86.86868686868688,,11.538461538461538
D_Broader_Pool,395948,msmarco_passage_25_524182143,48,0.07317073170731707,85.85858585858585,,18.75
D_Broader_Pool,395948,msmarco_passage_01_713491916,48,0.07317073170731707,84.84848484848484,,18.75
D_Broader_Pool,395948,msmarco_passage_62_806288188,30,0.16129032258064516,83.83838383838383,,10.0
D_Broader_Pool,395948,msmarco_passage_56_55830635,84,0.058823529411764705,82.82828282828282,,8.333333333333334
D_Broader_Pool,395948,msmarco_passage_25_524171562,39,0.08333333333333333,81.81818181818181,,7.6923076923076925
D_Broader_Pool,395948,msmarco_passage_01_713481311,39,0.08333333333333333,80.8080808080808,,7.6923076923076925
D_Broader_Pool,395948,msmarco_passage_53_732705817,52,0.10869565217391304,79.7979797979798,,5.769230769230769
D_Broader_Pool,395948,msmarco_passage_50_160647318,76,0.05263157894736842,78.78787878787878,,21.05263157894737
D_Broader_Pool,395948,msmarco_passage_01_713485374,44,0.11904761904761904,77.77777777777779,,6.818181818181818
D_Broader_Pool,395948,msmarco_passage_25_524175616,44,0.11904761904761904,76.76767676767678,,6.818181818181818
D_Broader_Pool,395948,msmarco_passage_09_42314854,23,0.15384615384615385,75.75757575757575,,13.043478260869565
D_Broader_Pool,395948,msmarco_passage_10_597449528,33,0.11428571428571428,74.74747474747474,,15.151515151515152
D_Broader_Pool,395948,msmarco_passage_25_524177402,43,0.08108108108108109,73.73737373737373,,13.953488372093023
D_Broader_Pool,395948,msmarco_passage_01_713487164,43,0.08108108108108109,72.72727272727273,,13.953488372093023
D_Broader_Pool,395948,msmarco_passage_66_563790251,60,0.12244897959183673,71.71717171717171,,6.666666666666667
D_Broader_Pool,395948,msmarco_passage_03_432383674,48,0.11363636363636363,70.70707070707071,,6.25
D_Broader_Pool,395948,msmarco_passage_09_84938299,31,0.12903225806451613,69.6969696969697,,12.903225806451612
D_Broader_Pool,395948,msmarco_passage_30_743901721,48,0.0975609756097561,68.68686868686868,,8.333333333333334
D_Broader_Pool,395948,msmarco_passage_26_289736208,33,0.08333333333333333,67.67676767676767,,12.121212121212121
D_Broader_Pool,395948,msmarco_passage_37_377820649,58,0.07142857142857142,66.66666666666667,,12.068965517241379
D_Broader_Pool,395948,msmarco_passage_25_524178293,56,0.0851063829787234,65.65656565656566,,10.714285714285714
D_Broader_Pool,395948,msmarco_passage_01_713488057,56,0.0851063829787234,64.64646464646464,,10.714285714285714
D_Broader_Pool,395948,msmarco_passage_58_238510091,69,0.04878048780487805,63.63636363636363,,13.043478260869565
D_Broader_Pool,395948,msmarco_passage_01_713482269,46,0.09302325581395349,62.62626262626263,,17.391304347826086
D_Broader_Pool,395948,msmarco_passage_25_524172518,46,0.09302325581395349,61.61616161616161,,17.391304347826086
D_Broader_Pool,395948,msmarco_passage_52_225823964,106,0.07352941176470588,60.60606060606061,,3.7735849056603774
D_Broader_Pool,395948,msmarco_passage_40_478478913,45,0.046511627906976744,59.5959595959596,,6.666666666666667
D_Broader_Pool,395948,msmarco_passage_01_713483622,44,0.1111111111111111,58.58585858585859,,6.818181818181818
D_Broader_Pool,395948,msmarco_passage_25_524173868,44,0.1111111111111111,57.57575757575757,,6.818181818181818
D_Broader_Pool,395948,msmarco_passage_32_155896849,48,0.08888888888888889,56.56565656565656,,16.666666666666668
D_Broader_Pool,395948,msmarco_passage_44_831905070,54,0.08695652173913043,55.55555555555556,,9.25925925925926
D_Broader_Pool,395948,msmarco_passage_13_694141582,57,0.08695652173913043,54.54545454545454,,14.035087719298245
D_Broader_Pool,395948,msmarco_passage_66_562375326,60,0.12244897959183673,53.535353535353536,,6.666666666666667
D_Broader_Pool,395948,msmarco_passage_52_395520891,51,0.07692307692307693,52.52525252525253,,7.8431372549019605
D_Broader_Pool,395948,msmarco_passage_30_251603586,62,0.07017543859649122,51.515151515151516,,25.806451612903224
D_Broader_Pool,395948,msmarco_passage_30_720986447,33,0.058823529411764705,50.5050505050505,,12.121212121212121
D_Broader_Pool,395948,msmarco_passage_60_699254771,63,0.08928571428571429,49.494949494949495,,7.936507936507937
D_Broader_Pool,395948,msmarco_passage_03_692042522,44,0.08695652173913043,48.484848484848484,,20.454545454545453
D_Broader_Pool,395948,msmarco_passage_30_871830863,44,0.11363636363636363,47.47474747474747,,4.545454545454546
D_Broader_Pool,395948,msmarco_passage_52_222640483,43,0.10526315789473684,46.464646464646464,,4.651162790697675
D_Broader_Pool,395948,msmarco_passage_13_801307303,58,0.11627906976744186,45.45454545454546,,8.620689655172415
D_Broader_Pool,395948,msmarco_passage_52_221256134,47,0.125,44.44444444444444,,4.25531914893617
D_Broader_Pool,395948,msmarco_passage_50_148674633,73,0.06779661016949153,43.43434343434344,,8.219178082191782
D_Broader_Pool,395948,msmarco_passage_66_789006171,49,0.09090909090909091,42.42424242424242,,6.122448979591836
D_Broader_Pool,395948,msmarco_passage_64_415512793,49,0.046511627906976744,41.41414141414141,,12.244897959183673
D_Broader_Pool,395948,msmarco_passage_65_399828602,80,0.06349206349206349,40.40404040404041,,8.75
D_Broader_Pool,395948,msmarco_passage_01_413437948,48,0.08163265306122448,39.39393939393939,,8.333333333333334
D_Broader_Pool,395948,msmarco_passage_20_406078127,49,0.05405405405405406,38.38383838383839,,30.612244897959183
D_Broader_Pool,395948,msmarco_passage_21_283408117,49,0.05405405405405406,37.37373737373737,,30.612244897959183
D_Broader_Pool,395948,msmarco_passage_30_708780716,43,0.07692307692307693,36.36363636363637,,9.30232558139535
D_Broader_Pool,395948,msmarco_passage_03_172698484,48,0.06666666666666667,35.35353535353535,,18.75
D_Broader_Pool,395948,msmarco_passage_13_694025288,48,0.10256410256410256,34.34343434343434,,10.416666666666666
D_Broader_Pool,395948,msmarco_passage_56_55826178,60,0.061224489795918366,33.333333333333336,,13.333333333333334
D_Broader_Pool,395948,msmarco_passage_03_157509408,53,0.0625,32.32323232323232,,18.867924528301888
D_Broader_Pool,395948,msmarco_passage_41_640911015,48,0.1282051282051282,31.313131313131315,,6.25
D_Broader_Pool,395948,msmarco_passage_56_55825198,51,0.06818181818181818,30.303030303030297,,11.764705882352942
D_Broader_Pool,395948,msmarco_passage_32_73748438,50,0.08333333333333333,29.292929292929294,,2.0
D_Broader_Pool,395948,msmarco_passage_32_540679719,43,0.08333333333333333,28.282828282828287,,11.627906976744185
D_Broader_Pool,395948,msmarco_passage_64_149789057,42,0.13513513513513514,27.27272727272727,,11.904761904761905
D_Broader_Pool,395948,msmarco_passage_32_375020681,53,0.11764705882352941,26.262626262626267,,3.7735849056603774
D_Broader_Pool,395948,msmarco_passage_07_566533734,47,0.1276595744680851,25.25252525252525,,12.76595744680851
D_Broader_Pool,395948,msmarco_passage_57_424507032,30,0.11764705882352941,24.242424242424242,,10.0
D_Broader_Pool,395948,msmarco_passage_18_54011527,53,0.10869565217391304,23.23232323232324,,11.320754716981131
D_Broader_Pool,395948,msmarco_passage_02_530046410,50,0.08695652173913043,22.22222222222222,,2.0
D_Broader_Pool,395948,msmarco_passage_09_854441113,53,0.08,21.212121212121215,,9.433962264150944
D_Broader_Pool,395948,msmarco_passage_28_856380315,51,0.08163265306122448,20.2020202020202,,27.45098039215686
D_Broader_Pool,395948,msmarco_passage_47_62102598,42,0.09302325581395349,19.191919191919194,,19.047619047619047
D_Broader_Pool,395948,msmarco_passage_13_692849046,45,0.13157894736842105,18.181818181818176,,11.11111111111111
D_Broader_Pool,395948,msmarco_passage_66_566770991,86,0.09523809523809523,17.17171717171717,,10.465116279069768
D_Broader_Pool,395948,msmarco_passage_01_5945384,67,0.11538461538461539,16.161616161616166,,11.940298507462687
D_Broader_Pool,395948,msmarco_passage_58_551521447,59,0.09615384615384616,15.151515151515149,,6.779661016949152
D_Broader_Pool,395948,msmarco_passage_58_568501364,59,0.09615384615384616,14.141414141414144,,6.779661016949152
D_Broader_Pool,395948,msmarco_passage_00_412195534,79,0.12698412698412698,13.131313131313128,,5.063291139240507
D_Broader_Pool,395948,msmarco_passage_35_621993358,56,0.15,12.121212121212121,,21.428571428571427
D_Broader_Pool,395948,msmarco_passage_23_826990062,55,0.1276595744680851,11.111111111111116,,16.363636363636363
D_Broader_Pool,395948,msmarco_passage_12_628094992,56,0.13333333333333333,10.1010101010101,,5.357142857142857
D_Broader_Pool,395948,msmarco_passage_13_331398108,51,0.15217391304347827,9.090909090909093,,13.72549019607843
D_Broader_Pool,395948,msmarco_passage_21_196052140,57,0.07692307692307693,8.080808080808078,,15.789473684210526
D_Broader_Pool,395948,msmarco_passage_34_432039886,54,0.2,7.070707070707072,,3.7037037037037037
D_Broader_Pool,395948,msmarco_passage_21_432344768,45,0.1891891891891892,6.060606060606055,,2.2222222222222223
D_Broader_Pool,395948,msmarco_passage_24_388309628,56,0.1590909090909091,5.05050505050505,,7.142857142857143
D_Broader_Pool,395948,msmarco_passage_41_481823577,58,0.18181818181818182,4.040404040404044,,0.0
D_Broader_Pool,395948,msmarco_passage_00_757513154,45,0.15,3.0303030303030276,,0.0
D_Broader_Pool,395948,msmarco_passage_63_268683190,49,0.13953488372093023,2.020202020202022,,8.16326530612245
D_Broader_Pool,395948,msmarco_passage_28_168406126,66,0.14285714285714285,1.0101010101010055,,3.0303030303030303
D_Broader_Pool,395948,msmarco_passage_51_445271182,58,0.14285714285714285,0.0,,0.0
D_Broader_Pool,421946,msmarco_passage_38_643300933,47,0.16129032258064516,100.0,,8.51063829787234
D_Broader_Pool,421946,msmarco_passage_04_388956449,47,0.16129032258064516,98.98989898989899,,8.51063829787234
D_Broader_Pool,421946,msmarco_passage_38_643493231,53,0.11904761904761904,97.97979797979798,,3.7735849056603774
D_Broader_Pool,421946,msmarco_passage_48_124892275,54,0.08,96.96969696969697,,1.8518518518518519
D_Broader_Pool,421946,msmarco_passage_04_389002915,55,0.125,95.95959595959596,,1.8181818181818181
D_Broader_Pool,421946,msmarco_passage_12_735912774,55,0.125,94.94949494949495,,1.8181818181818181
D_Broader_Pool,421946,msmarco_passage_38_643532666,45,0.1111111111111111,93.93939393939394,,2.2222222222222223
D_Broader_Pool,421946,msmarco_passage_07_822264197,58,0.06666666666666667,92.92929292929293,,0.0
D_Broader_Pool,421946,msmarco_passage_53_125842648,58,0.06666666666666667,91.91919191919192,,0.0
D_Broader_Pool,421946,msmarco_passage_27_507274905,34,0.09090909090909091,90.9090909090909,,8.823529411764707
D_Broader_Pool,421946,msmarco_passage_12_735897565,48,0.075,89.8989898989899,,2.0833333333333335
D_Broader_Pool,421946,msmarco_passage_04_388951289,48,0.075,88.88888888888889,,2.0833333333333335
D_Broader_Pool,421946,msmarco_passage_38_643502200,48,0.075,87.87878787878788,,2.0833333333333335
D_Broader_Pool,421946,msmarco_passage_00_274432581,48,0.075,86.86868686868688,,2.0833333333333335
D_Broader_Pool,421946,msmarco_passage_38_643295761,48,0.075,85.85858585858585,,2.0833333333333335
D_Broader_Pool,421946,msmarco_passage_38_643515607,57,0.08888888888888889,84.84848484848484,,5.2631578947368425
D_Broader_Pool,421946,msmarco_passage_48_124893100,51,0.09302325581395349,83.83838383838383,,5.882352941176471
D_Broader_Pool,421946,msmarco_passage_30_467348880,45,0.13513513513513514,82.82828282828282,,22.22222222222222
D_Broader_Pool,421946,msmarco_passage_41_167538755,59,0.09302325581395349,81.81818181818181,,5.084745762711864
D_Broader_Pool,421946,msmarco_passage_41_167666539,59,0.09302325581395349,80.8080808080808,,5.084745762711864
D_Broader_Pool,421946,msmarco_passage_43_349492964,47,0.10869565217391304,79.7979797979798,,6.382978723404255
D_Broader_Pool,421946,msmarco_passage_41_167613269,48,0.11904761904761904,78.78787878787878,,4.166666666666667
D_Broader_Pool,421946,msmarco_passage_41_167658866,59,0.09523809523809523,77.77777777777779,,3.389830508474576
D_Broader_Pool,421946,msmarco_passage_38_643533109,59,0.0625,76.76767676767678,,0.0
D_Broader_Pool,421946,msmarco_passage_38_616474164,47,0.1,75.75757575757575,,2.127659574468085
D_Broader_Pool,421946,msmarco_passage_38_608567369,47,0.1,74.74747474747474,,2.127659574468085
D_Broader_Pool,421946,msmarco_passage_26_233021569,53,0.07317073170731707,73.73737373737373,,0.0
D_Broader_Pool,421946,msmarco_passage_01_826978881,53,0.07317073170731707,72.72727272727273,,0.0
D_Broader_Pool,421946,msmarco_passage_41_167673844,49,0.09090909090909091,71.71717171717171,,6.122448979591836
D_Broader_Pool,421946,msmarco_passage_36_784660956,53,0.075,70.70707070707071,,1.8867924528301887
D_Broader_Pool,421946,msmarco_passage_41_167638491,48,0.09302325581395349,69.6969696969697,,6.25
D_Broader_Pool,421946,msmarco_passage_24_92132549,52,0.125,68.68686868686868,,5.769230769230769
D_Broader_Pool,421946,msmarco_passage_47_342647600,39,0.10810810810810811,67.67676767676767,,12.820512820512821
D_Broader_Pool,421946,msmarco_passage_27_507276155,47,0.10526315789473684,66.66666666666667,,10.638297872340425
D_Broader_Pool,421946,msmarco_passage_27_507274457,51,0.09302325581395349,65.65656565656566,,1.9607843137254901
D_Broader_Pool,421946,msmarco_passage_04_158462885,43,0.07894736842105263,64.64646464646464,,0.0
D_Broader_Pool,421946,msmarco_passage_60_868397569,62,0.058823529411764705,63.63636363636363,,6.451612903225806
D_Broader_Pool,421946,msmarco_passage_15_126016017,39,0.07894736842105263,62.62626262626263,,2.5641025641025643
D_Broader_Pool,421946,msmarco_passage_33_291897430,40,0.1111111111111111,61.61616161616161,,2.5
D_Broader_Pool,421946,msmarco_passage_33_291731635,25,0.17391304347826086,60.60606060606061,,4.0
D_Broader_Pool,421946,msmarco_passage_36_48900852,50,0.05263157894736842,59.5959595959596,,4.0
D_Broader_Pool,421946,msmarco_passage_54_691760879,40,0.10810810810810811,58.58585858585859,,2.5
D_Broader_Pool,421946,msmarco_passage_66_439017648,59,0.03773584905660377,57.57575757575757,,8.474576271186441
D_Broader_Pool,421946,msmarco_passage_60_868314540,54,0.08888888888888889,56.56565656565656,,7.407407407407407
D_Broader_Pool,421946,msmarco_passage_43_610974877,58,0.0625,55.55555555555556,,1.7241379310344827
D_Broader_Pool,421946,msmarco_passage_27_53722100,49,0.09302325581395349,54.54545454545454,,6.122448979591836
D_Broader_Pool,421946,msmarco_passage_19_59275397,45,0.09090909090909091,53.535353535353536,,17.77777777777778
D_Broader_Pool,421946,msmarco_passage_59_51655347,44,0.07317073170731707,52.52525252525253,,4.545454545454546
D_Broader_Pool,421946,msmarco_passage_33_291730337,53,0.08888888888888889,51.515151515151516,,3.7735849056603774
D_Broader_Pool,421946,msmarco_passage_37_842275338,52,0.07142857142857142,50.5050505050505,,1.9230769230769231
D_Broader_Pool,421946,msmarco_passage_46_349702778,52,0.06818181818181818,49.494949494949495,,5.769230769230769
D_Broader_Pool,421946,msmarco_passage_11_726036873,62,0.03636363636363636,48.484848484848484,,4.838709677419355
D_Broader_Pool,421946,msmarco_passage_33_291730787,42,0.05,47.47474747474747,,7.142857142857143
D_Broader_Pool,421946,msmarco_passage_04_589827139,75,0.05263157894736842,46.464646464646464,,0.0
D_Broader_Pool,421946,msmarco_passage_28_462917232,38,0.08823529411764706,45.45454545454546,,2.6315789473684212
D_Broader_Pool,421946,msmarco_passage_60_868275198,58,0.06521739130434782,44.44444444444444,,10.344827586206897
D_Broader_Pool,421946,msmarco_passage_37_854742429,47,0.058823529411764705,43.43434343434344,,17.02127659574468
D_Broader_Pool,421946,msmarco_passage_60_868260315,56,0.06666666666666667,42.42424242424242,,12.5
D_Broader_Pool,421946,msmarco_passage_38_643530429,45,0.13636363636363635,41.41414141414141,,4.444444444444445
D_Broader_Pool,421946,msmarco_passage_12_464246059,35,0.05405405405405406,40.40404040404041,,5.714285714285714
D_Broader_Pool,421946,msmarco_passage_30_505144509,62,0.06382978723404255,39.39393939393939,,0.0
D_Broader_Pool,421946,msmarco_passage_37_854750053,51,0.08333333333333333,38.38383838383839,,9.803921568627452
D_Broader_Pool,421946,msmarco_passage_33_291736081,54,0.10810810810810811,37.37373737373737,,9.25925925925926
D_Broader_Pool,421946,msmarco_passage_33_291734904,58,0.09302325581395349,36.36363636363637,,5.172413793103448
D_Broader_Pool,421946,msmarco_passage_11_721443773,53,0.03773584905660377,35.35353535353535,,7.547169811320755
D_Broader_Pool,421946,msmarco_passage_25_479010876,43,0.07692307692307693,34.34343434343434,,6.976744186046512
D_Broader_Pool,421946,msmarco_passage_22_536654559,55,0.058823529411764705,33.333333333333336,,7.2727272727272725
D_Broader_Pool,421946,msmarco_passage_29_771130354,58,0.05660377358490566,32.32323232323232,,8.620689655172415
D_Broader_Pool,421946,msmarco_passage_58_157765023,49,0.06666666666666667,31.313131313131315,,8.16326530612245
D_Broader_Pool,421946,msmarco_passage_12_464246769,49,0.045454545454545456,30.303030303030297,,8.16326530612245
D_Broader_Pool,421946,msmarco_passage_33_291897794,50,0.07317073170731707,29.292929292929294,,4.0
D_Broader_Pool,421946,msmarco_passage_27_507275700,55,0.058823529411764705,28.282828282828287,,3.6363636363636362
D_Broader_Pool,421946,msmarco_passage_04_589830609,51,0.043478260869565216,27.27272727272727,,3.9215686274509802
D_Broader_Pool,421946,msmarco_passage_04_247241594,55,0.06521739130434782,26.262626262626267,,3.6363636363636362
D_Broader_Pool,421946,msmarco_passage_50_626073664,54,0.09302325581395349,25.25252525252525,,0.0
D_Broader_Pool,421946,msmarco_passage_33_291729915,49,0.05714285714285714,24.242424242424242,,8.16326530612245
D_Broader_Pool,421946,msmarco_passage_36_789238451,52,0.06818181818181818,23.23232323232324,,3.8461538461538463
D_Broader_Pool,421946,msmarco_passage_04_589826712,54,0.0392156862745098,22.22222222222222,,0.0
D_Broader_Pool,421946,msmarco_passage_23_406017039,36,0.13793103448275862,21.212121212121215,,8.333333333333334
D_Broader_Pool,421946,msmarco_passage_43_69176565,51,0.06666666666666667,20.2020202020202,,5.882352941176471
D_Broader_Pool,421946,msmarco_passage_27_520112739,44,0.075,19.191919191919194,,0.0
D_Broader_Pool,421946,msmarco_passage_66_438662364,39,0.075,18.181818181818176,,2.5641025641025643
D_Broader_Pool,421946,msmarco_passage_37_842251686,49,0.044444444444444446,17.17171717171717,,6.122448979591836
D_Broader_Pool,421946,msmarco_passage_36_48936738,54,0.044444444444444446,16.161616161616166,,7.407407407407407
D_Broader_Pool,421946,msmarco_passage_33_291733297,42,0.04878048780487805,15.151515151515149,,0.0
D_Broader_Pool,421946,msmarco_passage_04_247242423,61,0.06521739130434782,14.141414141414144,,3.278688524590164
D_Broader_Pool,421946,msmarco_passage_50_626114756,57,0.07692307692307693,13.131313131313128,,8.771929824561404
D_Broader_Pool,421946,msmarco_passage_43_610976641,47,0.07894736842105263,12.121212121212121,,6.382978723404255
D_Broader_Pool,421946,msmarco_passage_60_868534703,57,0.06382978723404255,11.111111111111116,,7.017543859649122
D_Broader_Pool,421946,msmarco_passage_30_505146720,52,0.075,10.1010101010101,,1.9230769230769231
D_Broader_Pool,421946,msmarco_passage_66_437779661,51,0.047619047619047616,9.090909090909093,,11.764705882352942
D_Broader_Pool,421946,msmarco_passage_26_340487762,61,0.046511627906976744,8.080808080808078,,1.639344262295082
D_Broader_Pool,421946,msmarco_passage_33_291731188,56,0.07317073170731707,7.070707070707072,,3.5714285714285716
D_Broader_Pool,421946,msmarco_passage_32_82880857,40,0.075,6.060606060606055,,2.5
D_Broader_Pool,421946,msmarco_passage_37_854745207,42,0.046511627906976744,5.05050505050505,,21.428571428571427
D_Broader_Pool,421946,msmarco_passage_33_291731902,56,0.044444444444444446,4.040404040404044,,16.071428571428573
D_Broader_Pool,421946,msmarco_passage_34_498004206,53,0.08333333333333333,3.0303030303030276,,3.7735849056603774
D_Broader_Pool,421946,msmarco_passage_33_291732874,45,0.05,2.020202020202022,,11.11111111111111
D_Broader_Pool,421946,msmarco_passage_66_438608501,52,0.06818181818181818,1.0101010101010055,,11.538461538461538
D_Broader_Pool,421946,msmarco_passage_66_438591498,52,0.06818181818181818,0.0,,11.538461538461538
D_Broader_Pool,493490,msmarco_passage_55_560686346,63,0.06,100.0,,7.936507936507937
D_Broader_Pool,493490,msmarco_passage_02_234807989,70,0.05263157894736842,98.98989898989899,,4.285714285714286
D_Broader_Pool,493490,msmarco_passage_09_749452951,46,0.09090909090909091,97.97979797979798,,6.521739130434782
D_Broader_Pool,493490,msmarco_passage_61_777211392,46,0.09090909090909091,96.96969696969697,,6.521739130434782
D_Broader_Pool,493490,msmarco_passage_06_803493824,48,0.045454545454545456,95.95959595959596,,8.333333333333334
D_Broader_Pool,493490,msmarco_passage_06_803466276,47,0.05128205128205128,94.94949494949495,,6.382978723404255
D_Broader_Pool,493490,msmarco_passage_27_65381657,42,0.05555555555555555,93.93939393939394,,7.142857142857143
D_Broader_Pool,493490,msmarco_passage_39_306370285,41,0.07894736842105263,92.92929292929293,,7.317073170731708
D_Broader_Pool,493490,msmarco_passage_09_749667729,40,0.058823529411764705,91.91919191919192,,7.5
D_Broader_Pool,493490,msmarco_passage_27_65382060,51,0.06818181818181818,90.9090909090909,,15.686274509803921
D_Broader_Pool,493490,msmarco_passage_39_306373753,48,0.05,89.8989898989899,,6.25
D_Broader_Pool,493490,msmarco_passage_39_306369722,68,0.03636363636363636,88.88888888888889,,13.235294117647058
D_Broader_Pool,493490,msmarco_passage_39_306371119,53,0.047619047619047616,87.87878787878788,,3.7735849056603774
D_Broader_Pool,493490,msmarco_passage_39_306372001,52,0.04878048780487805,86.86868686868688,,3.8461538461538463
D_Broader_Pool,493490,msmarco_passage_39_306372437,43,0.05405405405405406,85.85858585858585,,4.651162790697675
D_Broader_Pool,493490,msmarco_passage_55_560682383,38,0.10714285714285714,84.84848484848484,,2.6315789473684212
D_Broader_Pool,493490,msmarco_passage_56_357047061,46,0.05405405405405406,83.83838383838383,,15.217391304347826
D_Broader_Pool,493490,msmarco_passage_61_777206892,50,0.04878048780487805,82.82828282828282,,8.0
D_Broader_Pool,493490,msmarco_passage_09_749448440,50,0.04878048780487805,81.81818181818181,,8.0
D_Broader_Pool,493490,msmarco_passage_02_234806997,48,0.05128205128205128,80.8080808080808,,6.25
D_Broader_Pool,493490,msmarco_passage_09_749455005,52,0.05128205128205128,79.7979797979798,,3.8461538461538463
D_Broader_Pool,493490,msmarco_passage_09_749450146,54,0.05128205128205128,78.78787878787878,,1.8518518518518519
D_Broader_Pool,493490,msmarco_passage_61_777208594,54,0.05128205128205128,77.77777777777779,,1.8518518518518519
D_Broader_Pool,493490,msmarco_passage_56_327819849,36,0.07142857142857142,76.76767676767678,,8.333333333333334
D_Broader_Pool,493490,msmarco_passage_55_560679793,52,0.05128205128205128,75.75757575757575,,3.8461538461538463
D_Broader_Pool,493490,msmarco_passage_09_749450604,34,0.029411764705882353,74.74747474747474,,5.882352941176471
D_Broader_Pool,493490,msmarco_passage_61_777209051,34,0.029411764705882353,73.73737373737373,,5.882352941176471
D_Broader_Pool,493490,msmarco_passage_27_65386352,42,0.075,72.72727272727273,,30.952380952380953
D_Broader_Pool,493490,msmarco_passage_39_306374232,38,0.03225806451612903,71.71717171717171,,7.894736842105263
D_Broader_Pool,493490,msmarco_passage_39_306371555,46,0.03125,70.70707070707071,,8.695652173913043
D_Broader_Pool,493490,msmarco_passage_61_777205901,81,0.030303030303030304,69.6969696969697,,7.407407407407407
D_Broader_Pool,493490,msmarco_passage_09_749447447,81,0.030303030303030304,68.68686868686868,,7.407407407407407
D_Broader_Pool,493490,msmarco_passage_55_560681133,48,0.044444444444444446,67.67676767676767,,12.5
D_Broader_Pool,493490,msmarco_passage_61_776625227,51,0.023255813953488372,66.66666666666667,,21.568627450980394
D_Broader_Pool,493490,msmarco_passage_27_535376955,36,0.0967741935483871,65.65656565656566,,8.333333333333334
D_Broader_Pool,493490,msmarco_passage_68_653853231,50,0.06382978723404255,64.64646464646464,,16.0
D_Broader_Pool,493490,msmarco_passage_09_749457177,30,0.034482758620689655,63.63636363636363,,3.3333333333333335
D_Broader_Pool,493490,msmarco_passage_61_777215608,30,0.034482758620689655,62.62626262626263,,3.3333333333333335
D_Broader_Pool,493490,msmarco_passage_39_306374602,50,0.043478260869565216,61.61616161616161,,4.0
D_Broader_Pool,493490,msmarco_passage_61_777201053,57,0.037037037037037035,60.60606060606061,,5.2631578947368425
D_Broader_Pool,493490,msmarco_passage_05_812170535,47,0.05405405405405406,59.5959595959596,,17.02127659574468
D_Broader_Pool,493490,msmarco_passage_05_812171032,47,0.02631578947368421,58.58585858585859,,14.893617021276595
D_Broader_Pool,493490,msmarco_passage_11_849537579,51,0.022222222222222223,57.57575757575757,,15.686274509803921
D_Broader_Pool,493490,msmarco_passage_60_475043054,48,0.05,56.56565656565656,,12.5
D_Broader_Pool,493490,msmarco_passage_09_749456743,47,0.05263157894736842,55.55555555555556,,6.382978723404255
D_Broader_Pool,493490,msmarco_passage_61_777215175,47,0.05263157894736842,54.54545454545454,,6.382978723404255
D_Broader_Pool,493490,msmarco_passage_39_306375048,48,0.022727272727272728,53.535353535353536,,4.166666666666667
D_Broader_Pool,493490,msmarco_passage_09_749456349,40,0.05555555555555555,52.52525252525253,,5.0
D_Broader_Pool,493490,msmarco_passage_61_777214782,40,0.05555555555555555,51.515151515151516,,5.0
D_Broader_Pool,493490,msmarco_passage_02_234802572,68,0.03773584905660377,50.5050505050505,,4.411764705882353
D_Broader_Pool,493490,msmarco_passage_02_234801937,72,0.018518518518518517,49.494949494949495,,9.722222222222221
D_Broader_Pool,493490,msmarco_passage_09_211543498,53,0.022222222222222223,48.484848484848484,,5.660377358490566
D_Broader_Pool,493490,msmarco_passage_15_313651219,51,0.020833333333333332,47.47474747474747,,15.686274509803921
D_Broader_Pool,493490,msmarco_passage_09_749668495,46,0.027777777777777776,46.464646464646464,,10.869565217391305
D_Broader_Pool,493490,msmarco_passage_61_777207317,49,0.044444444444444446,45.45454545454546,,8.16326530612245
D_Broader_Pool,493490,msmarco_passage_09_749448866,49,0.044444444444444446,44.44444444444444,,8.16326530612245
D_Broader_Pool,493490,msmarco_passage_02_234804527,45,0.05,43.43434343434344,,15.555555555555555
D_Broader_Pool,493490,msmarco_passage_48_737721810,39,0.0625,42.42424242424242,,15.384615384615385
D_Broader_Pool,493490,msmarco_passage_09_749455905,50,0.041666666666666664,41.41414141414141,,0.0
D_Broader_Pool,493490,msmarco_passage_61_777214339,50,0.041666666666666664,40.40404040404041,,0.0
D_Broader_Pool,493490,msmarco_passage_06_803465463,39,0.027777777777777776,39.39393939393939,,12.820512820512821
D_Broader_Pool,493490,msmarco_passage_43_502750115,51,0.043478260869565216,38.38383838383839,,5.882352941176471
D_Broader_Pool,493490,msmarco_passage_61_777197456,58,0.02,37.37373737373737,,6.896551724137931
D_Broader_Pool,493490,msmarco_passage_02_234807471,62,0.04,36.36363636363637,,16.129032258064516
D_Broader_Pool,493490,msmarco_passage_68_653809663,51,0.0625,35.35353535353535,,9.803921568627452
D_Broader_Pool,493490,msmarco_passage_61_777204264,57,0.02,34.34343434343434,,1.7543859649122806
D_Broader_Pool,493490,msmarco_passage_34_268933631,40,0.058823529411764705,33.333333333333336,,15.0
D_Broader_Pool,493490,msmarco_passage_60_751157786,44,0.05405405405405406,32.32323232323232,,0.0
D_Broader_Pool,493490,msmarco_passage_16_869291375,57,0.07692307692307693,31.313131313131315,,19.29824561403509
D_Broader_Pool,493490,msmarco_passage_61_777201531,40,0.02857142857142857,30.303030303030297,,7.5
D_Broader_Pool,493490,msmarco_passage_63_792364433,42,0.05405405405405406,29.292929292929294,,7.142857142857143
D_Broader_Pool,493490,msmarco_passage_02_234803114,46,0.05714285714285714,28.282828282828287,,13.043478260869565
D_Broader_Pool,493490,msmarco_passage_03_476166345,47,0.023809523809523808,27.27272727272727,,10.638297872340425
D_Broader_Pool,493490,msmarco_passage_37_705099589,41,0.06060606060606061,26.262626262626267,,24.390243902439025
D_Broader_Pool,493490,msmarco_passage_61_777196706,52,0.022222222222222223,25.25252525252525,,0.0
D_Broader_Pool,493490,msmarco_passage_09_749458382,34,0.058823529411764705,24.242424242424242,,2.9411764705882355
D_Broader_Pool,493490,msmarco_passage_61_777216810,34,0.058823529411764705,23.23232323232324,,2.9411764705882355
D_Broader_Pool,493490,msmarco_passage_27_65382952,45,0.06060606060606061,22.22222222222222,,8.88888888888889
D_Broader_Pool,493490,msmarco_passage_34_60373548,58,0.043478260869565216,21.212121212121215,,5.172413793103448
D_Broader_Pool,493490,msmarco_passage_49_864559127,52,0.045454545454545456,20.2020202020202,,5.769230769230769
D_Broader_Pool,493490,msmarco_passage_28_339334366,51,0.05714285714285714,19.191919191919194,,7.8431372549019605
D_Broader_Pool,493490,msmarco_passage_61_777201906,41,0.05405405405405406,18.181818181818176,,17.073170731707318
D_Broader_Pool,493490,msmarco_passage_61_777197919,50,0.023255813953488372,17.17171717171717,,8.0
D_Broader_Pool,493490,msmarco_passage_61_777204729,45,0.05263157894736842,16.161616161616166,,4.444444444444445
D_Broader_Pool,493490,msmarco_passage_08_361901469,51,0.046511627906976744,15.151515151515149,,13.72549019607843
D_Broader_Pool,493490,msmarco_passage_09_749454609,41,0.024390243902439025,14.141414141414144,,4.878048780487805
D_Broader_Pool,493490,msmarco_passage_61_777213046,41,0.024390243902439025,13.131313131313128,,4.878048780487805
D_Broader_Pool,493490,msmarco_passage_43_500191702,38,0.07142857142857142,12.121212121212121,,7.894736842105263
D_Broader_Pool,493490,msmarco_passage_08_352700056,43,0.058823529411764705,11.111111111111116,,11.627906976744185
D_Broader_Pool,493490,msmarco_passage_09_749666240,59,0.02127659574468085,10.1010101010101,,16.949152542372882
D_Broader_Pool,493490,msmarco_passage_48_560110060,51,0.05263157894736842,9.090909090909093,,21.568627450980394
D_Broader_Pool,493490,msmarco_passage_37_585054921,56,0.04,8.080808080808078,,14.285714285714286
D_Broader_Pool,493490,msmarco_passage_44_185732984,52,0.045454545454545456,7.070707070707072,,15.384615384615385
D_Broader_Pool,493490,msmarco_passage_37_585049727,58,0.0392156862745098,6.060606060606055,,12.068965517241379
D_Broader_Pool,493490,msmarco_passage_45_187655020,87,0.03508771929824561,5.05050505050505,,41.37931034482759
D_Broader_Pool,493490,msmarco_passage_37_705098870,33,0.058823529411764705,4.040404040404044,,30.303030303030305
D_Broader_Pool,493490,msmarco_passage_59_555144632,94,0.031746031746031744,3.0303030303030276,,39.361702127659576
D_Broader_Pool,493490,msmarco_passage_61_777287256,50,0.046511627906976744,2.020202020202022,,6.0
D_Broader_Pool,493490,msmarco_passage_56_357049232,41,0.06060606060606061,1.0101010101010055,,31.70731707317073
D_Broader_Pool,493490,msmarco_passage_16_869291013,22,0.1111111111111111,0.0,,18.181818181818183
D_Broader_Pool,505390,msmarco_passage_38_122727514,78,0.10344827586206896,100.0,,3.8461538461538463
D_Broader_Pool,505390,msmarco_passage_66_598889,64,0.0625,98.98989898989899,,3.125
D_Broader_Pool,505390,msmarco_passage_66_121762269,67,0.058823529411764705,97.97979797979798,,5.970149253731344
D_Broader_Pool,505390,msmarco_passage_38_122732738,61,0.08,96.96969696969697,,3.278688524590164
D_Broader_Pool,505390,msmarco_passage_44_362405718,38,0.025,95.95959595959596,,15.789473684210526
D_Broader_Pool,505390,msmarco_passage_66_593005,44,0.04878048780487805,94.94949494949495,,20.454545454545453
D_Broader_Pool,505390,msmarco_passage_66_121764233,44,0.04878048780487805,93.93939393939394,,20.454545454545453
D_Broader_Pool,505390,msmarco_passage_45_608311322,31,0.03225806451612903,92.92929292929293,,3.225806451612903
D_Broader_Pool,505390,msmarco_passage_45_608202489,31,0.03225806451612903,91.91919191919192,,3.225806451612903
D_Broader_Pool,505390,msmarco_passage_06_247749678,31,0.03225806451612903,90.9090909090909,,3.225806451612903
D_Broader_Pool,505390,msmarco_passage_08_670354349,57,0.06666666666666667,89.8989898989899,,5.2631578947368425
D_Broader_Pool,505390,msmarco_passage_08_670355264,59,0.058823529411764705,88.88888888888889,,6.779661016949152
D_Broader_Pool,505390,msmarco_passage_44_313897559,29,0.030303030303030304,87.87878787878788,,13.793103448275861
D_Broader_Pool,505390,msmarco_passage_04_588077269,44,0.08823529411764706,86.86868686868688,,18.181818181818183
D_Broader_Pool,505390,msmarco_passage_38_122729342,42,0.023809523809523808,85.85858585858585,,9.523809523809524
D_Broader_Pool,505390,msmarco_passage_66_595703,47,0.07894736842105263,84.84848484848484,,4.25531914893617
D_Broader_Pool,505390,msmarco_passage_66_121766949,47,0.07894736842105263,83.83838383838383,,4.25531914893617
D_Broader_Pool,505390,msmarco_passage_45_608204142,48,0.023809523809523808,82.82828282828282,,4.166666666666667
D_Broader_Pool,505390,msmarco_passage_45_608312975,48,0.023809523809523808,81.81818181818181,,4.166666666666667
D_Broader_Pool,505390,msmarco_passage_06_247751327,48,0.023809523809523808,80.8080808080808,,4.166666666666667
D_Broader_Pool,505390,msmarco_passage_03_800372007,58,0.09090909090909091,79.7979797979798,,24.137931034482758
D_Broader_Pool,505390,msmarco_passage_03_800389782,58,0.09090909090909091,78.78787878787878,,24.137931034482758
D_Broader_Pool,505390,msmarco_passage_44_354787720,38,0.025,77.77777777777779,,15.789473684210526
D_Broader_Pool,505390,msmarco_passage_44_352382286,38,0.025,76.76767676767678,,18.42105263157895
D_Broader_Pool,505390,msmarco_passage_44_354084971,40,0.024390243902439025,75.75757575757575,,15.0
D_Broader_Pool,505390,msmarco_passage_44_354076027,40,0.024390243902439025,74.74747474747474,,15.0
D_Broader_Pool,505390,msmarco_passage_44_353100578,38,0.025,73.73737373737373,,15.789473684210526
D_Broader_Pool,505390,msmarco_passage_04_852056098,42,0.05405405405405406,72.72727272727273,,14.285714285714286
D_Broader_Pool,505390,msmarco_passage_08_670356299,52,0.05263157894736842,71.71717171717171,,9.615384615384615
D_Broader_Pool,505390,msmarco_passage_66_121768480,42,0.06818181818181818,70.70707070707071,,16.666666666666668
D_Broader_Pool,505390,msmarco_passage_66_597205,42,0.06818181818181818,69.6969696969697,,16.666666666666668
D_Broader_Pool,505390,msmarco_passage_08_670358963,52,0.09090909090909091,68.68686868686868,,7.6923076923076925
D_Broader_Pool,505390,msmarco_passage_44_361982276,33,0.030303030303030304,67.67676767676767,,21.21212121212121
D_Broader_Pool,505390,msmarco_passage_11_107969925,52,0.06521739130434782,66.66666666666667,,3.8461538461538463
D_Broader_Pool,505390,msmarco_passage_56_451558765,26,0.06666666666666667,65.65656565656566,,3.8461538461538463
D_Broader_Pool,505390,msmarco_passage_30_352493139,39,0.07894736842105263,64.64646464646464,,12.820512820512821
D_Broader_Pool,505390,msmarco_passage_30_352478284,39,0.07894736842105263,63.63636363636363,,12.820512820512821
D_Broader_Pool,505390,msmarco_passage_66_592591,49,0.041666666666666664,62.62626262626263,,16.3265306122449
D_Broader_Pool,505390,msmarco_passage_66_121763816,49,0.041666666666666664,61.61616161616161,,16.3265306122449
D_Broader_Pool,505390,msmarco_passage_30_352484758,56,0.02127659574468085,60.60606060606061,,1.7857142857142858
D_Broader_Pool,505390,msmarco_passage_30_352469533,56,0.02127659574468085,59.5959595959596,,1.7857142857142858
D_Broader_Pool,505390,msmarco_passage_66_121766531,45,0.05405405405405406,58.58585858585859,,4.444444444444445
D_Broader_Pool,505390,msmarco_passage_66_595288,45,0.05405405405405406,57.57575757575757,,4.444444444444445
D_Broader_Pool,505390,msmarco_passage_68_740050126,48,0.075,56.56565656565656,,10.416666666666666
D_Broader_Pool,505390,msmarco_passage_08_80932596,35,0.045454545454545456,55.55555555555556,,25.714285714285715
D_Broader_Pool,505390,msmarco_passage_66_80591961,35,0.06060606060606061,54.54545454545454,,11.428571428571429
D_Broader_Pool,505390,msmarco_passage_38_122729064,20,0.11764705882352941,53.535353535353536,,10.0
D_Broader_Pool,505390,msmarco_passage_46_277332053,30,0.05,52.52525252525253,,10.0
D_Broader_Pool,505390,msmarco_passage_59_76277175,63,0.03278688524590164,51.515151515151516,,15.873015873015873
D_Broader_Pool,505390,msmarco_passage_08_80927309,51,0.034482758620689655,50.5050505050505,,19.607843137254903
D_Broader_Pool,505390,msmarco_passage_30_206330429,49,0.061224489795918366,49.494949494949495,,16.3265306122449
D_Broader_Pool,505390,msmarco_passage_66_649985,32,0.06451612903225806,48.484848484848484,,15.625
D_Broader_Pool,505390,msmarco_passage_66_56664298,32,0.06451612903225806,47.47474747474747,,15.625
D_Broader_Pool,505390,msmarco_passage_66_121826067,32,0.06451612903225806,46.464646464646464,,15.625
D_Broader_Pool,505390,msmarco_passage_65_796302837,32,0.06451612903225806,45.45454545454546,,15.625
D_Broader_Pool,505390,msmarco_passage_49_467167275,44,0.05263157894736842,44.44444444444444,,13.636363636363637
D_Broader_Pool,505390,msmarco_passage_67_817691454,51,0.06521739130434782,43.43434343434344,,5.882352941176471
D_Broader_Pool,505390,msmarco_passage_38_122728154,46,0.07692307692307693,42.42424242424242,,0.0
D_Broader_Pool,505390,msmarco_passage_24_12525504,25,0.034482758620689655,41.41414141414141,,8.0
D_Broader_Pool,505390,msmarco_passage_65_824769873,50,0.06976744186046512,40.40404040404041,,16.0
D_Broader_Pool,505390,msmarco_passage_66_81479277,50,0.06976744186046512,39.39393939393939,,16.0
D_Broader_Pool,505390,msmarco_passage_31_130829365,69,0.029411764705882353,38.38383838383839,,26.08695652173913
D_Broader_Pool,505390,msmarco_passage_55_827739172,70,0.05555555555555555,37.37373737373737,,10.0
D_Broader_Pool,505390,msmarco_passage_09_746904864,70,0.05555555555555555,36.36363636363637,,10.0
D_Broader_Pool,505390,msmarco_passage_59_557390763,81,0.03125,35.35353535353535,,9.876543209876543
D_Broader_Pool,505390,msmarco_passage_48_845339159,28,0.14285714285714285,34.34343434343434,,10.714285714285714
D_Broader_Pool,505390,msmarco_passage_44_362406488,50,0.020833333333333332,33.333333333333336,,4.0
D_Broader_Pool,505390,msmarco_passage_44_283575630,44,0.023255813953488372,32.32323232323232,,22.727272727272727
D_Broader_Pool,505390,msmarco_passage_49_696929719,40,0.10526315789473684,31.313131313131315,,10.0
D_Broader_Pool,505390,msmarco_passage_08_82260198,42,0.034482758620689655,30.303030303030297,,14.285714285714286
D_Broader_Pool,505390,msmarco_passage_24_12526658,35,0.03125,29.292929292929294,,8.571428571428571
D_Broader_Pool,505390,msmarco_passage_08_89555944,45,0.10810810810810811,28.282828282828287,,11.11111111111111
D_Broader_Pool,505390,msmarco_passage_53_599273682,45,0.10810810810810811,27.27272727272727,,11.11111111111111
D_Broader_Pool,505390,msmarco_passage_66_121766122,40,0.05263157894736842,26.262626262626267,,0.0
D_Broader_Pool,505390,msmarco_passage_66_594882,40,0.05263157894736842,25.25252525252525,,0.0
D_Broader_Pool,505390,msmarco_passage_59_557395267,43,0.05128205128205128,24.242424242424242,,6.976744186046512
D_Broader_Pool,505390,msmarco_passage_44_284050070,43,0.023255813953488372,23.23232323232324,,23.25581395348837
D_Broader_Pool,505390,msmarco_passage_35_84439485,40,0.07692307692307693,22.22222222222222,,7.5
D_Broader_Pool,505390,msmarco_passage_59_557387663,50,0.06382978723404255,21.212121212121215,,8.0
D_Broader_Pool,505390,msmarco_passage_11_776593671,57,0.06,20.2020202020202,,7.017543859649122
D_Broader_Pool,505390,msmarco_passage_03_536852207,42,0.07692307692307693,19.191919191919194,,2.380952380952381
D_Broader_Pool,505390,msmarco_passage_35_819458803,42,0.07692307692307693,18.181818181818176,,2.380952380952381
D_Broader_Pool,505390,msmarco_passage_35_819323879,42,0.07692307692307693,17.17171717171717,,2.380952380952381
D_Broader_Pool,505390,msmarco_passage_30_126728616,49,0.08333333333333333,16.161616161616166,,4.081632653061225
D_Broader_Pool,505390,msmarco_passage_01_345312297,56,0.06666666666666667,15.151515151515149,,1.7857142857142858
D_Broader_Pool,505390,msmarco_passage_44_284055814,47,0.023255813953488372,14.141414141414144,,19.148936170212767
D_Broader_Pool,505390,msmarco_passage_59_557394349,48,0.06060606060606061,13.131313131313128,,0.0
D_Broader_Pool,505390,msmarco_passage_08_670356741,53,0.043478260869565216,12.121212121212121,,9.433962264150944
D_Broader_Pool,505390,msmarco_passage_44_282736010,43,0.023255813953488372,11.111111111111116,,20.930232558139537
D_Broader_Pool,505390,msmarco_passage_38_122731016,63,0.0784313725490196,10.1010101010101,,9.523809523809524
D_Broader_Pool,505390,msmarco_passage_14_41484407,53,0.06521739130434782,9.090909090909093,,11.320754716981131
D_Broader_Pool,505390,msmarco_passage_35_84445562,53,0.075,8.080808080808078,,9.433962264150944
D_Broader_Pool,505390,msmarco_passage_30_352494864,47,0.05405405405405406,7.070707070707072,,17.02127659574468
D_Broader_Pool,505390,msmarco_passage_30_352471446,47,0.05405405405405406,6.060606060606055,,17.02127659574468
D_Broader_Pool,505390,msmarco_passage_07_668121341,46,0.046511627906976744,5.05050505050505,,15.217391304347826
D_Broader_Pool,505390,msmarco_passage_38_122728628,50,0.075,4.040404040404044,,10.0
D_Broader_Pool,505390,msmarco_passage_52_777512474,36,0.05555555555555555,3.0303030303030276,,27.77777777777778
D_Broader_Pool,505390,msmarco_passage_60_172218853,38,0.07692307692307693,2.020202020202022,,18.42105263157895
D_Broader_Pool,505390,msmarco_passage_59_557389060,43,0.05,1.0101010101010055,,2.3255813953488373
D_Broader_Pool,505390,msmarco_passage_48_67045065,30,0.06666666666666667,0.0,,33.333333333333336
D_Broader_Pool,508292,msmarco_passage_38_118466941,43,0.16666666666666666,100.0,,0.0
D_Broader_Pool,508292,msmarco_passage_22_668222685,61,0.09523809523809523,98.98989898989899,,0.0
D_Broader_Pool,508292,msmarco_passage_61_356638212,44,0.11764705882352941,97.97979797979798,,2.272727272727273
D_Broader_Pool,508292,msmarco_passage_14_475507120,53,0.09523809523809523,96.96969696969697,,1.8867924528301887
D_Broader_Pool,508292,msmarco_passage_04_27012834,55,0.0975609756097561,95.95959595959596,,1.8181818181818181
D_Broader_Pool,508292,msmarco_passage_51_808126959,41,0.125,94.94949494949495,,0.0
D_Broader_Pool,508292,msmarco_passage_28_259453488,45,0.10526315789473684,93.93939393939394,,4.444444444444445
D_Broader_Pool,508292,msmarco_passage_28_267930253,45,0.10526315789473684,92.92929292929293,,4.444444444444445
D_Broader_Pool,508292,msmarco_passage_28_263965644,45,0.10526315789473684,91.91919191919192,,4.444444444444445
D_Broader_Pool,508292,msmarco_passage_28_263957402,45,0.10526315789473684,90.9090909090909,,4.444444444444445
D_Broader_Pool,508292,msmarco_passage_12_83120258,52,0.10526315789473684,89.8989898989899,,15.384615384615385
D_Broader_Pool,508292,msmarco_passage_66_117898684,48,0.1111111111111111,88.88888888888889,,8.333333333333334
D_Broader_Pool,508292,msmarco_passage_65_864234519,48,0.1111111111111111,87.87878787878788,,8.333333333333334
D_Broader_Pool,508292,msmarco_passage_65_864233174,41,0.1111111111111111,86.86868686868688,,4.878048780487805
D_Broader_Pool,508292,msmarco_passage_66_117897339,41,0.1111111111111111,85.85858585858585,,4.878048780487805
D_Broader_Pool,508292,msmarco_passage_46_636852269,51,0.07317073170731707,84.84848484848484,,0.0
D_Broader_Pool,508292,msmarco_passage_34_512785511,56,0.11764705882352941,83.83838383838383,,3.5714285714285716
D_Broader_Pool,508292,msmarco_passage_03_350951886,56,0.11764705882352941,82.82828282828282,,3.5714285714285716
D_Broader_Pool,508292,msmarco_passage_46_640487279,68,0.1,81.81818181818181,,14.705882352941176
D_Broader_Pool,508292,msmarco_passage_36_415206035,58,0.08888888888888889,80.8080808080808,,1.7241379310344827
D_Broader_Pool,508292,msmarco_passage_29_530615691,44,0.125,79.7979797979798,,4.545454545454546
D_Broader_Pool,508292,msmarco_passage_29_529416984,44,0.125,78.78787878787878,,4.545454545454546
D_Broader_Pool,508292,msmarco_passage_29_523610392,44,0.125,77.77777777777779,,4.545454545454546
D_Broader_Pool,508292,msmarco_passage_54_62680179,50,0.10526315789473684,76.76767676767678,,4.0
D_Broader_Pool,508292,msmarco_passage_08_92595099,46,0.11764705882352941,75.75757575757575,,6.521739130434782
D_Broader_Pool,508292,msmarco_passage_08_86450090,46,0.11764705882352941,74.74747474747474,,6.521739130434782
D_Broader_Pool,508292,msmarco_passage_09_654435656,47,0.10810810810810811,73.73737373737373,,10.638297872340425
D_Broader_Pool,508292,msmarco_passage_61_356824785,47,0.10810810810810811,72.72727272727273,,10.638297872340425
D_Broader_Pool,508292,msmarco_passage_54_62695555,38,0.16,71.71717171717171,,18.42105263157895
D_Broader_Pool,508292,msmarco_passage_08_160638773,38,0.16,70.70707070707071,,18.42105263157895
D_Broader_Pool,508292,msmarco_passage_03_229813999,40,0.13333333333333333,69.6969696969697,,10.0
D_Broader_Pool,508292,msmarco_passage_54_368645915,54,0.1,68.68686868686868,,5.555555555555555
D_Broader_Pool,508292,msmarco_passage_54_368657756,54,0.1,67.67676767676767,,5.555555555555555
D_Broader_Pool,508292,msmarco_passage_24_404336981,66,0.09302325581395349,66.66666666666667,,0.0
D_Broader_Pool,508292,msmarco_passage_37_44837674,49,0.06976744186046512,65.65656565656566,,4.081632653061225
D_Broader_Pool,508292,msmarco_passage_03_227408934,39,0.13333333333333333,64.64646464646464,,10.256410256410257
D_Broader_Pool,508292,msmarco_passage_65_864234952,46,0.09302325581395349,63.63636363636363,,8.695652173913043
D_Broader_Pool,508292,msmarco_passage_66_117899117,46,0.09302325581395349,62.62626262626263,,8.695652173913043
D_Broader_Pool,508292,msmarco_passage_16_695271217,58,0.10526315789473684,61.61616161616161,,1.7241379310344827
D_Broader_Pool,508292,msmarco_passage_08_460739777,45,0.11428571428571428,60.60606060606061,,11.11111111111111
D_Broader_Pool,508292,msmarco_passage_16_868992583,61,0.09523809523809523,59.5959595959596,,1.639344262295082
D_Broader_Pool,508292,msmarco_passage_13_206336507,59,0.1111111111111111,58.58585858585859,,5.084745762711864
D_Broader_Pool,508292,msmarco_passage_54_368594163,59,0.0975609756097561,57.57575757575757,,6.779661016949152
D_Broader_Pool,508292,msmarco_passage_03_722300453,47,0.0975609756097561,56.56565656565656,,2.127659574468085
D_Broader_Pool,508292,msmarco_passage_36_749150157,47,0.0975609756097561,55.55555555555556,,2.127659574468085
D_Broader_Pool,508292,msmarco_passage_03_271036942,41,0.12121212121212122,54.54545454545454,,4.878048780487805
D_Broader_Pool,508292,msmarco_passage_29_530611250,46,0.125,53.535353535353536,,8.695652173913043
D_Broader_Pool,508292,msmarco_passage_29_529412543,46,0.125,52.52525252525253,,8.695652173913043
D_Broader_Pool,508292,msmarco_passage_29_523605951,46,0.125,51.515151515151516,,8.695652173913043
D_Broader_Pool,508292,msmarco_passage_06_428550610,71,0.07692307692307693,50.5050505050505,,0.0
D_Broader_Pool,508292,msmarco_passage_46_642675902,71,0.07692307692307693,49.494949494949495,,0.0
D_Broader_Pool,508292,msmarco_passage_33_825929150,63,0.08888888888888889,48.484848484848484,,7.936507936507937
D_Broader_Pool,508292,msmarco_passage_25_582896620,46,0.12121212121212122,47.47474747474747,,4.3478260869565215
D_Broader_Pool,508292,msmarco_passage_44_194047345,55,0.11428571428571428,46.464646464646464,,10.909090909090908
D_Broader_Pool,508292,msmarco_passage_49_697243568,54,0.08108108108108109,45.45454545454546,,12.962962962962964
D_Broader_Pool,508292,msmarco_passage_48_826531912,39,0.12903225806451613,44.44444444444444,,10.256410256410257
D_Broader_Pool,508292,msmarco_passage_08_72460746,55,0.10526315789473684,43.43434343434344,,7.2727272727272725
D_Broader_Pool,508292,msmarco_passage_53_463976754,55,0.10526315789473684,42.42424242424242,,7.2727272727272725
D_Broader_Pool,508292,msmarco_passage_53_463968578,55,0.10526315789473684,41.41414141414141,,7.2727272727272725
D_Broader_Pool,508292,msmarco_passage_68_527869540,50,0.10526315789473684,40.40404040404041,,8.0
D_Broader_Pool,508292,msmarco_passage_56_388969054,53,0.08333333333333333,39.39393939393939,,9.433962264150944
D_Broader_Pool,508292,msmarco_passage_24_58138141,46,0.09375,38.38383838383839,,6.521739130434782
D_Broader_Pool,508292,msmarco_passage_46_205849406,63,0.10256410256410256,37.37373737373737,,4.761904761904762
D_Broader_Pool,508292,msmarco_passage_46_205842622,63,0.10256410256410256,36.36363636363637,,4.761904761904762
D_Broader_Pool,508292,msmarco_passage_25_582894420,64,0.0851063829787234,35.35353535353535,,6.25
D_Broader_Pool,508292,msmarco_passage_32_114445570,48,0.07317073170731707,34.34343434343434,,4.166666666666667
D_Broader_Pool,508292,msmarco_passage_03_228002169,53,0.10810810810810811,33.333333333333336,,7.547169811320755
D_Broader_Pool,508292,msmarco_passage_37_344157304,36,0.12903225806451613,32.32323232323232,,11.11111111111111
D_Broader_Pool,508292,msmarco_passage_54_684023211,47,0.1111111111111111,31.313131313131315,,4.25531914893617
D_Broader_Pool,508292,msmarco_passage_54_684115921,47,0.1111111111111111,30.303030303030297,,4.25531914893617
D_Broader_Pool,508292,msmarco_passage_61_356643315,45,0.08823529411764706,29.292929292929294,,11.11111111111111
D_Broader_Pool,508292,msmarco_passage_03_224642320,42,0.0967741935483871,28.282828282828287,,7.142857142857143
D_Broader_Pool,508292,msmarco_passage_54_368543446,49,0.12121212121212122,27.27272727272727,,8.16326530612245
D_Broader_Pool,508292,msmarco_passage_55_273916628,65,0.06976744186046512,26.262626262626267,,7.6923076923076925
D_Broader_Pool,508292,msmarco_passage_55_285938013,65,0.06976744186046512,25.25252525252525,,7.6923076923076925
D_Broader_Pool,508292,msmarco_passage_33_825927804,53,0.10256410256410256,24.242424242424242,,3.7735849056603774
D_Broader_Pool,508292,msmarco_passage_54_368605305,56,0.1,23.23232323232324,,7.142857142857143
D_Broader_Pool,508292,msmarco_passage_54_368618012,56,0.1,22.22222222222222,,7.142857142857143
D_Broader_Pool,508292,msmarco_passage_22_337575405,60,0.09302325581395349,21.212121212121215,,15.0
D_Broader_Pool,508292,msmarco_passage_33_521843402,39,0.13333333333333333,20.2020202020202,,7.6923076923076925
D_Broader_Pool,508292,msmarco_passage_46_642536252,53,0.09302325581395349,19.191919191919194,,3.7735849056603774
D_Broader_Pool,508292,msmarco_passage_33_176757266,74,0.08163265306122448,18.181818181818176,,8.108108108108109
D_Broader_Pool,508292,msmarco_passage_29_533109069,50,0.06451612903225806,17.17171717171717,,2.0
D_Broader_Pool,508292,msmarco_passage_29_523198863,50,0.06451612903225806,16.161616161616166,,2.0
D_Broader_Pool,508292,msmarco_passage_38_771578430,53,0.06976744186046512,15.151515151515149,,3.7735849056603774
D_Broader_Pool,508292,msmarco_passage_20_197882800,40,0.08823529411764706,14.141414141414144,,2.5
D_Broader_Pool,508292,msmarco_passage_21_677050437,40,0.08823529411764706,13.131313131313128,,2.5
D_Broader_Pool,508292,msmarco_passage_56_326762069,57,0.1,12.121212121212121,,5.2631578947368425
D_Broader_Pool,508292,msmarco_passage_47_49470107,51,0.1,11.111111111111116,,9.803921568627452
D_Broader_Pool,508292,msmarco_passage_54_63076735,44,0.15384615384615385,10.1010101010101,,13.636363636363637
D_Broader_Pool,508292,msmarco_passage_13_206333121,91,0.06349206349206349,9.090909090909093,,6.593406593406593
D_Broader_Pool,508292,msmarco_passage_25_582892670,58,0.07142857142857142,8.080808080808078,,5.172413793103448
D_Broader_Pool,508292,msmarco_passage_31_515321678,45,0.12903225806451613,7.070707070707072,,4.444444444444445
D_Broader_Pool,508292,msmarco_passage_63_832910232,47,0.09090909090909091,6.060606060606055,,2.127659574468085
D_Broader_Pool,508292,msmarco_passage_54_62764217,49,0.125,5.05050505050505,,12.244897959183673
D_Broader_Pool,508292,msmarco_passage_54_63009512,49,0.125,4.040404040404044,,12.244897959183673
D_Broader_Pool,508292,msmarco_passage_54_62703847,49,0.125,3.0303030303030276,,12.244897959183673
D_Broader_Pool,508292,msmarco_passage_54_62276787,49,0.125,2.020202020202022,,12.244897959183673
D_Broader_Pool,508292,msmarco_passage_54_63225725,48,0.13793103448275862,1.0101010101010055,,16.666666666666668
D_Broader_Pool,508292,msmarco_passage_54_63077190,48,0.13793103448275862,0.0,,16.666666666666668
D_Broader_Pool,540006,msmarco_passage_58_39424363,69,0.07692307692307693,100.0,,2.898550724637681
D_Broader_Pool,540006,msmarco_passage_58_39423436,48,0.10256410256410256,98.98989898989899,,18.75
D_Broader_Pool,540006,msmarco_passage_25_833258014,28,0.11538461538461539,97.97979797979798,,14.285714285714286
D_Broader_Pool,540006,msmarco_passage_40_158087024,43,0.05,96.96969696969697,,16.27906976744186
D_Broader_Pool,540006,msmarco_passage_24_649418758,39,0.12121212121212122,95.95959595959596,,17.94871794871795
D_Broader_Pool,540006,msmarco_passage_29_364916433,35,0.08333333333333333,94.94949494949495,,20.0
D_Broader_Pool,540006,msmarco_passage_58_39423896,43,0.1111111111111111,93.93939393939394,,11.627906976744185
D_Broader_Pool,540006,msmarco_passage_51_425263822,62,0.08333333333333333,92.92929292929293,,6.451612903225806
D_Broader_Pool,540006,msmarco_passage_19_32398793,49,0.06976744186046512,91.91919191919192,,22.448979591836736
D_Broader_Pool,540006,msmarco_passage_10_194670296,42,0.08571428571428572,90.9090909090909,,16.666666666666668
D_Broader_Pool,540006,msmarco_passage_63_34604683,30,0.07692307692307693,89.8989898989899,,26.666666666666668
D_Broader_Pool,540006,msmarco_passage_39_497540129,29,0.07407407407407407,88.88888888888889,,10.344827586206897
D_Broader_Pool,540006,msmarco_passage_64_373471586,69,0.05357142857142857,87.87878787878788,,8.695652173913043
D_Broader_Pool,540006,msmarco_passage_36_36941134,46,0.08571428571428572,86.86868686868688,,6.521739130434782
D_Broader_Pool,540006,msmarco_passage_18_777446772,30,0.06666666666666667,85.85858585858585,,20.0
D_Broader_Pool,540006,msmarco_passage_08_437712931,54,0.06976744186046512,84.84848484848484,,12.962962962962964
D_Broader_Pool,540006,msmarco_passage_02_561362243,40,0.058823529411764705,83.83838383838383,,12.5
D_Broader_Pool,540006,msmarco_passage_29_782119376,78,0.047619047619047616,82.82828282828282,,11.538461538461538
D_Broader_Pool,540006,msmarco_passage_22_52655571,40,0.09375,81.81818181818181,,15.0
D_Broader_Pool,540006,msmarco_passage_36_36948169,50,0.07142857142857142,80.8080808080808,,18.0
D_Broader_Pool,540006,msmarco_passage_55_602655827,50,0.047619047619047616,79.7979797979798,,10.0
D_Broader_Pool,540006,msmarco_passage_32_210905788,61,0.06,78.78787878787878,,13.114754098360656
D_Broader_Pool,540006,msmarco_passage_29_429701299,42,0.09090909090909091,77.77777777777779,,11.904761904761905
D_Broader_Pool,540006,msmarco_passage_34_293290254,31,0.13333333333333333,76.76767676767678,,12.903225806451612
D_Broader_Pool,540006,msmarco_passage_10_338346358,47,0.08571428571428572,75.75757575757575,,17.02127659574468
D_Broader_Pool,540006,msmarco_passage_27_589982912,59,0.06976744186046512,74.74747474747474,,10.169491525423728
D_Broader_Pool,540006,msmarco_passage_40_70111633,48,0.05,73.73737373737373,,10.416666666666666
D_Broader_Pool,540006,msmarco_passage_39_835845669,50,0.046511627906976744,72.72727272727273,,20.0
D_Broader_Pool,540006,msmarco_passage_36_40034959,30,0.11538461538461539,71.71717171717171,,23.333333333333332
D_Broader_Pool,540006,msmarco_passage_58_670545493,47,0.07692307692307693,70.70707070707071,,6.382978723404255
D_Broader_Pool,540006,msmarco_passage_19_111706181,62,0.0425531914893617,69.6969696969697,,14.516129032258064
D_Broader_Pool,540006,msmarco_passage_26_732222530,40,0.08571428571428572,68.68686868686868,,12.5
D_Broader_Pool,540006,msmarco_passage_19_295722902,42,0.07894736842105263,67.67676767676767,,21.428571428571427
D_Broader_Pool,540006,msmarco_passage_09_116947590,47,0.05263157894736842,66.66666666666667,,8.51063829787234
D_Broader_Pool,540006,msmarco_passage_58_705058709,27,0.09090909090909091,65.65656565656566,,25.925925925925927
D_Broader_Pool,540006,msmarco_passage_09_116946321,50,0.047619047619047616,64.64646464646464,,6.0
D_Broader_Pool,540006,msmarco_passage_09_116947225,34,0.10344827586206896,63.63636363636363,,11.764705882352942
D_Broader_Pool,540006,msmarco_passage_58_699683220,23,0.09523809523809523,62.62626262626263,,21.73913043478261
D_Broader_Pool,540006,msmarco_passage_28_485912287,47,0.07142857142857142,61.61616161616161,,10.638297872340425
D_Broader_Pool,540006,msmarco_passage_40_550403897,36,0.07142857142857142,60.60606060606061,,41.666666666666664
D_Broader_Pool,540006,msmarco_passage_36_818909195,41,0.06060606060606061,59.5959595959596,,24.390243902439025
D_Broader_Pool,540006,msmarco_passage_36_40040198,37,0.05714285714285714,58.58585858585859,,18.91891891891892
D_Broader_Pool,540006,msmarco_passage_19_785033767,37,0.0625,57.57575757575757,,24.324324324324323
D_Broader_Pool,540006,msmarco_passage_36_40037295,48,0.047619047619047616,56.56565656565656,,14.583333333333334
D_Broader_Pool,540006,msmarco_passage_07_788722998,49,0.046511627906976744,55.55555555555556,,6.122448979591836
D_Broader_Pool,540006,msmarco_passage_51_425265232,45,0.09375,54.54545454545454,,8.88888888888889
D_Broader_Pool,540006,msmarco_passage_09_116948883,46,0.05128205128205128,53.535353535353536,,4.3478260869565215
D_Broader_Pool,540006,msmarco_passage_03_812389158,14,0.2,52.52525252525253,,42.857142857142854
D_Broader_Pool,540006,msmarco_passage_17_729605834,36,0.06060606060606061,51.515151515151516,,25.0
D_Broader_Pool,540006,msmarco_passage_20_400757257,42,0.058823529411764705,50.5050505050505,,9.523809523809524
D_Broader_Pool,540006,msmarco_passage_47_858553991,32,0.06451612903225806,49.494949494949495,,18.75
D_Broader_Pool,540006,msmarco_passage_36_36942031,47,0.046511627906976744,48.484848484848484,,4.25531914893617
D_Broader_Pool,540006,msmarco_passage_09_116946793,41,0.058823529411764705,47.47474747474747,,7.317073170731708
D_Broader_Pool,540006,msmarco_passage_36_36945329,53,0.05,46.464646464646464,,3.7735849056603774
D_Broader_Pool,540006,msmarco_passage_62_568341973,33,0.06666666666666667,45.45454545454546,,24.242424242424242
D_Broader_Pool,540006,msmarco_passage_30_36630299,39,0.06666666666666667,44.44444444444444,,35.8974358974359
D_Broader_Pool,540006,msmarco_passage_47_800362691,50,0.08571428571428572,43.43434343434344,,8.0
D_Broader_Pool,540006,msmarco_passage_36_36943047,50,0.07142857142857142,42.42424242424242,,8.0
D_Broader_Pool,540006,msmarco_passage_20_218070758,38,0.07142857142857142,41.41414141414141,,21.05263157894737
D_Broader_Pool,540006,msmarco_passage_40_70108005,52,0.07317073170731707,40.40404040404041,,17.307692307692307
D_Broader_Pool,540006,msmarco_passage_22_52652935,39,0.06060606060606061,39.39393939393939,,12.820512820512821
D_Broader_Pool,540006,msmarco_passage_58_694387158,35,0.06451612903225806,38.38383838383839,,31.428571428571427
D_Broader_Pool,540006,msmarco_passage_18_759862291,36,0.10714285714285714,37.37373737373737,,5.555555555555555
D_Broader_Pool,540006,msmarco_passage_17_629629300,42,0.06451612903225806,36.36363636363637,,26.19047619047619
D_Broader_Pool,540006,msmarco_passage_01_154603404,42,0.06451612903225806,35.35353535353535,,26.19047619047619
D_Broader_Pool,540006,msmarco_passage_40_70108874,58,0.06521739130434782,34.34343434343434,,13.793103448275861
D_Broader_Pool,540006,msmarco_passage_36_40037848,52,0.047619047619047616,33.333333333333336,,13.461538461538462
D_Broader_Pool,540006,msmarco_passage_09_117883337,35,0.058823529411764705,32.32323232323232,,11.428571428571429
D_Broader_Pool,540006,msmarco_passage_36_36943949,48,0.05128205128205128,31.313131313131315,,8.333333333333334
D_Broader_Pool,540006,msmarco_passage_22_52656975,49,0.04878048780487805,30.303030303030297,,12.244897959183673
D_Broader_Pool,540006,msmarco_passage_48_11284595,42,0.06060606060606061,29.292929292929294,,7.142857142857143
D_Broader_Pool,540006,msmarco_passage_50_672918989,31,0.07692307692307693,28.282828282828287,,0.0
D_Broader_Pool,540006,msmarco_passage_32_215071921,52,0.07317073170731707,27.27272727272727,,9.615384615384615
D_Broader_Pool,540006,msmarco_passage_39_840287324,50,0.05,26.262626262626267,,12.0
D_Broader_Pool,540006,msmarco_passage_01_684910839,48,0.07142857142857142,25.25252525252525,,25.0
D_Broader_Pool,540006,msmarco_passage_36_36940302,33,0.08333333333333333,24.242424242424242,,24.242424242424242
D_Broader_Pool,540006,msmarco_passage_48_52422406,47,0.05263157894736842,23.23232323232324,,10.638297872340425
D_Broader_Pool,540006,msmarco_passage_24_649417804,45,0.058823529411764705,22.22222222222222,,11.11111111111111
D_Broader_Pool,540006,msmarco_passage_29_782117795,49,0.06666666666666667,21.212121212121215,,20.408163265306122
D_Broader_Pool,540006,msmarco_passage_36_40035314,39,0.0625,20.2020202020202,,15.384615384615385
D_Broader_Pool,540006,msmarco_passage_36_40038424,43,0.05263157894736842,19.191919191919194,,9.30232558139535
D_Broader_Pool,540006,msmarco_passage_57_50040429,43,0.05405405405405406,18.181818181818176,,16.27906976744186
D_Broader_Pool,540006,msmarco_passage_09_116948453,43,0.05263157894736842,17.17171717171717,,9.30232558139535
D_Broader_Pool,540006,msmarco_passage_22_52653816,33,0.06666666666666667,16.161616161616166,,12.121212121212121
D_Broader_Pool,540006,msmarco_passage_09_117882867,44,0.05405405405405406,15.151515151515149,,4.545454545454546
D_Broader_Pool,540006,msmarco_passage_20_282833788,32,0.07407407407407407,14.141414141414144,,25.0
D_Broader_Pool,540006,msmarco_passage_48_21261581,28,0.08,13.131313131313128,,7.142857142857143
D_Broader_Pool,540006,msmarco_passage_36_40034521,32,0.06666666666666667,12.121212121212121,,21.875
D_Broader_Pool,540006,msmarco_passage_22_52660154,48,0.05263157894736842,11.111111111111116,,14.583333333333334
D_Broader_Pool,540006,msmarco_passage_47_737858087,28,0.07407407407407407,10.1010101010101,,21.428571428571427
D_Broader_Pool,540006,msmarco_passage_22_52658070,45,0.05714285714285714,9.090909090909093,,13.333333333333334
D_Broader_Pool,540006,msmarco_passage_09_117884297,52,0.04878048780487805,8.080808080808078,,11.538461538461538
D_Broader_Pool,540006,msmarco_passage_36_40035771,40,0.06666666666666667,7.070707070707072,,17.5
D_Broader_Pool,540006,msmarco_passage_36_40038912,38,0.06060606060606061,6.060606060606055,,15.789473684210526
D_Broader_Pool,540006,msmarco_passage_36_381368144,40,0.05555555555555555,5.05050505050505,,10.0
D_Broader_Pool,540006,msmarco_passage_29_631033346,49,0.05555555555555555,4.040404040404044,,24.489795918367346
D_Broader_Pool,540006,msmarco_passage_09_117883800,48,0.05128205128205128,3.0303030303030276,,10.416666666666666
D_Broader_Pool,540006,msmarco_passage_36_40036805,44,0.05263157894736842,2.020202020202022,,18.181818181818183
D_Broader_Pool,540006,msmarco_passage_39_840287794,49,0.058823529411764705,1.0101010101010055,,12.244897959183673
D_Broader_Pool,540006,msmarco_passage_01_159841964,51,0.07692307692307693,0.0,,3.9215686274509802
D_Broader_Pool,596569,msmarco_passage_12_270377801,26,0.2692307692307692,100.0,,11.538461538461538
D_Broader_Pool,596569,msmarco_passage_57_570209973,54,0.14,98.98989898989899,,3.7037037037037037
D_Broader_Pool,596569,msmarco_passage_66_170950934,59,0.125,97.97979797979798,,1.694915254237288
D_Broader_Pool,596569,msmarco_passage_32_199421070,56,0.13333333333333333,96.96969696969697,,8.928571428571429
D_Broader_Pool,596569,msmarco_passage_03_507786841,59,0.13636363636363635,95.95959595959596,,0.0
D_Broader_Pool,596569,msmarco_passage_25_467716834,57,0.1276595744680851,94.94949494949495,,3.508771929824561
D_Broader_Pool,596569,msmarco_passage_27_220457995,60,0.09615384615384616,93.93939393939394,,10.0
D_Broader_Pool,596569,msmarco_passage_65_648878943,70,0.14285714285714285,92.92929292929293,,0.0
D_Broader_Pool,596569,msmarco_passage_10_533596525,58,0.13333333333333333,91.91919191919192,,8.620689655172415
D_Broader_Pool,596569,msmarco_passage_13_732299423,59,0.15555555555555556,90.9090909090909,,0.0
D_Broader_Pool,596569,msmarco_passage_12_265819081,54,0.13953488372093023,89.8989898989899,,11.11111111111111
D_Broader_Pool,596569,msmarco_passage_12_262592376,89,0.13793103448275862,88.88888888888889,,3.3707865168539324
D_Broader_Pool,596569,msmarco_passage_22_745818291,53,0.10416666666666667,87.87878787878788,,3.7735849056603774
D_Broader_Pool,596569,msmarco_passage_03_507785349,57,0.09259259259259259,86.86868686868688,,0.0
D_Broader_Pool,596569,msmarco_passage_22_745815142,47,0.125,85.85858585858585,,6.382978723404255
D_Broader_Pool,596569,msmarco_passage_12_265820512,78,0.10344827586206896,84.84848484848484,,8.974358974358974
D_Broader_Pool,596569,msmarco_passage_14_448594846,55,0.1276595744680851,83.83838383838383,,1.8181818181818181
D_Broader_Pool,596569,msmarco_passage_22_748796308,60,0.1111111111111111,82.82828282828282,,3.3333333333333335
D_Broader_Pool,596569,msmarco_passage_12_265819973,79,0.1,81.81818181818181,,6.329113924050633
D_Broader_Pool,596569,msmarco_passage_10_533595740,52,0.13953488372093023,80.8080808080808,,3.8461538461538463
D_Broader_Pool,596569,msmarco_passage_01_10942070,15,0.5,79.7979797979798,,13.333333333333334
D_Broader_Pool,596569,msmarco_passage_15_6095456,58,0.11538461538461539,78.78787878787878,,3.4482758620689653
D_Broader_Pool,596569,msmarco_passage_10_605769656,65,0.1320754716981132,77.77777777777779,,1.5384615384615385
D_Broader_Pool,596569,msmarco_passage_66_519483801,65,0.1320754716981132,76.76767676767678,,1.5384615384615385
D_Broader_Pool,596569,msmarco_passage_29_723635754,68,0.1,75.75757575757575,,7.352941176470588
D_Broader_Pool,596569,msmarco_passage_03_436029974,52,0.08333333333333333,74.74747474747474,,0.0
D_Broader_Pool,596569,msmarco_passage_17_205118885,92,0.12307692307692308,73.73737373737373,,3.260869565217391
D_Broader_Pool,596569,msmarco_passage_01_10942265,92,0.12307692307692308,72.72727272727273,,3.260869565217391
D_Broader_Pool,596569,msmarco_passage_17_205114327,17,0.4444444444444444,71.71717171717171,,5.882352941176471
D_Broader_Pool,596569,msmarco_passage_22_746922529,50,0.11904761904761904,70.70707070707071,,0.0
D_Broader_Pool,596569,msmarco_passage_22_748801954,48,0.10638297872340426,69.6969696969697,,0.0
D_Broader_Pool,596569,msmarco_passage_08_631161477,61,0.10416666666666667,68.68686868686868,,1.639344262295082
D_Broader_Pool,596569,msmarco_passage_62_799021713,34,0.25,67.67676767676767,,8.823529411764707
D_Broader_Pool,596569,msmarco_passage_00_571271364,34,0.25,66.66666666666667,,8.823529411764707
D_Broader_Pool,596569,msmarco_passage_08_792650594,38,0.1282051282051282,65.65656565656566,,5.2631578947368425
D_Broader_Pool,596569,msmarco_passage_10_157347616,58,0.03571428571428571,64.64646464646464,,10.344827586206897
D_Broader_Pool,596569,msmarco_passage_63_265115908,58,0.03571428571428571,63.63636363636363,,10.344827586206897
D_Broader_Pool,596569,msmarco_passage_38_54357383,51,0.175,62.62626262626263,,0.0
D_Broader_Pool,596569,msmarco_passage_66_301075312,68,0.1346153846153846,61.61616161616161,,4.411764705882353
D_Broader_Pool,596569,msmarco_passage_12_198602682,25,0.2916666666666667,60.60606060606061,,4.0
D_Broader_Pool,596569,msmarco_passage_12_208146706,21,0.3684210526315789,59.5959595959596,,0.0
D_Broader_Pool,596569,msmarco_passage_12_198610053,31,0.25925925925925924,58.58585858585859,,0.0
D_Broader_Pool,596569,msmarco_passage_67_382196384,55,0.1794871794871795,57.57575757575757,,0.0
D_Broader_Pool,596569,msmarco_passage_15_243247960,57,0.17073170731707318,56.56565656565656,,0.0
D_Broader_Pool,596569,msmarco_passage_22_746082461,97,0.12121212121212122,55.55555555555556,,5.154639175257732
D_Broader_Pool,596569,msmarco_passage_12_208146471,23,0.3333333333333333,54.54545454545454,,4.3478260869565215
D_Broader_Pool,596569,msmarco_passage_22_746082068,53,0.15555555555555556,53.535353535353536,,9.433962264150944
D_Broader_Pool,596569,msmarco_passage_45_166568914,54,0.15384615384615385,52.52525252525253,,5.555555555555555
D_Broader_Pool,596569,msmarco_passage_15_243247098,67,0.17391304347826086,51.515151515151516,,0.0
D_Broader_Pool,596569,msmarco_passage_01_209441100,60,0.10204081632653061,50.5050505050505,,1.6666666666666667
D_Broader_Pool,596569,msmarco_passage_69_33869453,57,0.12244897959183673,49.494949494949495,,1.7543859649122806
D_Broader_Pool,596569,msmarco_passage_27_523291302,42,0.1794871794871795,48.484848484848484,,4.761904761904762
D_Broader_Pool,596569,msmarco_passage_02_233849092,42,0.1794871794871795,47.47474747474747,,4.761904761904762
D_Broader_Pool,596569,msmarco_passage_45_166450352,81,0.09090909090909091,46.464646464646464,,2.4691358024691357
D_Broader_Pool,596569,msmarco_passage_57_323756500,64,0.13725490196078433,45.45454545454546,,3.125
D_Broader_Pool,596569,msmarco_passage_58_26373455,58,0.15217391304347827,44.44444444444444,,0.0
D_Broader_Pool,596569,msmarco_passage_12_252384334,59,0.13725490196078433,43.43434343434344,,13.559322033898304
D_Broader_Pool,596569,msmarco_passage_56_818401466,58,0.12,42.42424242424242,,0.0
D_Broader_Pool,596569,msmarco_passage_34_29558386,58,0.16666666666666666,41.41414141414141,,3.4482758620689653
D_Broader_Pool,596569,msmarco_passage_56_417255738,47,0.17073170731707318,40.40404040404041,,10.638297872340425
D_Broader_Pool,596569,msmarco_passage_32_205843371,59,0.15555555555555556,39.39393939393939,,0.0
D_Broader_Pool,596569,msmarco_passage_37_321411565,66,0.16326530612244897,38.38383838383839,,6.0606060606060606
D_Broader_Pool,596569,msmarco_passage_29_719536011,64,0.11538461538461539,37.37373737373737,,0.0
D_Broader_Pool,596569,msmarco_passage_67_420801363,56,0.10869565217391304,36.36363636363637,,0.0
D_Broader_Pool,596569,msmarco_passage_29_717647593,62,0.11538461538461539,35.35353535353535,,6.451612903225806
D_Broader_Pool,596569,msmarco_passage_12_223340354,41,0.22580645161290322,34.34343434343434,,0.0
D_Broader_Pool,596569,msmarco_passage_02_350957418,58,0.13636363636363635,33.333333333333336,,3.4482758620689653
D_Broader_Pool,596569,msmarco_passage_13_735400859,55,0.1951219512195122,32.32323232323232,,0.0
D_Broader_Pool,596569,msmarco_passage_06_264243924,53,0.14583333333333334,31.313131313131315,,0.0
D_Broader_Pool,596569,msmarco_passage_12_262465728,45,0.16216216216216217,30.303030303030297,,2.2222222222222223
D_Broader_Pool,596569,msmarco_passage_03_240659274,60,0.12244897959183673,29.292929292929294,,5.0
D_Broader_Pool,596569,msmarco_passage_67_426346176,61,0.14893617021276595,28.282828282828287,,3.278688524590164
D_Broader_Pool,596569,msmarco_passage_64_162254261,61,0.14285714285714285,27.27272727272727,,0.0
D_Broader_Pool,596569,msmarco_passage_68_349236313,64,0.10416666666666667,26.262626262626267,,7.8125
D_Broader_Pool,596569,msmarco_passage_40_635339338,53,0.0625,25.25252525252525,,1.8867924528301887
D_Broader_Pool,596569,msmarco_passage_15_256285099,58,0.11363636363636363,24.242424242424242,,6.896551724137931
D_Broader_Pool,596569,msmarco_passage_07_113222676,90,0.07246376811594203,23.23232323232324,,1.1111111111111112
D_Broader_Pool,596569,msmarco_passage_12_230369180,106,0.14545454545454545,22.22222222222222,,5.660377358490566
D_Broader_Pool,596569,msmarco_passage_33_679075936,54,0.15789473684210525,21.212121212121215,,1.8518518518518519
D_Broader_Pool,596569,msmarco_passage_34_202024325,62,0.11538461538461539,20.2020202020202,,0.0
D_Broader_Pool,596569,msmarco_passage_18_698804866,56,0.11904761904761904,19.191919191919194,,1.7857142857142858
D_Broader_Pool,596569,msmarco_passage_58_577291593,51,0.1794871794871795,18.181818181818176,,0.0
D_Broader_Pool,596569,msmarco_passage_58_184074828,53,0.16216216216216217,17.17171717171717,,7.547169811320755
D_Broader_Pool,596569,msmarco_passage_43_184578707,56,0.13953488372093023,16.161616161616166,,1.7857142857142858
D_Broader_Pool,596569,msmarco_passage_58_397801702,55,0.13043478260869565,15.151515151515149,,0.0
D_Broader_Pool,596569,msmarco_passage_00_751880172,63,0.13043478260869565,14.141414141414144,,7.936507936507937
D_Broader_Pool,596569,msmarco_passage_34_4189240,61,0.1276595744680851,13.131313131313128,,0.0
D_Broader_Pool,596569,msmarco_passage_58_145552087,50,0.175,12.121212121212121,,4.0
D_Broader_Pool,596569,msmarco_passage_11_130768844,45,0.22857142857142856,11.111111111111116,,4.444444444444445
D_Broader_Pool,596569,msmarco_passage_46_103318058,46,0.06818181818181818,10.1010101010101,,2.1739130434782608
D_Broader_Pool,596569,msmarco_passage_15_797242241,57,0.10869565217391304,9.090909090909093,,3.508771929824561
D_Broader_Pool,596569,msmarco_passage_15_796873563,57,0.10869565217391304,8.080808080808078,,3.508771929824561
D_Broader_Pool,596569,msmarco_passage_00_688002827,57,0.10869565217391304,7.070707070707072,,3.508771929824561
D_Broader_Pool,596569,msmarco_passage_07_547200082,105,0.09859154929577464,6.060606060606055,,5.714285714285714
D_Broader_Pool,596569,msmarco_passage_02_250714496,66,0.10638297872340426,5.05050505050505,,0.0
D_Broader_Pool,596569,msmarco_passage_25_845606843,62,0.16666666666666666,4.040404040404044,,0.0
D_Broader_Pool,596569,msmarco_passage_62_71153417,72,0.11320754716981132,3.0303030303030276,,2.7777777777777777
D_Broader_Pool,596569,msmarco_passage_38_406221216,55,0.13636363636363635,2.020202020202022,,3.6363636363636362
D_Broader_Pool,596569,msmarco_passage_30_560481215,51,0.15789473684210525,1.0101010101010055,,1.9607843137254901
D_Broader_Pool,596569,msmarco_passage_09_42078598,60,0.16666666666666666,0.0,,3.3333333333333335
D_Broader_Pool,629937,msmarco_passage_35_98010201,48,0.125,100.0,,0.0
D_Broader_Pool,629937,msmarco_passage_09_791178425,39,0.17142857142857143,98.98989898989899,,0.0
D_Broader_Pool,629937,msmarco_passage_62_95661211,39,0.17142857142857143,97.97979797979798,,0.0
D_Broader_Pool,629937,msmarco_passage_35_97813720,61,0.11627906976744186,96.96969696969697,,0.0
D_Broader_Pool,629937,msmarco_passage_53_692894208,52,0.0851063829787234,95.95959595959596,,5.769230769230769
D_Broader_Pool,629937,msmarco_passage_09_484020537,41,0.15625,94.94949494949495,,2.4390243902439024
D_Broader_Pool,629937,msmarco_passage_60_676300535,41,0.15625,93.93939393939394,,2.4390243902439024
D_Broader_Pool,629937,msmarco_passage_60_676301869,48,0.13043478260869565,92.92929292929293,,6.25
D_Broader_Pool,629937,msmarco_passage_09_484021871,48,0.13043478260869565,91.91919191919192,,6.25
D_Broader_Pool,629937,msmarco_passage_35_97819308,75,0.09615384615384616,90.9090909090909,,0.0
D_Broader_Pool,629937,msmarco_passage_62_95661582,65,0.15384615384615385,89.8989898989899,,0.0
D_Broader_Pool,629937,msmarco_passage_09_791178797,65,0.15384615384615385,88.88888888888889,,0.0
D_Broader_Pool,629937,msmarco_passage_35_97810880,55,0.11904761904761904,87.87878787878788,,0.0
D_Broader_Pool,629937,msmarco_passage_60_676303540,35,0.17647058823529413,86.86868686868688,,0.0
D_Broader_Pool,629937,msmarco_passage_09_484023542,35,0.17647058823529413,85.85858585858585,,0.0
D_Broader_Pool,629937,msmarco_passage_62_95660767,46,0.1388888888888889,84.84848484848484,,0.0
D_Broader_Pool,629937,msmarco_passage_09_791177980,46,0.1388888888888889,83.83838383838383,,0.0
D_Broader_Pool,629937,msmarco_passage_35_97818450,50,0.10416666666666667,82.82828282828282,,0.0
D_Broader_Pool,629937,msmarco_passage_39_119423024,43,0.16666666666666666,81.81818181818181,,4.651162790697675
D_Broader_Pool,629937,msmarco_passage_66_232381516,66,0.11320754716981132,80.8080808080808,,0.0
D_Broader_Pool,629937,msmarco_passage_62_95660551,16,0.2777777777777778,79.7979797979798,,6.25
D_Broader_Pool,629937,msmarco_passage_09_791177763,16,0.2777777777777778,78.78787878787878,,6.25
D_Broader_Pool,629937,msmarco_passage_35_97810421,53,0.16129032258064516,77.77777777777779,,9.433962264150944
D_Broader_Pool,629937,msmarco_passage_35_97809480,61,0.09803921568627451,76.76767676767678,,6.557377049180328
D_Broader_Pool,629937,msmarco_passage_56_465288988,41,0.15789473684210525,75.75757575757575,,7.317073170731708
D_Broader_Pool,629937,msmarco_passage_60_676302306,51,0.1891891891891892,74.74747474747474,,1.9607843137254901
D_Broader_Pool,629937,msmarco_passage_09_484022308,51,0.1891891891891892,73.73737373737373,,1.9607843137254901
D_Broader_Pool,629937,msmarco_passage_35_97801556,80,0.1111111111111111,72.72727272727273,,1.25
D_Broader_Pool,629937,msmarco_passage_58_711891015,58,0.10526315789473684,71.71717171717171,,1.7241379310344827
D_Broader_Pool,629937,msmarco_passage_48_843032222,32,0.08571428571428572,70.70707070707071,,0.0
D_Broader_Pool,629937,msmarco_passage_22_182106995,51,0.1111111111111111,69.6969696969697,,0.0
D_Broader_Pool,629937,msmarco_passage_09_484020911,39,0.2222222222222222,68.68686868686868,,7.6923076923076925
D_Broader_Pool,629937,msmarco_passage_60_676300909,39,0.2222222222222222,67.67676767676767,,7.6923076923076925
D_Broader_Pool,629937,msmarco_passage_08_537938064,63,0.1,66.66666666666667,,1.5873015873015872
D_Broader_Pool,629937,msmarco_passage_55_717899492,63,0.1,65.65656565656566,,1.5873015873015872
D_Broader_Pool,629937,msmarco_passage_09_484017797,36,0.19230769230769232,64.64646464646464,,11.11111111111111
D_Broader_Pool,629937,msmarco_passage_60_676297795,36,0.19230769230769232,63.63636363636363,,11.11111111111111
D_Broader_Pool,629937,msmarco_passage_24_148952230,56,0.10869565217391304,62.62626262626263,,1.7857142857142858
D_Broader_Pool,629937,msmarco_passage_55_278428779,47,0.12195121951219512,61.61616161616161,,0.0
D_Broader_Pool,629937,msmarco_passage_55_291748744,47,0.12195121951219512,60.60606060606061,,0.0
D_Broader_Pool,629937,msmarco_passage_08_425124378,47,0.12195121951219512,59.5959595959596,,0.0
D_Broader_Pool,629937,msmarco_passage_35_97803886,62,0.11904761904761904,58.58585858585859,,0.0
D_Broader_Pool,629937,msmarco_passage_66_232385322,39,0.18181818181818182,57.57575757575757,,2.5641025641025643
D_Broader_Pool,629937,msmarco_passage_66_833361895,42,0.15384615384615385,56.56565656565656,,2.380952380952381
D_Broader_Pool,629937,msmarco_passage_35_97819879,41,0.11904761904761904,55.55555555555556,,2.4390243902439024
D_Broader_Pool,629937,msmarco_passage_53_687097811,47,0.13043478260869565,54.54545454545454,,2.127659574468085
D_Broader_Pool,629937,msmarco_passage_23_814289615,44,0.15384615384615385,53.535353535353536,,0.0
D_Broader_Pool,629937,msmarco_passage_35_97809978,56,0.10869565217391304,52.52525252525253,,0.0
D_Broader_Pool,629937,msmarco_passage_22_531929491,49,0.0851063829787234,51.515151515151516,,0.0
D_Broader_Pool,629937,msmarco_passage_28_365546634,41,0.22857142857142856,50.5050505050505,,2.4390243902439024
D_Broader_Pool,629937,msmarco_passage_11_26079045,48,0.08108108108108109,49.494949494949495,,0.0
D_Broader_Pool,629937,msmarco_passage_65_748292513,56,0.17073170731707318,48.484848484848484,,0.0
D_Broader_Pool,629937,msmarco_passage_10_677408704,49,0.09302325581395349,47.47474747474747,,2.0408163265306123
D_Broader_Pool,629937,msmarco_passage_66_715637321,49,0.09302325581395349,46.464646464646464,,2.0408163265306123
D_Broader_Pool,629937,msmarco_passage_66_715486007,49,0.09302325581395349,45.45454545454546,,2.0408163265306123
D_Broader_Pool,629937,msmarco_passage_66_715123286,49,0.09302325581395349,44.44444444444444,,2.0408163265306123
D_Broader_Pool,629937,msmarco_passage_04_138825974,63,0.0975609756097561,43.43434343434344,,0.0
D_Broader_Pool,629937,msmarco_passage_53_692893727,57,0.13043478260869565,42.42424242424242,,5.2631578947368425
D_Broader_Pool,629937,msmarco_passage_40_265851862,46,0.023809523809523808,41.41414141414141,,2.1739130434782608
D_Broader_Pool,629937,msmarco_passage_40_265860728,46,0.023809523809523808,40.40404040404041,,2.1739130434782608
D_Broader_Pool,629937,msmarco_passage_40_271490727,46,0.023809523809523808,39.39393939393939,,2.1739130434782608
D_Broader_Pool,629937,msmarco_passage_40_271499593,46,0.023809523809523808,38.38383838383839,,2.1739130434782608
D_Broader_Pool,629937,msmarco_passage_08_537939962,44,0.10810810810810811,37.37373737373737,,4.545454545454546
D_Broader_Pool,629937,msmarco_passage_55_717901394,44,0.10810810810810811,36.36363636363637,,4.545454545454546
D_Broader_Pool,629937,msmarco_passage_36_664053078,58,0.07547169811320754,35.35353535353535,,0.0
D_Broader_Pool,629937,msmarco_passage_03_22052954,48,0.16216216216216217,34.34343434343434,,12.5
D_Broader_Pool,629937,msmarco_passage_48_801735567,55,0.06666666666666667,33.333333333333336,,0.0
D_Broader_Pool,629937,msmarco_passage_08_58852531,61,0.1111111111111111,32.32323232323232,,0.0
D_Broader_Pool,629937,msmarco_passage_54_650511377,50,0.13333333333333333,31.313131313131315,,6.0
D_Broader_Pool,629937,msmarco_passage_48_433159696,59,0.10869565217391304,30.303030303030297,,0.0
D_Broader_Pool,629937,msmarco_passage_26_235986020,78,0.1,29.292929292929294,,1.2820512820512822
D_Broader_Pool,629937,msmarco_passage_01_828742782,78,0.1,28.282828282828287,,1.2820512820512822
D_Broader_Pool,629937,msmarco_passage_12_178115831,60,0.1276595744680851,27.27272727272727,,0.0
D_Broader_Pool,629937,msmarco_passage_39_695535638,64,0.06382978723404255,26.262626262626267,,3.125
D_Broader_Pool,629937,msmarco_passage_63_315633016,48,0.14634146341463414,25.25252525252525,,6.25
D_Broader_Pool,629937,msmarco_passage_52_618397368,62,0.07692307692307693,24.242424242424242,,1.6129032258064515
D_Broader_Pool,629937,msmarco_passage_55_285963455,48,0.06666666666666667,23.23232323232324,,2.0833333333333335
D_Broader_Pool,629937,msmarco_passage_22_469219572,49,0.11627906976744186,22.22222222222222,,0.0
D_Broader_Pool,629937,msmarco_passage_33_844549464,81,0.11538461538461539,21.212121212121215,,1.2345679012345678
D_Broader_Pool,629937,msmarco_passage_22_204519218,45,0.17142857142857143,20.2020202020202,,0.0
D_Broader_Pool,629937,msmarco_passage_55_419335968,47,0.06818181818181818,19.191919191919194,,2.127659574468085
D_Broader_Pool,629937,msmarco_passage_02_417643707,47,0.06818181818181818,18.181818181818176,,2.127659574468085
D_Broader_Pool,629937,msmarco_passage_08_466704768,47,0.06818181818181818,17.17171717171717,,2.127659574468085
D_Broader_Pool,629937,msmarco_passage_55_419648532,47,0.06818181818181818,16.161616161616166,,2.127659574468085
D_Broader_Pool,629937,msmarco_passage_03_467158834,50,0.16666666666666666,15.151515151515149,,0.0
D_Broader_Pool,629937,msmarco_passage_03_467165890,50,0.16666666666666666,14.141414141414144,,0.0
D_Broader_Pool,629937,msmarco_passage_35_359905279,50,0.16666666666666666,13.131313131313128,,0.0
D_Broader_Pool,629937,msmarco_passage_44_301941467,61,0.11904761904761904,12.121212121212121,,0.0
D_Broader_Pool,629937,msmarco_passage_04_134325297,42,0.10344827586206896,11.111111111111116,,2.380952380952381
D_Broader_Pool,629937,msmarco_passage_29_603095518,56,0.09523809523809523,10.1010101010101,,0.0
D_Broader_Pool,629937,msmarco_passage_33_845147886,52,0.11428571428571428,9.090909090909093,,1.9230769230769231
D_Broader_Pool,629937,msmarco_passage_04_170274344,29,0.23809523809523808,8.080808080808078,,3.4482758620689653
D_Broader_Pool,629937,msmarco_passage_04_162964305,29,0.23809523809523808,7.070707070707072,,3.4482758620689653
D_Broader_Pool,629937,msmarco_passage_04_200065255,46,0.19230769230769232,6.060606060606055,,2.1739130434782608
D_Broader_Pool,629937,msmarco_passage_01_502007434,46,0.19230769230769232,5.05050505050505,,2.1739130434782608
D_Broader_Pool,629937,msmarco_passage_29_509540880,70,0.041666666666666664,4.040404040404044,,0.0
D_Broader_Pool,629937,msmarco_passage_04_200074636,50,0.2,3.0303030303030276,,0.0
D_Broader_Pool,629937,msmarco_passage_43_380466289,43,0.21212121212121213,2.020202020202022,,0.0
D_Broader_Pool,629937,msmarco_passage_05_560573977,57,0.16279069767441862,1.0101010101010055,,1.7543859649122806
D_Broader_Pool,629937,msmarco_passage_43_380470618,57,0.16279069767441862,0.0,,1.7543859649122806
D_Broader_Pool,646091,msmarco_passage_30_7772264,29,0.11538461538461539,100.0,,0.0
D_Broader_Pool,646091,msmarco_passage_57_184775023,29,0.11538461538461539,98.98989898989899,,0.0
D_Broader_Pool,646091,msmarco_passage_27_626193579,49,0.05714285714285714,97.97979797979798,,0.0
D_Broader_Pool,646091,msmarco_passage_06_450899513,50,0.05,96.96969696969697,,2.0
D_Broader_Pool,646091,msmarco_passage_22_798004588,50,0.05,95.95959595959596,,2.0
D_Broader_Pool,646091,msmarco_passage_53_592569309,43,0.07894736842105263,94.94949494949495,,2.3255813953488373
D_Broader_Pool,646091,msmarco_passage_53_589963884,43,0.07894736842105263,93.93939393939394,,2.3255813953488373
D_Broader_Pool,646091,msmarco_passage_53_355454477,58,0.044444444444444446,92.92929292929293,,3.4482758620689653
D_Broader_Pool,646091,msmarco_passage_36_207498071,39,0.0967741935483871,91.91919191919192,,2.5641025641025643
D_Broader_Pool,646091,msmarco_passage_28_313169904,45,0.08823529411764706,90.9090909090909,,2.2222222222222223
D_Broader_Pool,646091,msmarco_passage_06_765034498,44,0.11764705882352941,89.8989898989899,,0.0
D_Broader_Pool,646091,msmarco_passage_48_749998273,44,0.11764705882352941,88.88888888888889,,0.0
D_Broader_Pool,646091,msmarco_passage_53_590996709,48,0.07894736842105263,87.87878787878788,,2.0833333333333335
D_Broader_Pool,646091,msmarco_passage_66_119411167,48,0.05128205128205128,86.86868686868688,,4.166666666666667
D_Broader_Pool,646091,msmarco_passage_53_355459800,58,0.06666666666666667,85.85858585858585,,3.4482758620689653
D_Broader_Pool,646091,msmarco_passage_08_24643970,58,0.06666666666666667,84.84848484848484,,3.4482758620689653
D_Broader_Pool,646091,msmarco_passage_08_24649884,58,0.06666666666666667,83.83838383838383,,3.4482758620689653
D_Broader_Pool,646091,msmarco_passage_43_355704448,40,0.09375,82.82828282828282,,7.5
D_Broader_Pool,646091,msmarco_passage_53_607454387,42,0.08333333333333333,81.81818181818181,,0.0
D_Broader_Pool,646091,msmarco_passage_21_684836487,45,0.05128205128205128,80.8080808080808,,0.0
D_Broader_Pool,646091,msmarco_passage_20_474280232,45,0.05128205128205128,79.7979797979798,,0.0
D_Broader_Pool,646091,msmarco_passage_60_323176943,48,0.05405405405405406,78.78787878787878,,0.0
D_Broader_Pool,646091,msmarco_passage_14_853672414,83,0.05263157894736842,77.77777777777779,,7.228915662650603
D_Broader_Pool,646091,msmarco_passage_00_546996726,83,0.05263157894736842,76.76767676767678,,7.228915662650603
D_Broader_Pool,646091,msmarco_passage_55_423404013,41,0.0967741935483871,75.75757575757575,,2.4390243902439024
D_Broader_Pool,646091,msmarco_passage_08_467471786,41,0.0967741935483871,74.74747474747474,,2.4390243902439024
D_Broader_Pool,646091,msmarco_passage_55_423408197,41,0.0967741935483871,73.73737373737373,,2.4390243902439024
D_Broader_Pool,646091,msmarco_passage_55_423361954,41,0.0967741935483871,72.72727272727273,,2.4390243902439024
D_Broader_Pool,646091,msmarco_passage_10_630639482,52,0.05555555555555555,71.71717171717171,,1.9230769230769231
D_Broader_Pool,646091,msmarco_passage_10_629766498,52,0.05555555555555555,70.70707070707071,,1.9230769230769231
D_Broader_Pool,646091,msmarco_passage_66_627571814,52,0.05555555555555555,69.6969696969697,,1.9230769230769231
D_Broader_Pool,646091,msmarco_passage_53_125872395,60,0.07142857142857142,68.68686868686868,,0.0
D_Broader_Pool,646091,msmarco_passage_53_126546442,65,0.0392156862745098,67.67676767676767,,1.5384615384615385
D_Broader_Pool,646091,msmarco_passage_27_789816202,45,0.10810810810810811,66.66666666666667,,2.2222222222222223
D_Broader_Pool,646091,msmarco_passage_67_822962800,53,0.05,65.65656565656566,,1.8867924528301887
D_Broader_Pool,646091,msmarco_passage_36_768769532,59,0.06976744186046512,64.64646464646464,,6.779661016949152
D_Broader_Pool,646091,msmarco_passage_22_825524449,48,0.08333333333333333,63.63636363636363,,6.25
D_Broader_Pool,646091,msmarco_passage_48_280793081,46,0.0975609756097561,62.62626262626263,,6.521739130434782
D_Broader_Pool,646091,msmarco_passage_48_280998680,46,0.0975609756097561,61.61616161616161,,6.521739130434782
D_Broader_Pool,646091,msmarco_passage_67_172913145,54,0.0975609756097561,60.60606060606061,,1.8518518518518519
D_Broader_Pool,646091,msmarco_passage_61_48256839,76,0.05,59.5959595959596,,11.842105263157896
D_Broader_Pool,646091,msmarco_passage_48_64939105,55,0.08695652173913043,58.58585858585859,,1.8181818181818181
D_Broader_Pool,646091,msmarco_passage_24_212236989,31,0.1,57.57575757575757,,3.225806451612903
D_Broader_Pool,646091,msmarco_passage_10_630865817,43,0.10526315789473684,56.56565656565656,,4.651162790697675
D_Broader_Pool,646091,msmarco_passage_66_628803307,43,0.10526315789473684,55.55555555555556,,4.651162790697675
D_Broader_Pool,646091,msmarco_passage_65_381245232,48,0.058823529411764705,54.54545454545454,,4.166666666666667
D_Broader_Pool,646091,msmarco_passage_61_48261236,74,0.06382978723404255,53.535353535353536,,5.405405405405405
D_Broader_Pool,646091,msmarco_passage_59_580811532,53,0.07142857142857142,52.52525252525253,,1.8867924528301887
D_Broader_Pool,646091,msmarco_passage_30_603457968,48,0.075,51.515151515151516,,0.0
D_Broader_Pool,646091,msmarco_passage_49_476121943,42,0.07894736842105263,50.5050505050505,,2.380952380952381
D_Broader_Pool,646091,msmarco_passage_53_739422445,47,0.09523809523809523,49.494949494949495,,6.382978723404255
D_Broader_Pool,646091,msmarco_passage_50_254102779,44,0.11764705882352941,48.484848484848484,,2.272727272727273
D_Broader_Pool,646091,msmarco_passage_00_433924377,50,0.08333333333333333,47.47474747474747,,2.0
D_Broader_Pool,646091,msmarco_passage_65_54637077,39,0.09375,46.464646464646464,,5.128205128205129
D_Broader_Pool,646091,msmarco_passage_27_862889194,60,0.08333333333333333,45.45454545454546,,5.0
D_Broader_Pool,646091,msmarco_passage_55_257186745,41,0.1111111111111111,44.44444444444444,,0.0
D_Broader_Pool,646091,msmarco_passage_47_609747966,46,0.09375,43.43434343434344,,2.1739130434782608
D_Broader_Pool,646091,msmarco_passage_24_51862111,38,0.11538461538461539,42.42424242424242,,5.2631578947368425
D_Broader_Pool,646091,msmarco_passage_29_452924510,61,0.07317073170731707,41.41414141414141,,1.639344262295082
D_Broader_Pool,646091,msmarco_passage_48_281209139,42,0.10256410256410256,40.40404040404041,,2.380952380952381
D_Broader_Pool,646091,msmarco_passage_41_461856789,48,0.08571428571428572,39.39393939393939,,0.0
D_Broader_Pool,646091,msmarco_passage_24_626811987,48,0.05,38.38383838383839,,6.25
D_Broader_Pool,646091,msmarco_passage_57_184777147,51,0.08823529411764706,37.37373737373737,,0.0
D_Broader_Pool,646091,msmarco_passage_44_853075903,43,0.08571428571428572,36.36363636363637,,0.0
D_Broader_Pool,646091,msmarco_passage_47_660635221,45,0.1111111111111111,35.35353535353535,,4.444444444444445
D_Broader_Pool,646091,msmarco_passage_28_813659266,32,0.07407407407407407,34.34343434343434,,0.0
D_Broader_Pool,646091,msmarco_passage_56_468915587,59,0.06976744186046512,33.333333333333336,,3.389830508474576
D_Broader_Pool,646091,msmarco_passage_03_723004579,54,0.06818181818181818,32.32323232323232,,11.11111111111111
D_Broader_Pool,646091,msmarco_passage_08_467352951,89,0.06896551724137931,31.313131313131315,,3.3707865168539324
D_Broader_Pool,646091,msmarco_passage_55_422810638,89,0.06896551724137931,30.303030303030297,,3.3707865168539324
D_Broader_Pool,646091,msmarco_passage_55_422845113,89,0.06896551724137931,29.292929292929294,,3.3707865168539324
D_Broader_Pool,646091,msmarco_passage_55_422869257,89,0.06896551724137931,28.282828282828287,,3.3707865168539324
D_Broader_Pool,646091,msmarco_passage_35_395491863,58,0.06818181818181818,27.27272727272727,,6.896551724137931
D_Broader_Pool,646091,msmarco_passage_53_125858768,53,0.08823529411764706,26.262626262626267,,1.8867924528301887
D_Broader_Pool,646091,msmarco_passage_53_253592504,36,0.0967741935483871,25.25252525252525,,13.88888888888889
D_Broader_Pool,646091,msmarco_passage_53_355457266,28,0.125,24.242424242424242,,10.714285714285714
D_Broader_Pool,646091,msmarco_passage_49_610467021,40,0.1111111111111111,23.23232323232324,,7.5
D_Broader_Pool,646091,msmarco_passage_07_74139026,40,0.1111111111111111,22.22222222222222,,7.5
D_Broader_Pool,646091,msmarco_passage_08_467349814,63,0.05555555555555555,21.212121212121215,,9.523809523809524
D_Broader_Pool,646091,msmarco_passage_55_422866120,63,0.05555555555555555,20.2020202020202,,9.523809523809524
D_Broader_Pool,646091,msmarco_passage_55_422841976,63,0.05555555555555555,19.191919191919194,,9.523809523809524
D_Broader_Pool,646091,msmarco_passage_55_422807501,63,0.05555555555555555,18.181818181818176,,9.523809523809524
D_Broader_Pool,646091,msmarco_passage_35_395489672,56,0.06976744186046512,17.17171717171717,,0.0
D_Broader_Pool,646091,msmarco_passage_39_245877970,42,0.1,16.161616161616166,,2.380952380952381
D_Broader_Pool,646091,msmarco_passage_28_775017335,45,0.125,15.151515151515149,,11.11111111111111
D_Broader_Pool,646091,msmarco_passage_04_151445828,20,0.2,14.141414141414144,,5.0
D_Broader_Pool,646091,msmarco_passage_04_375204141,55,0.07142857142857142,13.131313131313128,,0.0
D_Broader_Pool,646091,msmarco_passage_65_54632553,57,0.10344827586206896,12.121212121212121,,8.771929824561404
D_Broader_Pool,646091,msmarco_passage_37_36647802,56,0.07692307692307693,11.111111111111116,,5.357142857142857
D_Broader_Pool,646091,msmarco_passage_30_786879955,47,0.07692307692307693,10.1010101010101,,4.25531914893617
D_Broader_Pool,646091,msmarco_passage_31_341838657,40,0.07894736842105263,9.090909090909093,,5.0
D_Broader_Pool,646091,msmarco_passage_24_51866661,62,0.044444444444444446,8.080808080808078,,8.064516129032258
D_Broader_Pool,646091,msmarco_passage_54_589010839,44,0.08571428571428572,7.070707070707072,,15.909090909090908
D_Broader_Pool,646091,msmarco_passage_54_102096112,37,0.12121212121212122,6.060606060606055,,0.0
D_Broader_Pool,646091,msmarco_passage_41_189212567,57,0.06818181818181818,5.05050505050505,,1.7543859649122806
D_Broader_Pool,646091,msmarco_passage_22_349535409,47,0.07692307692307693,4.040404040404044,,8.51063829787234
D_Broader_Pool,646091,msmarco_passage_06_720224324,45,0.07317073170731707,3.0303030303030276,,0.0
D_Broader_Pool,646091,msmarco_passage_57_451081289,37,0.11428571428571428,2.020202020202022,,2.7027027027027026
D_Broader_Pool,646091,msmarco_passage_30_271230477,59,0.08333333333333333,1.0101010101010055,,1.694915254237288
D_Broader_Pool,646091,msmarco_passage_08_432391680,41,0.13333333333333333,0.0,,9.75609756097561
D_Broader_Pool,647362,msmarco_passage_58_297970877,52,0.1,100.0,,5.769230769230769
D_Broader_Pool,647362,msmarco_passage_04_149555778,39,0.17647058823529413,98.98989898989899,,0.0
D_Broader_Pool,647362,msmarco_passage_58_297967826,54,0.075,97.97979797979798,,1.8518518518518519
D_Broader_Pool,647362,msmarco_passage_04_190620328,54,0.1935483870967742,96.96969696969697,,0.0
D_Broader_Pool,647362,msmarco_passage_11_727532523,44,0.11428571428571428,95.95959595959596,,11.363636363636363
D_Broader_Pool,647362,msmarco_passage_22_467943380,48,0.16129032258064516,94.94949494949495,,0.0
D_Broader_Pool,647362,msmarco_passage_44_724390807,57,0.13333333333333333,93.93939393939394,,5.2631578947368425
D_Broader_Pool,647362,msmarco_passage_11_726327472,24,0.22727272727272727,92.92929292929293,,0.0
D_Broader_Pool,647362,msmarco_passage_12_184371719,33,0.18518518518518517,91.91919191919192,,12.121212121212121
D_Broader_Pool,647362,msmarco_passage_00_103723410,32,0.16129032258064516,90.9090909090909,,12.5
D_Broader_Pool,647362,msmarco_passage_47_431082985,46,0.14285714285714285,89.8989898989899,,6.521739130434782
D_Broader_Pool,647362,msmarco_passage_19_772465089,60,0.10526315789473684,88.88888888888889,,1.6666666666666667
D_Broader_Pool,647362,msmarco_passage_02_592334877,55,0.11764705882352941,87.87878787878788,,9.090909090909092
D_Broader_Pool,647362,msmarco_passage_29_781378930,55,0.11764705882352941,86.86868686868688,,9.090909090909092
D_Broader_Pool,647362,msmarco_passage_04_182106908,44,0.13636363636363635,85.85858585858585,,0.0
D_Broader_Pool,647362,msmarco_passage_01_500884606,60,0.11764705882352941,84.84848484848484,,11.666666666666666
D_Broader_Pool,647362,msmarco_passage_04_146566052,45,0.125,83.83838383838383,,2.2222222222222223
D_Broader_Pool,647362,msmarco_passage_14_567501408,66,0.1,82.82828282828282,,4.545454545454546
D_Broader_Pool,647362,msmarco_passage_01_501199332,35,0.15,81.81818181818181,,0.0
D_Broader_Pool,647362,msmarco_passage_52_823298055,49,0.125,80.8080808080808,,4.081632653061225
D_Broader_Pool,647362,msmarco_passage_01_501200430,42,0.15,79.7979797979798,,0.0
D_Broader_Pool,647362,msmarco_passage_12_240531568,40,0.15625,78.78787878787878,,15.0
D_Broader_Pool,647362,msmarco_passage_53_290307784,64,0.0967741935483871,77.77777777777779,,3.125
D_Broader_Pool,647362,msmarco_passage_04_146946992,58,0.125,76.76767676767678,,5.172413793103448
D_Broader_Pool,647362,msmarco_passage_10_712511177,25,0.26666666666666666,75.75757575757575,,36.0
D_Broader_Pool,647362,msmarco_passage_04_150498333,42,0.14285714285714285,74.74747474747474,,9.523809523809524
D_Broader_Pool,647362,msmarco_passage_01_500453624,58,0.13793103448275862,73.73737373737373,,1.7241379310344827
D_Broader_Pool,647362,msmarco_passage_04_150555016,58,0.13793103448275862,72.72727272727273,,1.7241379310344827
D_Broader_Pool,647362,msmarco_passage_12_182186916,32,0.17391304347826086,71.71717171717171,,3.125
D_Broader_Pool,647362,msmarco_passage_02_802843007,58,0.125,70.70707070707071,,12.068965517241379
D_Broader_Pool,647362,msmarco_passage_37_767313564,39,0.125,69.6969696969697,,0.0
D_Broader_Pool,647362,msmarco_passage_68_119528224,52,0.10869565217391304,68.68686868686868,,3.8461538461538463
D_Broader_Pool,647362,msmarco_passage_07_167264238,57,0.07317073170731707,67.67676767676767,,3.508771929824561
D_Broader_Pool,647362,msmarco_passage_02_231915619,59,0.10256410256410256,66.66666666666667,,10.169491525423728
D_Broader_Pool,647362,msmarco_passage_00_60739810,46,0.18181818181818182,65.65656565656566,,6.521739130434782
D_Broader_Pool,647362,msmarco_passage_11_725312372,37,0.15625,64.64646464646464,,5.405405405405405
D_Broader_Pool,647362,msmarco_passage_00_106382469,37,0.15625,63.63636363636363,,5.405405405405405
D_Broader_Pool,647362,msmarco_passage_11_727555197,37,0.15625,62.62626262626263,,5.405405405405405
D_Broader_Pool,647362,msmarco_passage_06_534969907,49,0.1282051282051282,61.61616161616161,,8.16326530612245
D_Broader_Pool,647362,msmarco_passage_23_838294622,54,0.10526315789473684,60.60606060606061,,7.407407407407407
D_Broader_Pool,647362,msmarco_passage_02_802844823,37,0.14814814814814814,59.5959595959596,,18.91891891891892
D_Broader_Pool,647362,msmarco_passage_02_802842463,46,0.16129032258064516,58.58585858585859,,17.391304347826086
D_Broader_Pool,647362,msmarco_passage_38_294823117,56,0.09523809523809523,57.57575757575757,,7.142857142857143
D_Broader_Pool,647362,msmarco_passage_32_169211137,44,0.16666666666666666,56.56565656565656,,4.545454545454546
D_Broader_Pool,647362,msmarco_passage_14_807754422,62,0.09523809523809523,55.55555555555556,,11.290322580645162
D_Broader_Pool,647362,msmarco_passage_18_748021263,54,0.10256410256410256,54.54545454545454,,1.8518518518518519
D_Broader_Pool,647362,msmarco_passage_36_581500399,55,0.11904761904761904,53.535353535353536,,1.8181818181818181
D_Broader_Pool,647362,msmarco_passage_02_232140597,51,0.13333333333333333,52.52525252525253,,15.686274509803921
D_Broader_Pool,647362,msmarco_passage_35_651743859,56,0.11428571428571428,51.515151515151516,,3.5714285714285716
D_Broader_Pool,647362,msmarco_passage_04_84910506,40,0.125,50.5050505050505,,2.5
D_Broader_Pool,647362,msmarco_passage_41_283979986,33,0.16666666666666666,49.494949494949495,,12.121212121212121
D_Broader_Pool,647362,msmarco_passage_51_676516857,51,0.13333333333333333,48.484848484848484,,19.607843137254903
D_Broader_Pool,647362,msmarco_passage_47_17270685,61,0.12195121951219512,47.47474747474747,,8.19672131147541
D_Broader_Pool,647362,msmarco_passage_02_231964877,26,0.2222222222222222,46.464646464646464,,19.23076923076923
D_Broader_Pool,647362,msmarco_passage_38_294823580,43,0.12121212121212122,45.45454545454546,,0.0
D_Broader_Pool,647362,msmarco_passage_25_132199262,64,0.1,44.44444444444444,,1.5625
D_Broader_Pool,647362,msmarco_passage_01_500884167,52,0.0967741935483871,43.43434343434344,,13.461538461538462
D_Broader_Pool,647362,msmarco_passage_22_466387270,62,0.0975609756097561,42.42424242424242,,6.451612903225806
D_Broader_Pool,647362,msmarco_passage_51_507900376,39,0.19230769230769232,41.41414141414141,,7.6923076923076925
D_Broader_Pool,647362,msmarco_passage_59_182795910,49,0.10810810810810811,40.40404040404041,,6.122448979591836
D_Broader_Pool,647362,msmarco_passage_02_802847093,52,0.11428571428571428,39.39393939393939,,23.076923076923077
D_Broader_Pool,647362,msmarco_passage_04_182281821,48,0.16666666666666666,38.38383838383839,,0.0
D_Broader_Pool,647362,msmarco_passage_46_588034474,50,0.07317073170731707,37.37373737373737,,10.0
D_Broader_Pool,647362,msmarco_passage_39_224733231,59,0.09302325581395349,36.36363636363637,,8.474576271186441
D_Broader_Pool,647362,msmarco_passage_51_680903369,34,0.15384615384615385,35.35353535353535,,14.705882352941176
D_Broader_Pool,647362,msmarco_passage_02_802886555,57,0.16666666666666666,34.34343434343434,,17.54385964912281
D_Broader_Pool,647362,msmarco_passage_32_169216672,56,0.16666666666666666,33.333333333333336,,1.7857142857142858
D_Broader_Pool,647362,msmarco_passage_22_804885426,58,0.125,32.32323232323232,,6.896551724137931
D_Broader_Pool,647362,msmarco_passage_04_150570309,55,0.12903225806451613,31.313131313131315,,3.6363636363636362
D_Broader_Pool,647362,msmarco_passage_45_841135310,83,0.09259259259259259,30.303030303030297,,4.819277108433735
D_Broader_Pool,647362,msmarco_passage_65_134091408,50,0.14814814814814814,29.292929292929294,,12.0
D_Broader_Pool,647362,msmarco_passage_03_238766736,47,0.12121212121212122,28.282828282828287,,4.25531914893617
D_Broader_Pool,647362,msmarco_passage_33_555962929,47,0.12121212121212122,27.27272727272727,,4.25531914893617
D_Broader_Pool,647362,msmarco_passage_25_132198296,69,0.11904761904761904,26.262626262626267,,10.144927536231885
D_Broader_Pool,647362,msmarco_passage_51_678794409,46,0.14814814814814814,25.25252525252525,,23.91304347826087
D_Broader_Pool,647362,msmarco_passage_04_149172351,55,0.2,24.242424242424242,,5.454545454545454
D_Broader_Pool,647362,msmarco_passage_14_825937411,73,0.09523809523809523,23.23232323232324,,2.73972602739726
D_Broader_Pool,647362,msmarco_passage_35_651750139,56,0.12121212121212122,22.22222222222222,,7.142857142857143
D_Broader_Pool,647362,msmarco_passage_04_150512203,45,0.13793103448275862,21.212121212121215,,2.2222222222222223
D_Broader_Pool,647362,msmarco_passage_53_46520336,52,0.10638297872340426,20.2020202020202,,1.9230769230769231
D_Broader_Pool,647362,msmarco_passage_07_793184486,52,0.10638297872340426,19.191919191919194,,1.9230769230769231
D_Broader_Pool,647362,msmarco_passage_51_705877916,63,0.11764705882352941,18.181818181818176,,11.11111111111111
D_Broader_Pool,647362,msmarco_passage_04_145664334,53,0.13157894736842105,17.17171717171717,,9.433962264150944
D_Broader_Pool,647362,msmarco_passage_23_21747729,231,0.11904761904761904,16.161616161616166,,2.1645021645021645
D_Broader_Pool,647362,msmarco_passage_51_691417512,52,0.18181818181818182,15.151515151515149,,25.0
D_Broader_Pool,647362,msmarco_passage_01_501213686,50,0.14814814814814814,14.141414141414144,,4.0
D_Broader_Pool,647362,msmarco_passage_58_454999219,69,0.1,13.131313131313128,,5.797101449275362
D_Broader_Pool,647362,msmarco_passage_51_675567345,41,0.14705882352941177,12.121212121212121,,17.073170731707318
D_Broader_Pool,647362,msmarco_passage_04_371868627,35,0.14285714285714285,11.111111111111116,,8.571428571428571
D_Broader_Pool,647362,msmarco_passage_50_635567575,65,0.08928571428571429,10.1010101010101,,9.23076923076923
D_Broader_Pool,647362,msmarco_passage_04_860348892,82,0.08064516129032258,9.090909090909093,,12.195121951219512
D_Broader_Pool,647362,msmarco_passage_04_371871974,33,0.14705882352941177,8.080808080808078,,6.0606060606060606
D_Broader_Pool,647362,msmarco_passage_07_134522502,22,0.21428571428571427,7.070707070707072,,0.0
D_Broader_Pool,647362,msmarco_passage_39_541791276,56,0.125,6.060606060606055,,7.142857142857143
D_Broader_Pool,647362,msmarco_passage_45_553527296,57,0.07894736842105263,5.05050505050505,,1.7543859649122806
D_Broader_Pool,647362,msmarco_passage_04_145796676,43,0.15384615384615385,4.040404040404044,,16.27906976744186
D_Broader_Pool,647362,msmarco_passage_43_104055711,63,0.12195121951219512,3.0303030303030276,,14.285714285714286
D_Broader_Pool,647362,msmarco_passage_48_820073153,32,0.16666666666666666,2.020202020202022,,6.25
D_Broader_Pool,647362,msmarco_passage_56_397390102,58,0.1,1.0101010101010055,,10.344827586206897
D_Broader_Pool,647362,msmarco_passage_51_680975153,47,0.13333333333333333,0.0,,19.148936170212767
D_Broader_Pool,661905,msmarco_passage_38_642898398,45,0.20512820512820512,100.0,,2.2222222222222223
D_Broader_Pool,661905,msmarco_passage_16_689871674,44,0.16216216216216217,98.98989898989899,,2.272727272727273
D_Broader_Pool,661905,msmarco_passage_08_352299541,67,0.10344827586206896,97.97979797979798,,0.0
D_Broader_Pool,661905,msmarco_passage_26_186871582,50,0.1956521739130435,96.96969696969697,,0.0
D_Broader_Pool,661905,msmarco_passage_17_120561114,62,0.11538461538461539,95.95959595959596,,0.0
D_Broader_Pool,661905,msmarco_passage_01_512660233,46,0.13043478260869565,94.94949494949495,,8.695652173913043
D_Broader_Pool,661905,msmarco_passage_66_625460603,46,0.1951219512195122,93.93939393939394,,0.0
D_Broader_Pool,661905,msmarco_passage_66_625354398,46,0.1951219512195122,92.92929292929293,,0.0
D_Broader_Pool,661905,msmarco_passage_10_628338249,46,0.1951219512195122,91.91919191919192,,0.0
D_Broader_Pool,661905,msmarco_passage_10_628211645,46,0.1951219512195122,90.9090909090909,,0.0
D_Broader_Pool,661905,msmarco_passage_13_87069711,55,0.14583333333333334,89.8989898989899,,1.8181818181818181
D_Broader_Pool,661905,msmarco_passage_24_109711427,65,0.17307692307692307,88.88888888888889,,12.307692307692308
D_Broader_Pool,661905,msmarco_passage_24_174156520,65,0.17307692307692307,87.87878787878788,,12.307692307692308
D_Broader_Pool,661905,msmarco_passage_11_732897355,52,0.1951219512195122,86.86868686868688,,0.0
D_Broader_Pool,661905,msmarco_passage_66_622838823,52,0.10204081632653061,85.85858585858585,,5.769230769230769
D_Broader_Pool,661905,msmarco_passage_64_263982443,43,0.1794871794871795,84.84848484848484,,2.3255813953488373
D_Broader_Pool,661905,msmarco_passage_64_263990542,51,0.1951219512195122,83.83838383838383,,0.0
D_Broader_Pool,661905,msmarco_passage_07_459757637,81,0.11940298507462686,82.82828282828282,,0.0
D_Broader_Pool,661905,msmarco_passage_12_201413660,24,0.45,81.81818181818181,,0.0
D_Broader_Pool,661905,msmarco_passage_09_299134873,53,0.14583333333333334,80.8080808080808,,7.547169811320755
D_Broader_Pool,661905,msmarco_passage_11_833188930,52,0.2,79.7979797979798,,0.0
D_Broader_Pool,661905,msmarco_passage_48_723534464,52,0.125,78.78787878787878,,0.0
D_Broader_Pool,661905,msmarco_passage_29_461868223,36,0.1111111111111111,77.77777777777779,,2.7777777777777777
D_Broader_Pool,661905,msmarco_passage_15_110356696,38,0.1794871794871795,76.76767676767678,,0.0
D_Broader_Pool,661905,msmarco_passage_06_721899148,64,0.14893617021276595,75.75757575757575,,0.0
D_Broader_Pool,661905,msmarco_passage_24_143747704,39,0.22857142857142856,74.74747474747474,,2.5641025641025643
D_Broader_Pool,661905,msmarco_passage_24_286091830,41,0.175,73.73737373737373,,2.4390243902439024
D_Broader_Pool,661905,msmarco_passage_66_626318294,51,0.14893617021276595,72.72727272727273,,3.9215686274509802
D_Broader_Pool,661905,msmarco_passage_10_628778149,51,0.14893617021276595,71.71717171717171,,3.9215686274509802
D_Broader_Pool,661905,msmarco_passage_44_297247708,54,0.125,70.70707070707071,,0.0
D_Broader_Pool,661905,msmarco_passage_02_377713617,52,0.15217391304347827,69.6969696969697,,7.6923076923076925
D_Broader_Pool,661905,msmarco_passage_28_481281229,52,0.15217391304347827,68.68686868686868,,7.6923076923076925
D_Broader_Pool,661905,msmarco_passage_63_641087023,53,0.14583333333333334,67.67676767676767,,0.0
D_Broader_Pool,661905,msmarco_passage_08_352298253,48,0.14634146341463414,66.66666666666667,,0.0
D_Broader_Pool,661905,msmarco_passage_04_5917867,52,0.18604651162790697,65.65656565656566,,5.769230769230769
D_Broader_Pool,661905,msmarco_passage_06_293397302,52,0.2692307692307692,64.64646464646464,,0.0
D_Broader_Pool,661905,msmarco_passage_35_96990408,47,0.13953488372093023,63.63636363636363,,2.127659574468085
D_Broader_Pool,661905,msmarco_passage_54_245756183,67,0.16666666666666666,62.62626262626263,,0.0
D_Broader_Pool,661905,msmarco_passage_25_68635838,51,0.16666666666666666,61.61616161616161,,0.0
D_Broader_Pool,661905,msmarco_passage_61_765678574,49,0.15217391304347827,60.60606060606061,,2.0408163265306123
D_Broader_Pool,661905,msmarco_passage_66_642398432,52,0.14583333333333334,59.5959595959596,,1.9230769230769231
D_Broader_Pool,661905,msmarco_passage_66_642000135,52,0.14583333333333334,58.58585858585859,,1.9230769230769231
D_Broader_Pool,661905,msmarco_passage_10_639246119,52,0.14583333333333334,57.57575757575757,,1.9230769230769231
D_Broader_Pool,661905,msmarco_passage_10_639216446,52,0.14583333333333334,56.56565656565656,,1.9230769230769231
D_Broader_Pool,661905,msmarco_passage_10_639221824,52,0.14583333333333334,55.55555555555556,,1.9230769230769231
D_Broader_Pool,661905,msmarco_passage_10_639135079,52,0.14583333333333334,54.54545454545454,,1.9230769230769231
D_Broader_Pool,661905,msmarco_passage_66_642401121,52,0.14583333333333334,53.535353535353536,,1.9230769230769231
D_Broader_Pool,661905,msmarco_passage_10_639219135,52,0.14583333333333334,52.52525252525253,,1.9230769230769231
D_Broader_Pool,661905,msmarco_passage_25_814988456,59,0.1590909090909091,51.515151515151516,,1.694915254237288
D_Broader_Pool,661905,msmarco_passage_43_46975899,50,0.17777777777777778,50.5050505050505,,2.0
D_Broader_Pool,661905,msmarco_passage_27_105103644,60,0.16666666666666666,49.494949494949495,,3.3333333333333335
D_Broader_Pool,661905,msmarco_passage_22_228073448,52,0.17073170731707318,48.484848484848484,,0.0
D_Broader_Pool,661905,msmarco_passage_45_601777509,73,0.15384615384615385,47.47474747474747,,5.47945205479452
D_Broader_Pool,661905,msmarco_passage_14_561031407,53,0.1590909090909091,46.464646464646464,,0.0
D_Broader_Pool,661905,msmarco_passage_24_285746808,56,0.15,45.45454545454546,,1.7857142857142858
D_Broader_Pool,661905,msmarco_passage_48_593245914,43,0.2222222222222222,44.44444444444444,,0.0
D_Broader_Pool,661905,msmarco_passage_31_162702638,50,0.16666666666666666,43.43434343434344,,2.0
D_Broader_Pool,661905,msmarco_passage_24_138868515,53,0.1702127659574468,42.42424242424242,,3.7735849056603774
D_Broader_Pool,661905,msmarco_passage_26_187131707,62,0.17391304347826086,41.41414141414141,,0.0
D_Broader_Pool,661905,msmarco_passage_33_512693170,62,0.13725490196078433,40.40404040404041,,0.0
D_Broader_Pool,661905,msmarco_passage_00_27645409,40,0.22857142857142856,39.39393939393939,,5.0
D_Broader_Pool,661905,msmarco_passage_55_288758304,40,0.2,38.38383838383839,,2.5
D_Broader_Pool,661905,msmarco_passage_32_662252475,55,0.14893617021276595,37.37373737373737,,1.8181818181818181
D_Broader_Pool,661905,msmarco_passage_24_552918331,55,0.14893617021276595,36.36363636363637,,1.8181818181818181
D_Broader_Pool,661905,msmarco_passage_62_599208310,53,0.14893617021276595,35.35353535353535,,1.8867924528301887
D_Broader_Pool,661905,msmarco_passage_01_664440164,44,0.2,34.34343434343434,,2.272727272727273
D_Broader_Pool,661905,msmarco_passage_10_169871928,68,0.12962962962962962,33.333333333333336,,2.9411764705882355
D_Broader_Pool,661905,msmarco_passage_63_378859444,68,0.12962962962962962,32.32323232323232,,2.9411764705882355
D_Broader_Pool,661905,msmarco_passage_52_646044438,66,0.14583333333333334,31.313131313131315,,3.0303030303030303
D_Broader_Pool,661905,msmarco_passage_06_487814287,56,0.18181818181818182,30.303030303030297,,0.0
D_Broader_Pool,661905,msmarco_passage_38_621520538,56,0.13725490196078433,29.292929292929294,,1.7857142857142858
D_Broader_Pool,661905,msmarco_passage_38_621527597,56,0.13725490196078433,28.282828282828287,,1.7857142857142858
D_Broader_Pool,661905,msmarco_passage_16_437869672,34,0.20689655172413793,27.27272727272727,,0.0
D_Broader_Pool,661905,msmarco_passage_05_29930218,57,0.14893617021276595,26.262626262626267,,1.7543859649122806
D_Broader_Pool,661905,msmarco_passage_41_503132555,57,0.14893617021276595,25.25252525252525,,1.7543859649122806
D_Broader_Pool,661905,msmarco_passage_46_116240621,94,0.09722222222222222,24.242424242424242,,0.0
D_Broader_Pool,661905,msmarco_passage_46_402150532,57,0.11363636363636363,23.23232323232324,,1.7543859649122806
D_Broader_Pool,661905,msmarco_passage_04_605311273,52,0.16666666666666666,22.22222222222222,,0.0
D_Broader_Pool,661905,msmarco_passage_55_397161582,66,0.1111111111111111,21.212121212121215,,3.0303030303030303
D_Broader_Pool,661905,msmarco_passage_51_870188580,55,0.13333333333333333,20.2020202020202,,0.0
D_Broader_Pool,661905,msmarco_passage_41_259318322,47,0.18421052631578946,19.191919191919194,,0.0
D_Broader_Pool,661905,msmarco_passage_39_697720911,49,0.14634146341463414,18.181818181818176,,2.0408163265306123
D_Broader_Pool,661905,msmarco_passage_37_396284990,47,0.2,17.17171717171717,,2.127659574468085
D_Broader_Pool,661905,msmarco_passage_08_188855318,61,0.12,16.161616161616166,,6.557377049180328
D_Broader_Pool,661905,msmarco_passage_22_254683933,44,0.2,15.151515151515149,,0.0
D_Broader_Pool,661905,msmarco_passage_40_545022196,43,0.1794871794871795,14.141414141414144,,0.0
D_Broader_Pool,661905,msmarco_passage_51_483732820,65,0.14893617021276595,13.131313131313128,,1.5384615384615385
D_Broader_Pool,661905,msmarco_passage_38_520735388,47,0.16666666666666666,12.121212121212121,,0.0
D_Broader_Pool,661905,msmarco_passage_04_359704768,47,0.16666666666666666,11.111111111111116,,0.0
D_Broader_Pool,661905,msmarco_passage_68_615233105,50,0.16666666666666666,10.1010101010101,,2.0
D_Broader_Pool,661905,msmarco_passage_12_218592614,57,0.16666666666666666,9.090909090909093,,8.771929824561404
D_Broader_Pool,661905,msmarco_passage_34_354147090,57,0.125,8.080808080808078,,0.0
D_Broader_Pool,661905,msmarco_passage_35_774260478,49,0.16279069767441862,7.070707070707072,,0.0
D_Broader_Pool,661905,msmarco_passage_30_201448999,66,0.16666666666666666,6.060606060606055,,4.545454545454546
D_Broader_Pool,661905,msmarco_passage_58_819854587,46,0.2916666666666667,5.05050505050505,,4.3478260869565215
D_Broader_Pool,661905,msmarco_passage_27_558416212,49,0.14634146341463414,4.040404040404044,,0.0
D_Broader_Pool,661905,msmarco_passage_09_849147595,56,0.17777777777777778,3.0303030303030276,,1.7857142857142858
D_Broader_Pool,661905,msmarco_passage_13_176788859,43,0.16216216216216217,2.020202020202022,,0.0
D_Broader_Pool,661905,msmarco_passage_26_280410139,56,0.125,1.0101010101010055,,1.7857142857142858
D_Broader_Pool,661905,msmarco_passage_44_298465127,58,0.14893617021276595,0.0,,5.172413793103448
D_Broader_Pool,681645,msmarco_passage_38_542548004,41,0.14705882352941177,100.0,,0.0
D_Broader_Pool,681645,msmarco_passage_07_784479248,48,0.1282051282051282,98.98989898989899,,2.0833333333333335
D_Broader_Pool,681645,msmarco_passage_07_784475446,38,0.2,97.97979797979798,,2.6315789473684212
D_Broader_Pool,681645,msmarco_passage_52_157010218,57,0.1111111111111111,96.96969696969697,,0.0
D_Broader_Pool,681645,msmarco_passage_15_51351061,54,0.10526315789473684,95.95959595959596,,1.8518518518518519
D_Broader_Pool,681645,msmarco_passage_17_186756741,42,0.1111111111111111,94.94949494949495,,0.0
D_Broader_Pool,681645,msmarco_passage_01_6455944,42,0.1111111111111111,93.93939393939394,,0.0
D_Broader_Pool,681645,msmarco_passage_01_716676189,37,0.1111111111111111,92.92929292929293,,0.0
D_Broader_Pool,681645,msmarco_passage_26_451487483,53,0.125,91.91919191919192,,0.0
D_Broader_Pool,681645,msmarco_passage_41_518852776,55,0.1388888888888889,90.9090909090909,,0.0
D_Broader_Pool,681645,msmarco_passage_07_784478867,46,0.15384615384615385,89.8989898989899,,0.0
D_Broader_Pool,681645,msmarco_passage_17_186185973,45,0.10526315789473684,88.88888888888889,,0.0
D_Broader_Pool,681645,msmarco_passage_26_350028203,74,0.1,87.87878787878788,,1.3513513513513513
D_Broader_Pool,681645,msmarco_passage_45_320349337,63,0.14285714285714285,86.86868686868688,,0.0
D_Broader_Pool,681645,msmarco_passage_46_300192145,75,0.09259259259259259,85.85858585858585,,0.0
D_Broader_Pool,681645,msmarco_passage_33_9508371,47,0.14705882352941177,84.84848484848484,,0.0
D_Broader_Pool,681645,msmarco_passage_33_127479767,85,0.08695652173913043,83.83838383838383,,0.0
D_Broader_Pool,681645,msmarco_passage_03_174169627,85,0.08695652173913043,82.82828282828282,,0.0
D_Broader_Pool,681645,msmarco_passage_05_340086795,93,0.09433962264150944,81.81818181818181,,2.150537634408602
D_Broader_Pool,681645,msmarco_passage_42_671386550,93,0.09433962264150944,80.8080808080808,,2.150537634408602
D_Broader_Pool,681645,msmarco_passage_61_833413224,46,0.15151515151515152,79.7979797979798,,0.0
D_Broader_Pool,681645,msmarco_passage_49_123208798,36,0.08333333333333333,78.78787878787878,,0.0
D_Broader_Pool,681645,msmarco_passage_35_100574180,58,0.1,77.77777777777779,,3.4482758620689653
D_Broader_Pool,681645,msmarco_passage_03_430670923,58,0.1,76.76767676767678,,3.4482758620689653
D_Broader_Pool,681645,msmarco_passage_10_884375586,55,0.12195121951219512,75.75757575757575,,0.0
D_Broader_Pool,681645,msmarco_passage_07_576705546,45,0.21739130434782608,74.74747474747474,,0.0
D_Broader_Pool,681645,msmarco_passage_38_538864280,33,0.22727272727272727,73.73737373737373,,3.0303030303030303
D_Broader_Pool,681645,msmarco_passage_42_761247083,59,0.15625,72.72727272727273,,1.694915254237288
D_Broader_Pool,681645,msmarco_passage_05_368788716,59,0.15625,71.71717171717171,,1.694915254237288
D_Broader_Pool,681645,msmarco_passage_50_255012135,45,0.13513513513513514,70.70707070707071,,4.444444444444445
D_Broader_Pool,681645,msmarco_passage_48_419717072,83,0.1,69.6969696969697,,2.4096385542168677
D_Broader_Pool,681645,msmarco_passage_30_769956679,52,0.1724137931034483,68.68686868686868,,7.6923076923076925
D_Broader_Pool,681645,msmarco_passage_60_592263509,50,0.1282051282051282,67.67676767676767,,4.0
D_Broader_Pool,681645,msmarco_passage_26_440158803,29,0.13333333333333333,66.66666666666667,,6.896551724137931
D_Broader_Pool,681645,msmarco_passage_47_35489261,64,0.1388888888888889,65.65656565656566,,1.5625
D_Broader_Pool,681645,msmarco_passage_38_546112553,70,0.1282051282051282,64.64646464646464,,0.0
D_Broader_Pool,681645,msmarco_passage_61_134286569,35,0.16666666666666666,63.63636363636363,,2.857142857142857
D_Broader_Pool,681645,msmarco_passage_65_416314142,48,0.10810810810810811,62.62626262626263,,4.166666666666667
D_Broader_Pool,681645,msmarco_passage_38_542548382,87,0.08888888888888889,61.61616161616161,,8.045977011494253
D_Broader_Pool,681645,msmarco_passage_46_372226735,82,0.07692307692307693,60.60606060606061,,4.878048780487805
D_Broader_Pool,681645,msmarco_passage_53_848640348,33,0.08,59.5959595959596,,9.090909090909092
D_Broader_Pool,681645,msmarco_passage_58_723562223,48,0.17857142857142858,58.58585858585859,,0.0
D_Broader_Pool,681645,msmarco_passage_34_285040221,59,0.0784313725490196,57.57575757575757,,3.389830508474576
D_Broader_Pool,681645,msmarco_passage_48_252800742,61,0.12195121951219512,56.56565656565656,,1.639344262295082
D_Broader_Pool,681645,msmarco_passage_60_292428169,51,0.1388888888888889,55.55555555555556,,1.9607843137254901
D_Broader_Pool,681645,msmarco_passage_09_396999225,51,0.1388888888888889,54.54545454545454,,1.9607843137254901
D_Broader_Pool,681645,msmarco_passage_52_157011525,88,0.07692307692307693,53.535353535353536,,0.0
D_Broader_Pool,681645,msmarco_passage_22_338115210,56,0.11428571428571428,52.52525252525253,,5.357142857142857
D_Broader_Pool,681645,msmarco_passage_23_347070163,55,0.125,51.515151515151516,,1.8181818181818181
D_Broader_Pool,681645,msmarco_passage_00_410625657,45,0.15625,50.5050505050505,,0.0
D_Broader_Pool,681645,msmarco_passage_03_465199087,77,0.11363636363636363,49.494949494949495,,1.2987012987012987
D_Broader_Pool,681645,msmarco_passage_61_833430136,55,0.08888888888888889,48.484848484848484,,0.0
D_Broader_Pool,681645,msmarco_passage_51_523121419,53,0.09523809523809523,47.47474747474747,,18.867924528301888
D_Broader_Pool,681645,msmarco_passage_17_186793299,57,0.08888888888888889,46.464646464646464,,0.0
D_Broader_Pool,681645,msmarco_passage_17_186754037,56,0.08888888888888889,45.45454545454546,,0.0
D_Broader_Pool,681645,msmarco_passage_01_6453252,56,0.08888888888888889,44.44444444444444,,0.0
D_Broader_Pool,681645,msmarco_passage_08_550948295,42,0.14705882352941177,43.43434343434344,,2.380952380952381
D_Broader_Pool,681645,msmarco_passage_45_756892184,24,0.15,42.42424242424242,,4.166666666666667
D_Broader_Pool,681645,msmarco_passage_22_338113717,73,0.08928571428571429,41.41414141414141,,5.47945205479452
D_Broader_Pool,681645,msmarco_passage_17_186183087,42,0.11428571428571428,40.40404040404041,,0.0
D_Broader_Pool,681645,msmarco_passage_60_597781856,59,0.09523809523809523,39.39393939393939,,0.0
D_Broader_Pool,681645,msmarco_passage_00_438769104,64,0.12195121951219512,38.38383838383839,,6.25
D_Broader_Pool,681645,msmarco_passage_26_350028729,48,0.10810810810810811,37.37373737373737,,0.0
D_Broader_Pool,681645,msmarco_passage_65_416315738,55,0.06666666666666667,36.36363636363637,,3.6363636363636362
D_Broader_Pool,681645,msmarco_passage_00_662700208,57,0.07142857142857142,35.35353535353535,,5.2631578947368425
D_Broader_Pool,681645,msmarco_passage_08_487597955,52,0.06666666666666667,34.34343434343434,,0.0
D_Broader_Pool,681645,msmarco_passage_55_523017021,52,0.06666666666666667,33.333333333333336,,0.0
D_Broader_Pool,681645,msmarco_passage_16_89948829,49,0.10526315789473684,32.32323232323232,,0.0
D_Broader_Pool,681645,msmarco_passage_34_285038789,63,0.058823529411764705,31.313131313131315,,0.0
D_Broader_Pool,681645,msmarco_passage_61_833423517,57,0.1111111111111111,30.303030303030297,,3.508771929824561
D_Broader_Pool,681645,msmarco_passage_52_156817616,74,0.09803921568627451,29.292929292929294,,1.3513513513513513
D_Broader_Pool,681645,msmarco_passage_01_250028931,74,0.09803921568627451,28.282828282828287,,1.3513513513513513
D_Broader_Pool,681645,msmarco_passage_37_727297522,53,0.07142857142857142,27.27272727272727,,5.660377358490566
D_Broader_Pool,681645,msmarco_passage_42_671390201,69,0.11627906976744186,26.262626262626267,,0.0
D_Broader_Pool,681645,msmarco_passage_05_340090446,69,0.11627906976744186,25.25252525252525,,0.0
D_Broader_Pool,681645,msmarco_passage_51_520270848,57,0.1111111111111111,24.242424242424242,,3.508771929824561
D_Broader_Pool,681645,msmarco_passage_17_53005631,41,0.1,23.23232323232324,,0.0
D_Broader_Pool,681645,msmarco_passage_14_193732083,61,0.1,22.22222222222222,,0.0
D_Broader_Pool,681645,msmarco_passage_39_26067529,45,0.19230769230769232,21.212121212121215,,0.0
D_Broader_Pool,681645,msmarco_passage_00_438772229,51,0.10256410256410256,20.2020202020202,,0.0
D_Broader_Pool,681645,msmarco_passage_14_193731220,51,0.10256410256410256,19.191919191919194,,0.0
D_Broader_Pool,681645,msmarco_passage_26_350030768,61,0.1282051282051282,18.181818181818176,,1.639344262295082
D_Broader_Pool,681645,msmarco_passage_50_255695995,59,0.11764705882352941,17.17171717171717,,3.389830508474576
D_Broader_Pool,681645,msmarco_passage_42_841029938,59,0.0851063829787234,16.161616161616166,,3.389830508474576
D_Broader_Pool,681645,msmarco_passage_49_168544538,56,0.16666666666666666,15.151515151515149,,10.714285714285714
D_Broader_Pool,681645,msmarco_passage_00_438775487,73,0.09803921568627451,14.141414141414144,,1.36986301369863
D_Broader_Pool,681645,msmarco_passage_26_350027853,44,0.15151515151515152,13.131313131313128,,0.0
D_Broader_Pool,681645,msmarco_passage_58_111535394,62,0.08695652173913043,12.121212121212121,,3.225806451612903
D_Broader_Pool,681645,msmarco_passage_38_542730515,40,0.1724137931034483,11.111111111111116,,7.5
D_Broader_Pool,681645,msmarco_passage_16_412949864,45,0.13513513513513514,10.1010101010101,,6.666666666666667
D_Broader_Pool,681645,msmarco_passage_45_320350238,56,0.05,9.090909090909093,,7.142857142857143
D_Broader_Pool,681645,msmarco_passage_25_833238342,71,0.05084745762711865,8.080808080808078,,7.042253521126761
D_Broader_Pool,681645,msmarco_passage_42_671387654,67,0.09523809523809523,7.070707070707072,,0.0
D_Broader_Pool,681645,msmarco_passage_05_340087899,67,0.09523809523809523,6.060606060606055,,0.0
D_Broader_Pool,681645,msmarco_passage_12_689101042,56,0.10526315789473684,5.05050505050505,,5.357142857142857
D_Broader_Pool,681645,msmarco_passage_61_662444833,53,0.08888888888888889,4.040404040404044,,1.8867924528301887
D_Broader_Pool,681645,msmarco_passage_09_722896378,53,0.08888888888888889,3.0303030303030276,,1.8867924528301887
D_Broader_Pool,681645,msmarco_passage_38_18609716,52,0.18518518518518517,2.020202020202022,,0.0
D_Broader_Pool,681645,msmarco_passage_11_170290635,46,0.16666666666666666,1.0101010101010055,,2.1739130434782608
D_Broader_Pool,681645,msmarco_passage_51_482320454,37,0.08695652173913043,0.0,,8.108108108108109
D_Broader_Pool,688007,msmarco_passage_03_266477381,33,0.10714285714285714,100.0,,3.0303030303030303
D_Broader_Pool,688007,msmarco_passage_33_766598147,55,0.06976744186046512,98.98989898989899,,16.363636363636363
D_Broader_Pool,688007,msmarco_passage_03_267542256,55,0.06976744186046512,97.97979797979798,,16.363636363636363
D_Broader_Pool,688007,msmarco_passage_03_266478313,46,0.07692307692307693,96.96969696969697,,2.1739130434782608
D_Broader_Pool,688007,msmarco_passage_31_739159592,49,0.08571428571428572,95.95959595959596,,2.0408163265306123
D_Broader_Pool,688007,msmarco_passage_09_852014369,48,0.07692307692307693,94.94949494949495,,4.166666666666667
D_Broader_Pool,688007,msmarco_passage_09_852058652,66,0.06666666666666667,93.93939393939394,,0.0
D_Broader_Pool,688007,msmarco_passage_33_763167006,50,0.10344827586206896,92.92929292929293,,4.0
D_Broader_Pool,688007,msmarco_passage_09_852060902,47,0.06896551724137931,91.91919191919192,,0.0
D_Broader_Pool,688007,msmarco_passage_09_852060003,53,0.07142857142857142,90.9090909090909,,7.547169811320755
D_Broader_Pool,688007,msmarco_passage_03_266483061,53,0.04878048780487805,89.8989898989899,,3.7735849056603774
D_Broader_Pool,688007,msmarco_passage_03_267542735,75,0.0625,88.88888888888889,,6.666666666666667
D_Broader_Pool,688007,msmarco_passage_33_766602216,75,0.0625,87.87878787878788,,6.666666666666667
D_Broader_Pool,688007,msmarco_passage_33_763605332,56,0.06666666666666667,86.86868686868688,,5.357142857142857
D_Broader_Pool,688007,msmarco_passage_33_766602775,54,0.07894736842105263,85.85858585858585,,5.555555555555555
D_Broader_Pool,688007,msmarco_passage_03_267543295,54,0.07894736842105263,84.84848484848484,,5.555555555555555
D_Broader_Pool,688007,msmarco_passage_09_852065060,54,0.09090909090909091,83.83838383838383,,7.407407407407407
D_Broader_Pool,688007,msmarco_passage_09_852065874,49,0.07894736842105263,82.82828282828282,,10.204081632653061
D_Broader_Pool,688007,msmarco_passage_09_852064267,46,0.06896551724137931,81.81818181818181,,4.3478260869565215
D_Broader_Pool,688007,msmarco_passage_03_266482578,58,0.07894736842105263,80.8080808080808,,3.4482758620689653
D_Broader_Pool,688007,msmarco_passage_09_852061308,36,0.06060606060606061,79.7979797979798,,5.555555555555555
D_Broader_Pool,688007,msmarco_passage_03_266476938,47,0.08823529411764706,78.78787878787878,,8.51063829787234
D_Broader_Pool,688007,msmarco_passage_03_266484400,42,0.05128205128205128,77.77777777777779,,4.761904761904762
D_Broader_Pool,688007,msmarco_passage_09_852066333,51,0.09523809523809523,76.76767676767678,,0.0
D_Broader_Pool,688007,msmarco_passage_03_266485238,48,0.02631578947368421,75.75757575757575,,0.0
D_Broader_Pool,688007,msmarco_passage_33_766604504,37,0.06666666666666667,74.74747474747474,,13.513513513513514
D_Broader_Pool,688007,msmarco_passage_33_766597212,55,0.07894736842105263,73.73737373737373,,10.909090909090908
D_Broader_Pool,688007,msmarco_passage_03_266477686,87,0.05084745762711865,72.72727272727273,,3.4482758620689653
D_Broader_Pool,688007,msmarco_passage_09_852059190,45,0.08108108108108109,71.71717171717171,,0.0
D_Broader_Pool,688007,msmarco_passage_03_266479480,63,0.06666666666666667,70.70707070707071,,4.761904761904762
D_Broader_Pool,688007,msmarco_passage_03_266483487,51,0.06666666666666667,69.6969696969697,,3.9215686274509802
D_Broader_Pool,688007,msmarco_passage_03_266486053,46,0.08823529411764706,68.68686868686868,,0.0
D_Broader_Pool,688007,msmarco_passage_03_267538317,52,0.08823529411764706,67.67676767676767,,5.769230769230769
D_Broader_Pool,688007,msmarco_passage_03_266483949,56,0.02,66.66666666666667,,5.357142857142857
D_Broader_Pool,688007,msmarco_passage_09_852058189,51,0.07142857142857142,65.65656565656566,,13.72549019607843
D_Broader_Pool,688007,msmarco_passage_09_852065491,43,0.05263157894736842,64.64646464646464,,6.976744186046512
D_Broader_Pool,688007,msmarco_passage_03_266479098,46,0.07142857142857142,63.63636363636363,,10.869565217391305
D_Broader_Pool,688007,msmarco_passage_03_267541408,50,0.027777777777777776,62.62626262626263,,2.0
D_Broader_Pool,688007,msmarco_passage_33_766600925,50,0.027777777777777776,61.61616161616161,,2.0
D_Broader_Pool,688007,msmarco_passage_03_266488040,50,0.10256410256410256,60.60606060606061,,4.0
D_Broader_Pool,688007,msmarco_passage_33_766604073,47,0.05128205128205128,59.5959595959596,,4.25531914893617
D_Broader_Pool,688007,msmarco_passage_03_267536936,47,0.05128205128205128,58.58585858585859,,4.25531914893617
D_Broader_Pool,688007,msmarco_passage_33_766583723,45,0.07692307692307693,57.57575757575757,,13.333333333333334
D_Broader_Pool,688007,msmarco_passage_33_766599118,54,0.045454545454545456,56.56565656565656,,7.407407407407407
D_Broader_Pool,688007,msmarco_passage_03_267539605,54,0.045454545454545456,55.55555555555556,,7.407407407407407
D_Broader_Pool,688007,msmarco_passage_03_266487277,43,0.046511627906976744,54.54545454545454,,4.651162790697675
D_Broader_Pool,688007,msmarco_passage_59_14445923,44,0.08571428571428572,53.535353535353536,,15.909090909090908
D_Broader_Pool,688007,msmarco_passage_03_266480358,46,0.06060606060606061,52.52525252525253,,0.0
D_Broader_Pool,688007,msmarco_passage_59_14447006,75,0.06896551724137931,51.515151515151516,,10.666666666666666
D_Broader_Pool,688007,msmarco_passage_33_763291528,54,0.022727272727272728,50.5050505050505,,7.407407407407407
D_Broader_Pool,688007,msmarco_passage_33_766605275,56,0.075,49.494949494949495,,3.5714285714285716
D_Broader_Pool,688007,msmarco_passage_59_14446298,103,0.043478260869565216,48.484848484848484,,7.766990291262136
D_Broader_Pool,688007,msmarco_passage_09_852061697,48,0.02702702702702703,47.47474747474747,,10.416666666666666
D_Broader_Pool,688007,msmarco_passage_03_266486863,47,0.07692307692307693,46.464646464646464,,10.638297872340425
D_Broader_Pool,688007,msmarco_passage_09_851989802,43,0.058823529411764705,45.45454545454546,,11.627906976744185
D_Broader_Pool,688007,msmarco_passage_03_266488860,40,0.05555555555555555,44.44444444444444,,10.0
D_Broader_Pool,688007,msmarco_passage_03_266480744,40,0.05714285714285714,43.43434343434344,,5.0
D_Broader_Pool,688007,msmarco_passage_33_763237732,56,0.07317073170731707,42.42424242424242,,8.928571428571429
D_Broader_Pool,688007,msmarco_passage_33_766747773,32,0.06666666666666667,41.41414141414141,,15.625
D_Broader_Pool,688007,msmarco_passage_33_763571497,51,0.04878048780487805,40.40404040404041,,13.72549019607843
D_Broader_Pool,688007,msmarco_passage_03_266515895,51,0.04878048780487805,39.39393939393939,,13.72549019607843
D_Broader_Pool,688007,msmarco_passage_33_763239884,55,0.05,38.38383838383839,,5.454545454545454
D_Broader_Pool,688007,msmarco_passage_03_266486415,50,0.02631578947368421,37.37373737373737,,2.0
D_Broader_Pool,688007,msmarco_passage_03_266489211,56,0.047619047619047616,36.36363636363637,,1.7857142857142858
D_Broader_Pool,688007,msmarco_passage_33_766601775,56,0.06666666666666667,35.35353535353535,,7.142857142857143
D_Broader_Pool,688007,msmarco_passage_03_267536517,53,0.046511627906976744,34.34343434343434,,3.7735849056603774
D_Broader_Pool,688007,msmarco_passage_03_267541845,49,0.075,33.333333333333336,,4.081632653061225
D_Broader_Pool,688007,msmarco_passage_33_766601363,49,0.075,32.32323232323232,,4.081632653061225
D_Broader_Pool,688007,msmarco_passage_03_266487677,28,0.04,31.313131313131315,,32.142857142857146
D_Broader_Pool,688007,msmarco_passage_33_766585472,35,0.06896551724137931,30.303030303030297,,14.285714285714286
D_Broader_Pool,688007,msmarco_passage_33_763136615,55,0.043478260869565216,29.292929292929294,,18.181818181818183
D_Broader_Pool,688007,msmarco_passage_03_266481113,42,0.05405405405405406,28.282828282828287,,9.523809523809524
D_Broader_Pool,688007,msmarco_passage_03_266490500,49,0.05,27.27272727272727,,4.081632653061225
D_Broader_Pool,688007,msmarco_passage_33_763211618,43,0.06060606060606061,26.262626262626267,,16.27906976744186
D_Broader_Pool,688007,msmarco_passage_33_766605751,58,0.025,25.25252525252525,,31.03448275862069
D_Broader_Pool,688007,msmarco_passage_33_763239468,52,0.07142857142857142,24.242424242424242,,9.615384615384615
D_Broader_Pool,688007,msmarco_passage_09_851973251,52,0.06818181818181818,23.23232323232324,,0.0
D_Broader_Pool,688007,msmarco_passage_33_763404468,51,0.1111111111111111,22.22222222222222,,15.686274509803921
D_Broader_Pool,688007,msmarco_passage_33_763333015,35,0.058823529411764705,21.212121212121215,,14.285714285714286
D_Broader_Pool,688007,msmarco_passage_09_851980332,53,0.041666666666666664,20.2020202020202,,11.320754716981131
D_Broader_Pool,688007,msmarco_passage_59_14447608,42,0.05555555555555555,19.191919191919194,,4.761904761904762
D_Broader_Pool,688007,msmarco_passage_59_14447937,33,0.07692307692307693,18.181818181818176,,9.090909090909092
D_Broader_Pool,688007,msmarco_passage_33_763137769,58,0.045454545454545456,17.17171717171717,,17.24137931034483
D_Broader_Pool,688007,msmarco_passage_35_674874169,55,0.08108108108108109,16.161616161616166,,21.818181818181817
D_Broader_Pool,688007,msmarco_passage_09_851974036,55,0.09090909090909091,15.151515151515149,,9.090909090909092
D_Broader_Pool,688007,msmarco_passage_33_766603633,48,0.04878048780487805,14.141414141414144,,6.25
D_Broader_Pool,688007,msmarco_passage_09_852018835,52,0.0425531914893617,13.131313131313128,,5.769230769230769
D_Broader_Pool,688007,msmarco_passage_62_431034932,54,0.075,12.121212121212121,,16.666666666666668
D_Broader_Pool,688007,msmarco_passage_33_763147651,44,0.02857142857142857,11.111111111111116,,15.909090909090908
D_Broader_Pool,688007,msmarco_passage_03_266488456,53,0.05,10.1010101010101,,3.7735849056603774
D_Broader_Pool,688007,msmarco_passage_09_851969431,56,0.046511627906976744,9.090909090909093,,12.5
D_Broader_Pool,688007,msmarco_passage_33_763570635,50,0.08108108108108109,8.080808080808078,,16.0
D_Broader_Pool,688007,msmarco_passage_03_266515035,50,0.08108108108108109,7.070707070707072,,16.0
D_Broader_Pool,688007,msmarco_passage_09_852063014,43,0.029411764705882353,6.060606060606055,,20.930232558139537
D_Broader_Pool,688007,msmarco_passage_31_739160025,52,0.06666666666666667,5.05050505050505,,7.6923076923076925
D_Broader_Pool,688007,msmarco_passage_33_763685772,61,0.02127659574468085,4.040404040404044,,16.39344262295082
D_Broader_Pool,688007,msmarco_passage_33_763139331,55,0.041666666666666664,3.0303030303030276,,12.727272727272727
D_Broader_Pool,688007,msmarco_passage_31_739094932,37,0.06060606060606061,2.020202020202022,,16.216216216216218
D_Broader_Pool,688007,msmarco_passage_09_852053689,42,0.075,1.0101010101010055,,2.380952380952381
D_Broader_Pool,688007,msmarco_passage_62_431073834,42,0.075,0.0,,2.380952380952381
D_Broader_Pool,707882,msmarco_passage_30_366123879,31,0.16,100.0,,6.451612903225806
D_Broader_Pool,707882,msmarco_passage_08_846998411,68,0.05660377358490566,98.98989898989899,,5.882352941176471
D_Broader_Pool,707882,msmarco_passage_08_847001055,40,0.06060606060606061,97.97979797979798,,10.0
D_Broader_Pool,707882,msmarco_passage_30_366126828,36,0.06666666666666667,96.96969696969697,,0.0
D_Broader_Pool,707882,msmarco_passage_30_366125585,47,0.08108108108108109,95.95959595959596,,12.76595744680851
D_Broader_Pool,707882,msmarco_passage_08_846996505,44,0.06060606060606061,94.94949494949495,,2.272727272727273
D_Broader_Pool,707882,msmarco_passage_30_366124204,55,0.06818181818181818,93.93939393939394,,10.909090909090908
D_Broader_Pool,707882,msmarco_passage_08_846999528,60,0.045454545454545456,92.92929292929293,,0.0
D_Broader_Pool,707882,msmarco_passage_43_239027506,33,0.0967741935483871,91.91919191919192,,3.0303030303030303
D_Broader_Pool,707882,msmarco_passage_30_366126013,41,0.06060606060606061,90.9090909090909,,2.4390243902439024
D_Broader_Pool,707882,msmarco_passage_08_846995517,60,0.06382978723404255,89.8989898989899,,15.0
D_Broader_Pool,707882,msmarco_passage_08_847000129,62,0.04081632653061224,88.88888888888889,,3.225806451612903
D_Broader_Pool,707882,msmarco_passage_52_662875370,41,0.05555555555555555,87.87878787878788,,7.317073170731708
D_Broader_Pool,707882,msmarco_passage_30_366121542,51,0.06382978723404255,86.86868686868688,,13.72549019607843
D_Broader_Pool,707882,msmarco_passage_30_366121141,40,0.05555555555555555,85.85858585858585,,2.5
D_Broader_Pool,707882,msmarco_passage_30_366127210,47,0.07692307692307693,84.84848484848484,,0.0
D_Broader_Pool,707882,msmarco_passage_30_366124695,35,0.06896551724137931,83.83838383838383,,2.857142857142857
D_Broader_Pool,707882,msmarco_passage_08_846997006,37,0.05405405405405406,82.82828282828282,,10.81081081081081
D_Broader_Pool,707882,msmarco_passage_30_366125078,54,0.06976744186046512,81.81818181818181,,3.7037037037037037
D_Broader_Pool,707882,msmarco_passage_08_847000658,45,0.05555555555555555,80.8080808080808,,6.666666666666667
D_Broader_Pool,707882,msmarco_passage_00_735549428,53,0.07142857142857142,79.7979797979798,,3.7735849056603774
D_Broader_Pool,707882,msmarco_passage_16_263829563,53,0.07142857142857142,78.78787878787878,,3.7735849056603774
D_Broader_Pool,707882,msmarco_passage_00_62994608,43,0.08108108108108109,77.77777777777779,,6.976744186046512
D_Broader_Pool,707882,msmarco_passage_36_576215455,37,0.06060606060606061,76.76767676767678,,2.7027027027027026
D_Broader_Pool,707882,msmarco_passage_33_791846362,61,0.0625,75.75757575757575,,4.918032786885246
D_Broader_Pool,707882,msmarco_passage_03_326158178,53,0.08108108108108109,74.74747474747474,,0.0
D_Broader_Pool,707882,msmarco_passage_33_791849493,59,0.058823529411764705,73.73737373737373,,10.169491525423728
D_Broader_Pool,707882,msmarco_passage_47_106673693,57,0.09090909090909091,72.72727272727273,,7.017543859649122
D_Broader_Pool,707882,msmarco_passage_04_187380045,49,0.0967741935483871,71.71717171717171,,0.0
D_Broader_Pool,707882,msmarco_passage_33_791847962,59,0.06521739130434782,70.70707070707071,,8.474576271186441
D_Broader_Pool,707882,msmarco_passage_51_807397338,64,0.06818181818181818,69.6969696969697,,4.6875
D_Broader_Pool,707882,msmarco_passage_37_159764401,51,0.06976744186046512,68.68686868686868,,3.9215686274509802
D_Broader_Pool,707882,msmarco_passage_66_290305495,39,0.0625,67.67676767676767,,2.5641025641025643
D_Broader_Pool,707882,msmarco_passage_32_349780954,45,0.05,66.66666666666667,,2.2222222222222223
D_Broader_Pool,707882,msmarco_passage_03_58218694,45,0.05,65.65656565656566,,2.2222222222222223
D_Broader_Pool,707882,msmarco_passage_10_82601465,40,0.027777777777777776,64.64646464646464,,30.0
D_Broader_Pool,707882,msmarco_passage_47_106673204,54,0.07692307692307693,63.63636363636363,,16.666666666666668
D_Broader_Pool,707882,msmarco_passage_47_106654827,63,0.07692307692307693,62.62626262626263,,7.936507936507937
D_Broader_Pool,707882,msmarco_passage_14_347856699,46,0.02857142857142857,61.61616161616161,,6.521739130434782
D_Broader_Pool,707882,msmarco_passage_00_58653626,46,0.02631578947368421,60.60606060606061,,15.217391304347826
D_Broader_Pool,707882,msmarco_passage_31_168089324,52,0.09375,59.5959595959596,,0.0
D_Broader_Pool,707882,msmarco_passage_27_378970087,50,0.075,58.58585858585859,,0.0
D_Broader_Pool,707882,msmarco_passage_34_383745008,53,0.07142857142857142,57.57575757575757,,3.7735849056603774
D_Broader_Pool,707882,msmarco_passage_53_779076278,143,0.03571428571428571,56.56565656565656,,0.0
D_Broader_Pool,707882,msmarco_passage_47_106643074,61,0.08571428571428572,55.55555555555556,,26.229508196721312
D_Broader_Pool,707882,msmarco_passage_53_796814471,149,0.03409090909090909,54.54545454545454,,0.0
D_Broader_Pool,707882,msmarco_passage_53_811211615,149,0.03409090909090909,53.535353535353536,,0.0
D_Broader_Pool,707882,msmarco_passage_22_354751578,39,0.06451612903225806,52.52525252525253,,5.128205128205129
D_Broader_Pool,707882,msmarco_passage_53_796922989,149,0.03409090909090909,51.515151515151516,,0.0
D_Broader_Pool,707882,msmarco_passage_53_824315590,149,0.03409090909090909,50.5050505050505,,0.0
D_Broader_Pool,707882,msmarco_passage_60_607353499,65,0.058823529411764705,49.494949494949495,,1.5384615384615385
D_Broader_Pool,707882,msmarco_passage_57_389913103,35,0.10344827586206896,48.484848484848484,,2.857142857142857
D_Broader_Pool,707882,msmarco_passage_36_159799390,48,0.07894736842105263,47.47474747474747,,6.25
D_Broader_Pool,707882,msmarco_passage_57_389924902,39,0.10714285714285714,46.464646464646464,,0.0
D_Broader_Pool,707882,msmarco_passage_59_629449483,38,0.06896551724137931,45.45454545454546,,2.6315789473684212
D_Broader_Pool,707882,msmarco_passage_02_792922161,55,0.07317073170731707,44.44444444444444,,3.6363636363636362
D_Broader_Pool,707882,msmarco_passage_15_433832205,51,0.06976744186046512,43.43434343434344,,1.9607843137254901
D_Broader_Pool,707882,msmarco_passage_36_576213674,83,0.04918032786885246,42.42424242424242,,4.819277108433735
D_Broader_Pool,707882,msmarco_passage_01_22588088,60,0.08333333333333333,41.41414141414141,,10.0
D_Broader_Pool,707882,msmarco_passage_63_726990600,60,0.08333333333333333,40.40404040404041,,10.0
D_Broader_Pool,707882,msmarco_passage_16_263827845,44,0.09090909090909091,39.39393939393939,,4.545454545454546
D_Broader_Pool,707882,msmarco_passage_00_735547706,44,0.09090909090909091,38.38383838383839,,4.545454545454546
D_Broader_Pool,707882,msmarco_passage_03_58216767,11,0.2727272727272727,37.37373737373737,,9.090909090909092
D_Broader_Pool,707882,msmarco_passage_28_325140084,56,0.075,36.36363636363637,,1.7857142857142858
D_Broader_Pool,707882,msmarco_passage_05_806666866,35,0.1,35.35353535353535,,5.714285714285714
D_Broader_Pool,707882,msmarco_passage_33_65193507,53,0.05714285714285714,34.34343434343434,,24.528301886792452
D_Broader_Pool,707882,msmarco_passage_40_756632599,50,0.044444444444444446,33.333333333333336,,22.0
D_Broader_Pool,707882,msmarco_passage_50_486819530,40,0.06666666666666667,32.32323232323232,,0.0
D_Broader_Pool,707882,msmarco_passage_59_629448175,40,0.030303030303030304,31.313131313131315,,0.0
D_Broader_Pool,707882,msmarco_passage_13_155588473,43,0.05714285714285714,30.303030303030297,,2.3255813953488373
D_Broader_Pool,707882,msmarco_passage_13_155639654,43,0.05714285714285714,29.292929292929294,,2.3255813953488373
D_Broader_Pool,707882,msmarco_passage_32_6401731,18,0.058823529411764705,28.282828282828287,,11.11111111111111
D_Broader_Pool,707882,msmarco_passage_02_855025556,18,0.058823529411764705,27.27272727272727,,11.11111111111111
D_Broader_Pool,707882,msmarco_passage_03_326158599,44,0.02857142857142857,26.262626262626267,,2.272727272727273
D_Broader_Pool,707882,msmarco_passage_68_633833250,47,0.02564102564102564,25.25252525252525,,0.0
D_Broader_Pool,707882,msmarco_passage_59_355523744,38,0.09090909090909091,24.242424242424242,,0.0
D_Broader_Pool,707882,msmarco_passage_40_378071658,31,0.1111111111111111,23.23232323232324,,0.0
D_Broader_Pool,707882,msmarco_passage_57_389929955,43,0.05714285714285714,22.22222222222222,,9.30232558139535
D_Broader_Pool,707882,msmarco_passage_12_512186472,82,0.075,21.212121212121215,,6.097560975609756
D_Broader_Pool,707882,msmarco_passage_21_771126006,34,0.03333333333333333,20.2020202020202,,2.9411764705882355
D_Broader_Pool,707882,msmarco_passage_21_771125023,56,0.046511627906976744,19.191919191919194,,8.928571428571429
D_Broader_Pool,707882,msmarco_passage_61_390008977,64,0.07317073170731707,18.181818181818176,,0.0
D_Broader_Pool,707882,msmarco_passage_63_403034185,43,0.06666666666666667,17.17171717171717,,9.30232558139535
D_Broader_Pool,707882,msmarco_passage_41_396537628,51,0.05,16.161616161616166,,1.9607843137254901
D_Broader_Pool,707882,msmarco_passage_25_586242593,51,0.047619047619047616,15.151515151515149,,0.0
D_Broader_Pool,707882,msmarco_passage_50_36216011,57,0.06976744186046512,14.141414141414144,,1.7543859649122806
D_Broader_Pool,707882,msmarco_passage_22_119908283,60,0.0967741935483871,13.131313131313128,,0.0
D_Broader_Pool,707882,msmarco_passage_10_805417939,60,0.04878048780487805,12.121212121212121,,0.0
D_Broader_Pool,707882,msmarco_passage_67_363601679,60,0.04878048780487805,11.111111111111116,,0.0
D_Broader_Pool,707882,msmarco_passage_12_711348332,62,0.06976744186046512,10.1010101010101,,1.6129032258064515
D_Broader_Pool,707882,msmarco_passage_36_442151351,54,0.045454545454545456,9.090909090909093,,0.0
D_Broader_Pool,707882,msmarco_passage_21_771126814,48,0.024390243902439025,8.080808080808078,,2.0833333333333335
D_Broader_Pool,707882,msmarco_passage_25_586239156,45,0.05714285714285714,7.070707070707072,,0.0
D_Broader_Pool,707882,msmarco_passage_68_667841723,75,0.06521739130434782,6.060606060606055,,1.3333333333333333
D_Broader_Pool,707882,msmarco_passage_58_80053606,60,0.08108108108108109,5.05050505050505,,0.0
D_Broader_Pool,707882,msmarco_passage_02_852693022,55,0.07142857142857142,4.040404040404044,,9.090909090909092
D_Broader_Pool,707882,msmarco_passage_21_771125541,48,0.024390243902439025,3.0303030303030276,,8.333333333333334
D_Broader_Pool,707882,msmarco_passage_23_830130846,76,0.05084745762711865,2.020202020202022,,2.6315789473684212
D_Broader_Pool,707882,msmarco_passage_40_699904365,58,0.05128205128205128,1.0101010101010055,,1.7241379310344827
D_Broader_Pool,707882,msmarco_passage_29_712284251,65,0.03571428571428571,0.0,,13.846153846153847
D_Broader_Pool,764738,msmarco_passage_25_498432234,56,0.13513513513513514,100.0,,1.7857142857142858
D_Broader_Pool,764738,msmarco_passage_40_512427116,46,0.1111111111111111,98.98989898989899,,17.391304347826086
D_Broader_Pool,764738,msmarco_passage_04_722722682,46,0.1111111111111111,97.97979797979798,,17.391304347826086
D_Broader_Pool,764738,msmarco_passage_17_501552228,43,0.17857142857142858,96.96969696969697,,2.3255813953488373
D_Broader_Pool,764738,msmarco_passage_17_501553428,30,0.1,95.95959595959596,,0.0
D_Broader_Pool,764738,msmarco_passage_25_498024196,54,0.15625,94.94949494949495,,9.25925925925926
D_Broader_Pool,764738,msmarco_passage_14_421130213,66,0.1282051282051282,93.93939393939394,,0.0
D_Broader_Pool,764738,msmarco_passage_19_596453214,53,0.12121212121212122,92.92929292929293,,3.7735849056603774
D_Broader_Pool,764738,msmarco_passage_21_668258929,53,0.12121212121212122,91.91919191919192,,3.7735849056603774
D_Broader_Pool,764738,msmarco_passage_25_856491012,51,0.10256410256410256,90.9090909090909,,9.803921568627452
D_Broader_Pool,764738,msmarco_passage_11_436102817,34,0.125,89.8989898989899,,14.705882352941176
D_Broader_Pool,764738,msmarco_passage_40_253900849,42,0.17857142857142858,88.88888888888889,,4.761904761904762
D_Broader_Pool,764738,msmarco_passage_04_675619373,42,0.17857142857142858,87.87878787878788,,4.761904761904762
D_Broader_Pool,764738,msmarco_passage_42_691449377,40,0.13793103448275862,86.86868686868688,,0.0
D_Broader_Pool,764738,msmarco_passage_30_491515780,67,0.0851063829787234,85.85858585858585,,5.970149253731344
D_Broader_Pool,764738,msmarco_passage_54_753002997,34,0.125,84.84848484848484,,23.529411764705884
D_Broader_Pool,764738,msmarco_passage_23_520221613,44,0.1111111111111111,83.83838383838383,,6.818181818181818
D_Broader_Pool,764738,msmarco_passage_26_352847528,52,0.08695652173913043,82.82828282828282,,3.8461538461538463
D_Broader_Pool,764738,msmarco_passage_60_30084160,62,0.11363636363636363,81.81818181818181,,1.6129032258064515
D_Broader_Pool,764738,msmarco_passage_54_753003355,40,0.0967741935483871,80.8080808080808,,17.5
D_Broader_Pool,764738,msmarco_passage_31_354444076,47,0.11764705882352941,79.7979797979798,,8.51063829787234
D_Broader_Pool,764738,msmarco_passage_26_182794717,88,0.07142857142857142,78.78787878787878,,2.272727272727273
D_Broader_Pool,764738,msmarco_passage_39_707560328,52,0.0625,77.77777777777779,,9.615384615384615
D_Broader_Pool,764738,msmarco_passage_17_501555126,58,0.10256410256410256,76.76767676767678,,5.172413793103448
D_Broader_Pool,764738,msmarco_passage_38_53225537,26,0.15789473684210525,75.75757575757575,,0.0
D_Broader_Pool,764738,msmarco_passage_22_335678975,49,0.06976744186046512,74.74747474747474,,6.122448979591836
D_Broader_Pool,764738,msmarco_passage_30_491515440,33,0.1,73.73737373737373,,12.121212121212121
D_Broader_Pool,764738,msmarco_passage_14_421132060,47,0.12121212121212122,72.72727272727273,,10.638297872340425
D_Broader_Pool,764738,msmarco_passage_21_668259462,79,0.07692307692307693,71.71717171717171,,5.063291139240507
D_Broader_Pool,764738,msmarco_passage_19_596453747,79,0.07692307692307693,70.70707070707071,,5.063291139240507
D_Broader_Pool,764738,msmarco_passage_14_421127144,53,0.09375,69.6969696969697,,7.547169811320755
D_Broader_Pool,764738,msmarco_passage_41_757848646,52,0.09302325581395349,68.68686868686868,,3.8461538461538463
D_Broader_Pool,764738,msmarco_passage_41_756506194,52,0.09302325581395349,67.67676767676767,,3.8461538461538463
D_Broader_Pool,764738,msmarco_passage_41_756847717,52,0.09302325581395349,66.66666666666667,,3.8461538461538463
D_Broader_Pool,764738,msmarco_passage_30_738556199,46,0.1388888888888889,65.65656565656566,,8.695652173913043
D_Broader_Pool,764738,msmarco_passage_50_459586659,81,0.08064516129032258,64.64646464646464,,4.938271604938271
D_Broader_Pool,764738,msmarco_passage_14_421125312,41,0.13333333333333333,63.63636363636363,,7.317073170731708
D_Broader_Pool,764738,msmarco_passage_21_668261757,43,0.12121212121212122,62.62626262626263,,6.976744186046512
D_Broader_Pool,764738,msmarco_passage_19_596456042,43,0.12121212121212122,61.61616161616161,,6.976744186046512
D_Broader_Pool,764738,msmarco_passage_17_501553006,43,0.12121212121212122,60.60606060606061,,6.976744186046512
D_Broader_Pool,764738,msmarco_passage_34_504632763,43,0.11428571428571428,59.5959595959596,,0.0
D_Broader_Pool,764738,msmarco_passage_11_506228312,39,0.13513513513513514,58.58585858585859,,7.6923076923076925
D_Broader_Pool,764738,msmarco_passage_14_421129291,58,0.14634146341463414,57.57575757575757,,1.7241379310344827
D_Broader_Pool,764738,msmarco_passage_14_421129754,58,0.06976744186046512,56.56565656565656,,1.7241379310344827
D_Broader_Pool,764738,msmarco_passage_43_140283282,58,0.07317073170731707,55.55555555555556,,1.7241379310344827
D_Broader_Pool,764738,msmarco_passage_21_668261395,37,0.14814814814814814,54.54545454545454,,13.513513513513514
D_Broader_Pool,764738,msmarco_passage_19_596455680,37,0.14814814814814814,53.535353535353536,,13.513513513513514
D_Broader_Pool,764738,msmarco_passage_17_501552645,37,0.14814814814814814,52.52525252525253,,13.513513513513514
D_Broader_Pool,764738,msmarco_passage_37_18340783,83,0.04918032786885246,51.515151515151516,,15.662650602409638
D_Broader_Pool,764738,msmarco_passage_03_765618379,83,0.04918032786885246,50.5050505050505,,15.662650602409638
D_Broader_Pool,764738,msmarco_passage_64_597917960,60,0.12195121951219512,49.494949494949495,,0.0
D_Broader_Pool,764738,msmarco_passage_25_498449149,49,0.09090909090909091,48.484848484848484,,4.081632653061225
D_Broader_Pool,764738,msmarco_passage_11_506226559,39,0.05,47.47474747474747,,25.641025641025642
D_Broader_Pool,764738,msmarco_passage_07_511776613,49,0.1111111111111111,46.464646464646464,,2.0408163265306123
D_Broader_Pool,764738,msmarco_passage_51_764927566,49,0.1111111111111111,45.45454545454546,,2.0408163265306123
D_Broader_Pool,764738,msmarco_passage_14_421126623,66,0.08888888888888889,44.44444444444444,,4.545454545454546
D_Broader_Pool,764738,msmarco_passage_23_752152017,60,0.06818181818181818,43.43434343434344,,3.3333333333333335
D_Broader_Pool,764738,msmarco_passage_23_752156594,60,0.06818181818181818,42.42424242424242,,3.3333333333333335
D_Broader_Pool,764738,msmarco_passage_40_512427958,55,0.06382978723404255,41.41414141414141,,1.8181818181818181
D_Broader_Pool,764738,msmarco_passage_04_722723526,55,0.06382978723404255,40.40404040404041,,1.8181818181818181
D_Broader_Pool,764738,msmarco_passage_47_619580096,89,0.09259259259259259,39.39393939393939,,4.49438202247191
D_Broader_Pool,764738,msmarco_passage_04_675511673,48,0.07317073170731707,38.38383838383839,,2.0833333333333335
D_Broader_Pool,764738,msmarco_passage_40_253775274,48,0.07317073170731707,37.37373737373737,,2.0833333333333335
D_Broader_Pool,764738,msmarco_passage_60_30350787,52,0.0851063829787234,36.36363636363637,,5.769230769230769
D_Broader_Pool,764738,msmarco_passage_23_520220303,56,0.07142857142857142,35.35353535353535,,8.928571428571429
D_Broader_Pool,764738,msmarco_passage_23_752155798,56,0.10256410256410256,34.34343434343434,,1.7857142857142858
D_Broader_Pool,764738,msmarco_passage_23_752151221,56,0.10256410256410256,33.333333333333336,,1.7857142857142858
D_Broader_Pool,764738,msmarco_passage_50_459585402,36,0.10810810810810811,32.32323232323232,,2.7777777777777777
D_Broader_Pool,764738,msmarco_passage_14_421128852,54,0.07894736842105263,31.313131313131315,,0.0
D_Broader_Pool,764738,msmarco_passage_22_335678507,49,0.06818181818181818,30.303030303030297,,6.122448979591836
D_Broader_Pool,764738,msmarco_passage_60_54482698,80,0.07407407407407407,29.292929292929294,,7.5
D_Broader_Pool,764738,msmarco_passage_60_116321731,80,0.07407407407407407,28.282828282828287,,7.5
D_Broader_Pool,764738,msmarco_passage_40_255061882,49,0.07317073170731707,27.27272727272727,,12.244897959183673
D_Broader_Pool,764738,msmarco_passage_40_253819046,49,0.07317073170731707,26.262626262626267,,12.244897959183673
D_Broader_Pool,764738,msmarco_passage_04_675554691,49,0.07317073170731707,25.25252525252525,,12.244897959183673
D_Broader_Pool,764738,msmarco_passage_00_60091494,25,0.17647058823529413,24.242424242424242,,4.0
D_Broader_Pool,764738,msmarco_passage_30_491516332,42,0.13333333333333333,23.23232323232324,,9.523809523809524
D_Broader_Pool,764738,msmarco_passage_23_752150101,94,0.045454545454545456,22.22222222222222,,6.382978723404255
D_Broader_Pool,764738,msmarco_passage_23_752154678,94,0.045454545454545456,21.212121212121215,,6.382978723404255
D_Broader_Pool,764738,msmarco_passage_35_588523008,65,0.0392156862745098,20.2020202020202,,24.615384615384617
D_Broader_Pool,764738,msmarco_passage_04_607322359,55,0.0851063829787234,19.191919191919194,,10.909090909090908
D_Broader_Pool,764738,msmarco_passage_14_421124929,40,0.06666666666666667,18.181818181818176,,2.5
D_Broader_Pool,764738,msmarco_passage_14_421134707,60,0.04081632653061224,17.17171717171717,,0.0
D_Broader_Pool,764738,msmarco_passage_31_354444443,67,0.075,16.161616161616166,,8.955223880597014
D_Broader_Pool,764738,msmarco_passage_33_609042946,67,0.08163265306122448,15.151515151515149,,4.477611940298507
D_Broader_Pool,764738,msmarco_passage_31_558606475,46,0.09302325581395349,14.141414141414144,,2.1739130434782608
D_Broader_Pool,764738,msmarco_passage_14_421126113,56,0.07142857142857142,13.131313131313128,,7.142857142857143
D_Broader_Pool,764738,msmarco_passage_60_30350358,60,0.08571428571428572,12.121212121212121,,8.333333333333334
D_Broader_Pool,764738,msmarco_passage_33_609045112,58,0.11904761904761904,11.111111111111116,,22.413793103448278
D_Broader_Pool,764738,msmarco_passage_04_675505125,62,0.07142857142857142,10.1010101010101,,11.290322580645162
D_Broader_Pool,764738,msmarco_passage_40_253768741,62,0.07142857142857142,9.090909090909093,,11.290322580645162
D_Broader_Pool,764738,msmarco_passage_39_707559901,51,0.05555555555555555,8.080808080808078,,15.686274509803921
D_Broader_Pool,764738,msmarco_passage_64_588989105,85,0.06779661016949153,7.070707070707072,,0.0
D_Broader_Pool,764738,msmarco_passage_29_709231577,79,0.06349206349206349,6.060606060606055,,3.7974683544303796
D_Broader_Pool,764738,msmarco_passage_43_544321567,66,0.0851063829787234,5.05050505050505,,4.545454545454546
D_Broader_Pool,764738,msmarco_passage_05_666415533,66,0.0851063829787234,4.040404040404044,,4.545454545454546
D_Broader_Pool,764738,msmarco_passage_34_504633155,49,0.05714285714285714,3.0303030303030276,,0.0
D_Broader_Pool,764738,msmarco_passage_60_30351209,54,0.09090909090909091,2.020202020202022,,12.962962962962964
D_Broader_Pool,764738,msmarco_passage_45_303463830,68,0.03125,1.0101010101010055,,23.529411764705884
D_Broader_Pool,764738,msmarco_passage_45_303461810,58,0.02857142857142857,0.0,,12.068965517241379
D_Broader_Pool,806694,msmarco_passage_61_123799590,16,0.42105263157894735,100.0,,12.5
D_Broader_Pool,806694,msmarco_passage_68_793393632,74,0.11290322580645161,98.98989898989899,,14.864864864864865
D_Broader_Pool,806694,msmarco_passage_03_862597299,47,0.16216216216216217,97.97979797979798,,12.76595744680851
D_Broader_Pool,806694,msmarco_passage_35_352621632,55,0.0851063829787234,96.96969696969697,,21.818181818181817
D_Broader_Pool,806694,msmarco_passage_03_465740313,55,0.0851063829787234,95.95959595959596,,21.818181818181817
D_Broader_Pool,806694,msmarco_passage_68_780410013,40,0.12195121951219512,94.94949494949495,,7.5
D_Broader_Pool,806694,msmarco_passage_50_490428375,61,0.10204081632653061,93.93939393939394,,1.639344262295082
D_Broader_Pool,806694,msmarco_passage_06_80537254,48,0.06382978723404255,92.92929292929293,,20.833333333333332
D_Broader_Pool,806694,msmarco_passage_06_80559970,48,0.06382978723404255,91.91919191919192,,20.833333333333332
D_Broader_Pool,806694,msmarco_passage_28_60089520,27,0.32,90.9090909090909,,11.11111111111111
D_Broader_Pool,806694,msmarco_passage_02_311093161,27,0.32,89.8989898989899,,11.11111111111111
D_Broader_Pool,806694,msmarco_passage_68_784630774,62,0.1568627450980392,88.88888888888889,,9.67741935483871
D_Broader_Pool,806694,msmarco_passage_44_721119659,52,0.14,87.87878787878788,,7.6923076923076925
D_Broader_Pool,806694,msmarco_passage_68_788383105,60,0.16,86.86868686868688,,8.333333333333334
D_Broader_Pool,806694,msmarco_passage_06_574650091,47,0.1276595744680851,85.85858585858585,,8.51063829787234
D_Broader_Pool,806694,msmarco_passage_58_140006305,47,0.06382978723404255,84.84848484848484,,31.914893617021278
D_Broader_Pool,806694,msmarco_passage_35_352620363,53,0.11764705882352941,83.83838383838383,,13.20754716981132
D_Broader_Pool,806694,msmarco_passage_03_465739047,53,0.11764705882352941,82.82828282828282,,13.20754716981132
D_Broader_Pool,806694,msmarco_passage_65_268502524,49,0.10638297872340426,81.81818181818181,,18.367346938775512
D_Broader_Pool,806694,msmarco_passage_02_6910420,52,0.1875,80.8080808080808,,0.0
D_Broader_Pool,806694,msmarco_passage_56_598761151,55,0.0625,79.7979797979798,,12.727272727272727
D_Broader_Pool,806694,msmarco_passage_36_454702840,49,0.10416666666666667,78.78787878787878,,16.3265306122449
D_Broader_Pool,806694,msmarco_passage_28_60089811,37,0.1724137931034483,77.77777777777779,,21.62162162162162
D_Broader_Pool,806694,msmarco_passage_02_311093452,37,0.1724137931034483,76.76767676767678,,21.62162162162162
D_Broader_Pool,806694,msmarco_passage_10_438410610,54,0.16666666666666666,75.75757575757575,,14.814814814814815
D_Broader_Pool,806694,msmarco_passage_65_268502107,45,0.11904761904761904,74.74747474747474,,20.0
D_Broader_Pool,806694,msmarco_passage_26_506204338,34,0.08823529411764706,73.73737373737373,,32.35294117647059
D_Broader_Pool,806694,msmarco_passage_03_647114007,40,0.14705882352941177,72.72727272727273,,20.0
D_Broader_Pool,806694,msmarco_passage_68_794616502,83,0.10606060606060606,71.71717171717171,,16.867469879518072
D_Broader_Pool,806694,msmarco_passage_68_794964485,85,0.1044776119402985,70.70707070707071,,17.647058823529413
D_Broader_Pool,806694,msmarco_passage_03_862598950,37,0.1282051282051282,69.6969696969697,,5.405405405405405
D_Broader_Pool,806694,msmarco_passage_46_505299160,47,0.06382978723404255,68.68686868686868,,6.382978723404255
D_Broader_Pool,806694,msmarco_passage_68_795682438,47,0.17073170731707318,67.67676767676767,,17.02127659574468
D_Broader_Pool,806694,msmarco_passage_44_773421844,53,0.13043478260869565,66.66666666666667,,1.8867924528301887
D_Broader_Pool,806694,msmarco_passage_68_791779659,62,0.14814814814814814,65.65656565656566,,11.290322580645162
D_Broader_Pool,806694,msmarco_passage_68_776716188,60,0.16,64.64646464646464,,11.666666666666666
D_Broader_Pool,806694,msmarco_passage_10_438396101,54,0.10204081632653061,63.63636363636363,,20.37037037037037
D_Broader_Pool,806694,msmarco_passage_65_268304645,54,0.10204081632653061,62.62626262626263,,20.37037037037037
D_Broader_Pool,806694,msmarco_passage_65_268139115,44,0.10526315789473684,61.61616161616161,,15.909090909090908
D_Broader_Pool,806694,msmarco_passage_65_268371117,41,0.175,60.60606060606061,,12.195121951219512
D_Broader_Pool,806694,msmarco_passage_65_268524219,46,0.1388888888888889,59.5959595959596,,21.73913043478261
D_Broader_Pool,806694,msmarco_passage_68_793395035,47,0.17073170731707318,58.58585858585859,,21.27659574468085
D_Broader_Pool,806694,msmarco_passage_68_793388967,47,0.17073170731707318,57.57575757575757,,21.27659574468085
D_Broader_Pool,806694,msmarco_passage_61_123798906,22,0.15384615384615385,56.56565656565656,,9.090909090909092
D_Broader_Pool,806694,msmarco_passage_65_268509394,48,0.13333333333333333,55.55555555555556,,16.666666666666668
D_Broader_Pool,806694,msmarco_passage_11_643101144,22,0.2727272727272727,54.54545454545454,,0.0
D_Broader_Pool,806694,msmarco_passage_56_593063105,57,0.061224489795918366,53.535353535353536,,15.789473684210526
D_Broader_Pool,806694,msmarco_passage_08_732741813,57,0.061224489795918366,52.52525252525253,,15.789473684210526
D_Broader_Pool,806694,msmarco_passage_68_794966029,51,0.15555555555555556,51.515151515151516,,19.607843137254903
D_Broader_Pool,806694,msmarco_passage_68_795481477,49,0.16666666666666666,50.5050505050505,,18.367346938775512
D_Broader_Pool,806694,msmarco_passage_14_555871670,47,0.14285714285714285,49.494949494949495,,8.51063829787234
D_Broader_Pool,806694,msmarco_passage_68_788384320,49,0.16666666666666666,48.484848484848484,,22.448979591836736
D_Broader_Pool,806694,msmarco_passage_68_780411381,34,0.16129032258064516,47.47474747474747,,8.823529411764707
D_Broader_Pool,806694,msmarco_passage_03_656417557,43,0.23333333333333334,46.464646464646464,,13.953488372093023
D_Broader_Pool,806694,msmarco_passage_68_784631880,52,0.16279069767441862,45.45454545454546,,19.23076923076923
D_Broader_Pool,806694,msmarco_passage_68_788811305,51,0.13636363636363635,44.44444444444444,,19.607843137254903
D_Broader_Pool,806694,msmarco_passage_35_352619657,36,0.13513513513513514,43.43434343434344,,13.88888888888889
D_Broader_Pool,806694,msmarco_passage_03_465738343,36,0.13513513513513514,42.42424242424242,,13.88888888888889
D_Broader_Pool,806694,msmarco_passage_68_794618037,50,0.16666666666666666,41.41414141414141,,20.0
D_Broader_Pool,806694,msmarco_passage_68_776717415,80,0.12280701754385964,40.40404040404041,,25.0
D_Broader_Pool,806694,msmarco_passage_03_862598129,35,0.1,39.39393939393939,,2.857142857142857
D_Broader_Pool,806694,msmarco_passage_68_795688487,23,0.24,38.38383838383839,,30.434782608695652
D_Broader_Pool,806694,msmarco_passage_68_791781022,53,0.1590909090909091,37.37373737373737,,20.754716981132077
D_Broader_Pool,806694,msmarco_passage_36_448485190,42,0.14285714285714285,36.36363636363637,,9.523809523809524
D_Broader_Pool,806694,msmarco_passage_03_642376901,42,0.14285714285714285,35.35353535353535,,9.523809523809524
D_Broader_Pool,806694,msmarco_passage_39_255871588,57,0.21428571428571427,34.34343434343434,,14.035087719298245
D_Broader_Pool,806694,msmarco_passage_03_465739494,35,0.1388888888888889,33.333333333333336,,11.428571428571429
D_Broader_Pool,806694,msmarco_passage_35_352620811,35,0.1388888888888889,32.32323232323232,,11.428571428571429
D_Broader_Pool,806694,msmarco_passage_37_418983639,50,0.13333333333333333,31.313131313131315,,26.0
D_Broader_Pool,806694,msmarco_passage_62_620744011,50,0.20512820512820512,30.303030303030297,,12.0
D_Broader_Pool,806694,msmarco_passage_68_795627685,23,0.24,29.292929292929294,,26.08695652173913
D_Broader_Pool,806694,msmarco_passage_68_795501345,23,0.24,28.282828282828287,,30.434782608695652
D_Broader_Pool,806694,msmarco_passage_29_873298888,47,0.21875,27.27272727272727,,19.148936170212767
D_Broader_Pool,806694,msmarco_passage_38_804648034,48,0.15555555555555556,26.262626262626267,,12.5
D_Broader_Pool,806694,msmarco_passage_42_686818900,71,0.20930232558139536,25.25252525252525,,19.718309859154928
D_Broader_Pool,806694,msmarco_passage_53_247629986,40,0.21621621621621623,24.242424242424242,,10.0
D_Broader_Pool,806694,msmarco_passage_05_132005397,43,0.21212121212121213,23.23232323232324,,16.27906976744186
D_Broader_Pool,806694,msmarco_passage_35_632346157,57,0.21951219512195122,22.22222222222222,,12.280701754385966
D_Broader_Pool,806694,msmarco_passage_57_466343308,37,0.25,21.212121212121215,,21.62162162162162
D_Broader_Pool,806694,msmarco_passage_42_788420254,41,0.125,20.2020202020202,,0.0
D_Broader_Pool,806694,msmarco_passage_04_753333706,24,0.32,19.191919191919194,,4.166666666666667
D_Broader_Pool,806694,msmarco_passage_57_470537665,33,0.2692307692307692,18.181818181818176,,24.242424242424242
D_Broader_Pool,806694,msmarco_passage_06_23250072,53,0.16666666666666666,17.17171717171717,,1.8867924528301887
D_Broader_Pool,806694,msmarco_passage_03_651440409,47,0.13636363636363635,16.161616161616166,,14.893617021276595
D_Broader_Pool,806694,msmarco_passage_28_774439194,41,0.18421052631578946,15.151515151515149,,24.390243902439025
D_Broader_Pool,806694,msmarco_passage_57_466352700,39,0.2413793103448276,14.141414141414144,,20.512820512820515
D_Broader_Pool,806694,msmarco_passage_46_646798418,43,0.20689655172413793,13.131313131313128,,11.627906976744185
D_Broader_Pool,806694,msmarco_passage_03_640979692,52,0.16279069767441862,12.121212121212121,,17.307692307692307
D_Broader_Pool,806694,msmarco_passage_57_470556789,33,0.2692307692307692,11.111111111111116,,24.242424242424242
D_Broader_Pool,806694,msmarco_passage_57_470576128,33,0.2692307692307692,10.1010101010101,,24.242424242424242
D_Broader_Pool,806694,msmarco_passage_38_746482247,58,0.2571428571428571,9.090909090909093,,13.793103448275861
D_Broader_Pool,806694,msmarco_passage_03_652966712,42,0.18181818181818182,8.080808080808078,,26.19047619047619
D_Broader_Pool,806694,msmarco_passage_36_473870695,42,0.18181818181818182,7.070707070707072,,26.19047619047619
D_Broader_Pool,806694,msmarco_passage_10_516151272,51,0.18604651162790697,6.060606060606055,,7.8431372549019605
D_Broader_Pool,806694,msmarco_passage_65_682759784,51,0.18604651162790697,5.05050505050505,,7.8431372549019605
D_Broader_Pool,806694,msmarco_passage_65_684848687,51,0.18604651162790697,4.040404040404044,,7.8431372549019605
D_Broader_Pool,806694,msmarco_passage_26_803567922,32,0.27586206896551724,3.0303030303030276,,15.625
D_Broader_Pool,806694,msmarco_passage_45_425273638,58,0.25,2.020202020202022,,10.344827586206897
D_Broader_Pool,806694,msmarco_passage_05_214372617,44,0.14285714285714285,1.0101010101010055,,13.636363636363637
D_Broader_Pool,806694,msmarco_passage_03_437154425,48,0.11627906976744186,0.0,,8.333333333333334
D_Broader_Pool,818583,msmarco_passage_38_498013421,49,0.2903225806451613,100.0,,6.122448979591836
D_Broader_Pool,818583,msmarco_passage_14_602333503,53,0.22580645161290322,98.98989898989899,,11.320754716981131
D_Broader_Pool,818583,msmarco_passage_14_602257483,45,0.13513513513513514,97.97979797979798,,6.666666666666667
D_Broader_Pool,818583,msmarco_passage_03_488686530,45,0.13513513513513514,96.96969696969697,,6.666666666666667
D_Broader_Pool,818583,msmarco_passage_38_492156110,55,0.1891891891891892,95.95959595959596,,10.909090909090908
D_Broader_Pool,818583,msmarco_passage_38_494079979,64,0.14285714285714285,94.94949494949495,,10.9375
D_Broader_Pool,818583,msmarco_passage_44_757711640,65,0.19047619047619047,93.93939393939394,,9.23076923076923
D_Broader_Pool,818583,msmarco_passage_07_548630868,61,0.19047619047619047,92.92929292929293,,9.836065573770492
D_Broader_Pool,818583,msmarco_passage_44_757676816,46,0.2857142857142857,91.91919191919192,,13.043478260869565
D_Broader_Pool,818583,msmarco_passage_38_494078439,46,0.18421052631578946,90.9090909090909,,8.695652173913043
D_Broader_Pool,818583,msmarco_passage_38_492112529,56,0.16216216216216217,89.8989898989899,,7.142857142857143
D_Broader_Pool,818583,msmarco_passage_53_190034564,56,0.16216216216216217,88.88888888888889,,7.142857142857143
D_Broader_Pool,818583,msmarco_passage_53_190023249,56,0.16216216216216217,87.87878787878788,,7.142857142857143
D_Broader_Pool,818583,msmarco_passage_04_167143329,46,0.36,86.86868686868688,,6.521739130434782
D_Broader_Pool,818583,msmarco_passage_38_494073483,67,0.18604651162790697,85.85858585858585,,11.940298507462687
D_Broader_Pool,818583,msmarco_passage_52_22501514,74,0.16326530612244897,84.84848484848484,,10.81081081081081
D_Broader_Pool,818583,msmarco_passage_14_610010417,51,0.1388888888888889,83.83838383838383,,5.882352941176471
D_Broader_Pool,818583,msmarco_passage_38_486658568,64,0.11904761904761904,82.82828282828282,,12.5
D_Broader_Pool,818583,msmarco_passage_62_780881596,60,0.15555555555555556,81.81818181818181,,6.666666666666667
D_Broader_Pool,818583,msmarco_passage_38_494077936,61,0.13636363636363635,80.8080808080808,,11.475409836065573
D_Broader_Pool,818583,msmarco_passage_08_420333788,34,0.14285714285714285,79.7979797979798,,23.529411764705884
D_Broader_Pool,818583,msmarco_passage_04_218845177,44,0.25925925925925924,78.78787878787878,,18.181818181818183
D_Broader_Pool,818583,msmarco_passage_40_759639939,52,0.13636363636363635,77.77777777777779,,3.8461538461538463
D_Broader_Pool,818583,msmarco_passage_08_420334635,36,0.13636363636363635,76.76767676767678,,16.666666666666668
D_Broader_Pool,818583,msmarco_passage_10_395989592,52,0.1951219512195122,75.75757575757575,,13.461538461538462
D_Broader_Pool,818583,msmarco_passage_08_420334995,42,0.13636363636363635,74.74747474747474,,16.666666666666668
D_Broader_Pool,818583,msmarco_passage_40_753559079,49,0.13513513513513514,73.73737373737373,,6.122448979591836
D_Broader_Pool,818583,msmarco_passage_08_420334145,54,0.1111111111111111,72.72727272727273,,18.51851851851852
D_Broader_Pool,818583,msmarco_passage_07_548584718,80,0.0784313725490196,71.71717171717171,,8.75
D_Broader_Pool,818583,msmarco_passage_31_370951920,56,0.17647058823529413,70.70707070707071,,19.642857142857142
D_Broader_Pool,818583,msmarco_passage_02_772229848,56,0.17647058823529413,69.6969696969697,,19.642857142857142
D_Broader_Pool,818583,msmarco_passage_38_486659386,41,0.17647058823529413,68.68686868686868,,2.4390243902439024
D_Broader_Pool,818583,msmarco_passage_47_384741325,49,0.15625,67.67676767676767,,14.285714285714286
D_Broader_Pool,818583,msmarco_passage_52_22654803,76,0.16666666666666666,66.66666666666667,,9.210526315789474
D_Broader_Pool,818583,msmarco_passage_16_302325705,73,0.16666666666666666,65.65656565656566,,8.219178082191782
D_Broader_Pool,818583,msmarco_passage_07_548495555,64,0.12195121951219512,64.64646464646464,,12.5
D_Broader_Pool,818583,msmarco_passage_07_548570311,59,0.075,63.63636363636363,,15.254237288135593
D_Broader_Pool,818583,msmarco_passage_04_759194640,47,0.15151515151515152,62.62626262626263,,19.148936170212767
D_Broader_Pool,818583,msmarco_passage_40_674925296,47,0.15151515151515152,61.61616161616161,,19.148936170212767
D_Broader_Pool,818583,msmarco_passage_38_501607785,47,0.2,60.60606060606061,,12.76595744680851
D_Broader_Pool,818583,msmarco_passage_38_466398293,51,0.14705882352941177,59.5959595959596,,19.607843137254903
D_Broader_Pool,818583,msmarco_passage_40_759640917,53,0.15,58.58585858585859,,7.547169811320755
D_Broader_Pool,818583,msmarco_passage_12_671719099,54,0.2,57.57575757575757,,14.814814814814815
D_Broader_Pool,818583,msmarco_passage_44_757724887,62,0.125,56.56565656565656,,14.516129032258064
D_Broader_Pool,818583,msmarco_passage_52_22561668,39,0.19047619047619047,55.55555555555556,,5.128205128205129
D_Broader_Pool,818583,msmarco_passage_57_521698690,50,0.10714285714285714,54.54545454545454,,16.0
D_Broader_Pool,818583,msmarco_passage_38_501284466,46,0.20833333333333334,53.535353535353536,,17.391304347826086
D_Broader_Pool,818583,msmarco_passage_38_466392841,48,0.18518518518518517,52.52525252525253,,8.333333333333334
D_Broader_Pool,818583,msmarco_passage_38_500734462,46,0.20833333333333334,51.515151515151516,,8.695652173913043
D_Broader_Pool,818583,msmarco_passage_38_449962259,49,0.17647058823529413,50.5050505050505,,14.285714285714286
D_Broader_Pool,818583,msmarco_passage_05_696858873,82,0.1346153846153846,49.494949494949495,,15.853658536585366
D_Broader_Pool,818583,msmarco_passage_51_614967264,64,0.18181818181818182,48.484848484848484,,9.375
D_Broader_Pool,818583,msmarco_passage_38_449963605,54,0.15789473684210525,47.47474747474747,,16.666666666666668
D_Broader_Pool,818583,msmarco_passage_02_742069713,55,0.15,46.464646464646464,,21.818181818181817
D_Broader_Pool,818583,msmarco_passage_44_235668072,28,0.19047619047619047,45.45454545454546,,14.285714285714286
D_Broader_Pool,818583,msmarco_passage_38_449964715,44,0.17647058823529413,44.44444444444444,,15.909090909090908
D_Broader_Pool,818583,msmarco_passage_16_302326661,37,0.17857142857142858,43.43434343434344,,10.81081081081081
D_Broader_Pool,818583,msmarco_passage_38_500462039,42,0.14814814814814814,42.42424242424242,,16.666666666666668
D_Broader_Pool,818583,msmarco_passage_07_548520990,50,0.13636363636363635,41.41414141414141,,34.0
D_Broader_Pool,818583,msmarco_passage_14_602350914,52,0.18421052631578946,40.40404040404041,,15.384615384615385
D_Broader_Pool,818583,msmarco_passage_38_449967790,42,0.17647058823529413,39.39393939393939,,14.285714285714286
D_Broader_Pool,818583,msmarco_passage_38_500734858,57,0.0967741935483871,38.38383838383839,,15.789473684210526
D_Broader_Pool,818583,msmarco_passage_38_500735355,61,0.1,37.37373737373737,,19.672131147540984
D_Broader_Pool,818583,msmarco_passage_38_501608174,57,0.0967741935483871,36.36363636363637,,12.280701754385966
D_Broader_Pool,818583,msmarco_passage_38_501284867,57,0.0967741935483871,35.35353535353535,,15.789473684210526
D_Broader_Pool,818583,msmarco_passage_38_501285364,61,0.1,34.34343434343434,,19.672131147540984
D_Broader_Pool,818583,msmarco_passage_38_466396638,38,0.16666666666666666,33.333333333333336,,5.2631578947368425
D_Broader_Pool,818583,msmarco_passage_38_501608671,61,0.1,32.32323232323232,,19.672131147540984
D_Broader_Pool,818583,msmarco_passage_44_839820739,52,0.15789473684210525,31.313131313131315,,23.076923076923077
D_Broader_Pool,818583,msmarco_passage_38_501285894,60,0.10714285714285714,30.303030303030297,,18.333333333333332
D_Broader_Pool,818583,msmarco_passage_38_500735885,60,0.10714285714285714,29.292929292929294,,18.333333333333332
D_Broader_Pool,818583,msmarco_passage_07_548522498,47,0.15789473684210525,28.282828282828287,,31.914893617021278
D_Broader_Pool,818583,msmarco_passage_02_742071380,37,0.17391304347826086,27.27272727272727,,18.91891891891892
D_Broader_Pool,818583,msmarco_passage_38_501609201,60,0.10714285714285714,26.262626262626267,,16.666666666666668
D_Broader_Pool,818583,msmarco_passage_44_839817266,49,0.09375,25.25252525252525,,40.816326530612244
D_Broader_Pool,818583,msmarco_passage_38_466400849,44,0.14285714285714285,24.242424242424242,,6.818181818181818
D_Broader_Pool,818583,msmarco_passage_44_839816778,52,0.13636363636363635,23.23232323232324,,21.153846153846153
D_Broader_Pool,818583,msmarco_passage_07_548667171,52,0.1111111111111111,22.22222222222222,,30.76923076923077
D_Broader_Pool,818583,msmarco_passage_68_732594619,51,0.125,21.212121212121215,,11.764705882352942
D_Broader_Pool,818583,msmarco_passage_38_456397624,49,0.125,20.2020202020202,,16.3265306122449
D_Broader_Pool,818583,msmarco_passage_44_839817773,51,0.14285714285714285,19.191919191919194,,19.607843137254903
D_Broader_Pool,818583,msmarco_passage_44_839816355,42,0.16666666666666666,18.181818181818176,,2.380952380952381
D_Broader_Pool,818583,msmarco_passage_44_839815914,42,0.15789473684210525,17.17171717171717,,16.666666666666668
D_Broader_Pool,818583,msmarco_passage_44_839820325,42,0.1875,16.161616161616166,,14.285714285714286
D_Broader_Pool,818583,msmarco_passage_44_839819900,45,0.16666666666666666,15.151515151515149,,11.11111111111111
D_Broader_Pool,818583,msmarco_passage_44_839819111,44,0.16666666666666666,14.141414141414144,,11.363636363636363
D_Broader_Pool,818583,msmarco_passage_38_456398031,45,0.10714285714285714,13.131313131313128,,17.77777777777778
D_Broader_Pool,818583,msmarco_passage_44_839818259,44,0.15789473684210525,12.121212121212121,,4.545454545454546
D_Broader_Pool,818583,msmarco_passage_44_839821223,41,0.17647058823529413,11.111111111111116,,24.390243902439025
D_Broader_Pool,818583,msmarco_passage_52_22439633,51,0.125,10.1010101010101,,9.803921568627452
D_Broader_Pool,818583,msmarco_passage_52_22533016,44,0.13043478260869565,9.090909090909093,,20.454545454545453
D_Broader_Pool,818583,msmarco_passage_07_548577500,44,0.13043478260869565,8.080808080808078,,20.454545454545453
D_Broader_Pool,818583,msmarco_passage_44_839818684,45,0.16666666666666666,7.070707070707072,,26.666666666666668
D_Broader_Pool,818583,msmarco_passage_68_731946620,47,0.25,6.060606060606055,,8.51063829787234
D_Broader_Pool,818583,msmarco_passage_44_839819527,37,0.17647058823529413,5.05050505050505,,18.91891891891892
D_Broader_Pool,818583,msmarco_passage_44_757457798,52,0.15,4.040404040404044,,15.384615384615385
D_Broader_Pool,818583,msmarco_passage_65_26623790,47,0.17647058823529413,3.0303030303030276,,21.27659574468085
D_Broader_Pool,818583,msmarco_passage_65_26627648,47,0.17647058823529413,2.020202020202022,,21.27659574468085
D_Broader_Pool,818583,msmarco_passage_65_26631774,47,0.17647058823529413,1.0101010101010055,,21.27659574468085
D_Broader_Pool,818583,msmarco_passage_65_26635633,47,0.17647058823529413,0.0,,21.27659574468085
D_Broader_Pool,832573,msmarco_passage_24_205403578,29,0.0625,100.0,,6.896551724137931
D_Broader_Pool,832573,msmarco_passage_48_735882301,41,0.16129032258064516,98.98989898989899,,7.317073170731708
D_Broader_Pool,832573,msmarco_passage_06_762884584,41,0.16129032258064516,97.97979797979798,,7.317073170731708
D_Broader_Pool,832573,msmarco_passage_36_760432315,30,0.06060606060606061,96.96969696969697,,3.3333333333333335
D_Broader_Pool,832573,msmarco_passage_36_856824266,30,0.13636363636363635,95.95959595959596,,0.0
D_Broader_Pool,832573,msmarco_passage_20_44541310,40,0.07894736842105263,94.94949494949495,,10.0
D_Broader_Pool,832573,msmarco_passage_66_363021488,48,0.046511627906976744,93.93939393939394,,12.5
D_Broader_Pool,832573,msmarco_passage_24_205383441,66,0.09302325581395349,92.92929292929293,,3.0303030303030303
D_Broader_Pool,832573,msmarco_passage_24_205385166,47,0.10256410256410256,91.91919191919192,,4.25531914893617
D_Broader_Pool,832573,msmarco_passage_44_616052972,54,0.08695652173913043,90.9090909090909,,12.962962962962964
D_Broader_Pool,832573,msmarco_passage_06_3269926,54,0.08695652173913043,89.8989898989899,,12.962962962962964
D_Broader_Pool,832573,msmarco_passage_08_248391751,55,0.1111111111111111,88.88888888888889,,1.8181818181818181
D_Broader_Pool,832573,msmarco_passage_27_612382169,18,0.14285714285714285,87.87878787878788,,0.0
D_Broader_Pool,832573,msmarco_passage_27_612379643,50,0.08695652173913043,86.86868686868688,,0.0
D_Broader_Pool,832573,msmarco_passage_51_506906596,58,0.0625,85.85858585858585,,13.793103448275861
D_Broader_Pool,832573,msmarco_passage_36_856824989,18,0.11764705882352941,84.84848484848484,,11.11111111111111
D_Broader_Pool,832573,msmarco_passage_48_735874891,65,0.08333333333333333,83.83838383838383,,4.615384615384615
D_Broader_Pool,832573,msmarco_passage_06_762877157,65,0.08333333333333333,82.82828282828282,,4.615384615384615
D_Broader_Pool,832573,msmarco_passage_57_172131245,58,0.10416666666666667,81.81818181818181,,13.793103448275861
D_Broader_Pool,832573,msmarco_passage_57_172100580,58,0.10416666666666667,80.8080808080808,,13.793103448275861
D_Broader_Pool,832573,msmarco_passage_44_615851504,37,0.12903225806451613,79.7979797979798,,2.7027027027027026
D_Broader_Pool,832573,msmarco_passage_06_3120005,37,0.12903225806451613,78.78787878787878,,2.7027027027027026
D_Broader_Pool,832573,msmarco_passage_38_599241550,44,0.08571428571428572,77.77777777777779,,11.363636363636363
D_Broader_Pool,832573,msmarco_passage_00_273235767,44,0.08571428571428572,76.76767676767678,,11.363636363636363
D_Broader_Pool,832573,msmarco_passage_66_87612642,55,0.08333333333333333,75.75757575757575,,20.0
D_Broader_Pool,832573,msmarco_passage_36_856825277,51,0.09090909090909091,74.74747474747474,,3.9215686274509802
D_Broader_Pool,832573,msmarco_passage_04_652472890,55,0.1388888888888889,73.73737373737373,,3.6363636363636362
D_Broader_Pool,832573,msmarco_passage_24_205386715,46,0.07692307692307693,72.72727272727273,,2.1739130434782608
D_Broader_Pool,832573,msmarco_passage_48_867940102,28,0.1111111111111111,71.71717171717171,,17.857142857142858
D_Broader_Pool,832573,msmarco_passage_06_775887422,28,0.1111111111111111,70.70707070707071,,17.857142857142858
D_Broader_Pool,832573,msmarco_passage_21_672500165,47,0.10256410256410256,69.6969696969697,,4.25531914893617
D_Broader_Pool,832573,msmarco_passage_20_25229508,47,0.10256410256410256,68.68686868686868,,4.25531914893617
D_Broader_Pool,832573,msmarco_passage_44_615977775,56,0.1111111111111111,67.67676767676767,,8.928571428571429
D_Broader_Pool,832573,msmarco_passage_00_58855961,20,0.08333333333333333,66.66666666666667,,15.0
D_Broader_Pool,832573,msmarco_passage_24_205389529,79,0.08,65.65656565656566,,7.594936708860759
D_Broader_Pool,832573,msmarco_passage_20_25229117,35,0.02631578947368421,64.64646464646464,,5.714285714285714
D_Broader_Pool,832573,msmarco_passage_21_672499771,35,0.02631578947368421,63.63636363636363,,5.714285714285714
D_Broader_Pool,832573,msmarco_passage_24_205387559,79,0.07692307692307693,62.62626262626263,,5.063291139240507
D_Broader_Pool,832573,msmarco_passage_51_127383170,36,0.08,61.61616161616161,,5.555555555555555
D_Broader_Pool,832573,msmarco_passage_36_856825738,53,0.06976744186046512,60.60606060606061,,0.0
D_Broader_Pool,832573,msmarco_passage_06_762881318,36,0.06060606060606061,59.5959595959596,,2.7777777777777777
D_Broader_Pool,832573,msmarco_passage_48_735879043,36,0.06060606060606061,58.58585858585859,,2.7777777777777777
D_Broader_Pool,832573,msmarco_passage_38_599104239,57,0.10526315789473684,57.57575757575757,,12.280701754385966
D_Broader_Pool,832573,msmarco_passage_32_587653705,34,0.029411764705882353,56.56565656565656,,2.9411764705882355
D_Broader_Pool,832573,msmarco_passage_24_203994696,47,0.07692307692307693,55.55555555555556,,6.382978723404255
D_Broader_Pool,832573,msmarco_passage_48_735877106,54,0.1111111111111111,54.54545454545454,,0.0
D_Broader_Pool,832573,msmarco_passage_06_762879377,54,0.1111111111111111,53.535353535353536,,0.0
D_Broader_Pool,832573,msmarco_passage_26_384257416,46,0.07894736842105263,52.52525252525253,,6.521739130434782
D_Broader_Pool,832573,msmarco_passage_26_384265692,46,0.07894736842105263,51.515151515151516,,6.521739130434782
D_Broader_Pool,832573,msmarco_passage_26_384249140,46,0.07894736842105263,50.5050505050505,,6.521739130434782
D_Broader_Pool,832573,msmarco_passage_51_860235163,46,0.07894736842105263,49.494949494949495,,6.521739130434782
D_Broader_Pool,832573,msmarco_passage_26_384273968,46,0.07894736842105263,48.484848484848484,,6.521739130434782
D_Broader_Pool,832573,msmarco_passage_26_377021482,46,0.07894736842105263,47.47474747474747,,6.521739130434782
D_Broader_Pool,832573,msmarco_passage_53_363899411,23,0.047619047619047616,46.464646464646464,,26.08695652173913
D_Broader_Pool,832573,msmarco_passage_24_205392445,29,0.03125,45.45454545454546,,10.344827586206897
D_Broader_Pool,832573,msmarco_passage_02_98991136,35,0.08695652173913043,44.44444444444444,,31.428571428571427
D_Broader_Pool,832573,msmarco_passage_27_99103483,35,0.08695652173913043,43.43434343434344,,31.428571428571427
D_Broader_Pool,832573,msmarco_passage_04_289508824,35,0.08695652173913043,42.42424242424242,,31.428571428571427
D_Broader_Pool,832573,msmarco_passage_04_652474540,50,0.1,41.41414141414141,,6.0
D_Broader_Pool,832573,msmarco_passage_48_735880289,57,0.07142857142857142,40.40404040404041,,1.7543859649122806
D_Broader_Pool,832573,msmarco_passage_06_762882567,57,0.07142857142857142,39.39393939393939,,1.7543859649122806
D_Broader_Pool,832573,msmarco_passage_02_205350403,18,0.09523809523809523,38.38383838383839,,11.11111111111111
D_Broader_Pool,832573,msmarco_passage_27_490315787,18,0.09523809523809523,37.37373737373737,,11.11111111111111
D_Broader_Pool,832573,msmarco_passage_51_127297458,31,0.0,36.36363636363637,,3.225806451612903
D_Broader_Pool,832573,msmarco_passage_59_207803404,51,0.08695652173913043,35.35353535353535,,3.9215686274509802
D_Broader_Pool,832573,msmarco_passage_51_127292451,36,0.08,34.34343434343434,,5.555555555555555
D_Broader_Pool,832573,msmarco_passage_53_363897370,32,0.09375,33.333333333333336,,0.0
D_Broader_Pool,832573,msmarco_passage_27_623967352,38,0.030303030303030304,32.32323232323232,,18.42105263157895
D_Broader_Pool,832573,msmarco_passage_24_208574459,64,0.08,31.313131313131315,,9.375
D_Broader_Pool,832573,msmarco_passage_28_571614889,39,0.043478260869565216,30.303030303030297,,10.256410256410257
D_Broader_Pool,832573,msmarco_passage_23_363993876,36,0.0,29.292929292929294,,19.444444444444443
D_Broader_Pool,832573,msmarco_passage_26_385068019,39,0.02631578947368421,28.282828282828287,,7.6923076923076925
D_Broader_Pool,832573,msmarco_passage_26_377390633,39,0.02631578947368421,27.27272727272727,,7.6923076923076925
D_Broader_Pool,832573,msmarco_passage_26_385078112,39,0.02631578947368421,26.262626262626267,,7.6923076923076925
D_Broader_Pool,832573,msmarco_passage_51_860430699,39,0.02631578947368421,25.25252525252525,,7.6923076923076925
D_Broader_Pool,832573,msmarco_passage_30_462530638,39,0.02631578947368421,24.242424242424242,,10.256410256410257
D_Broader_Pool,832573,msmarco_passage_24_208567325,54,0.047619047619047616,23.23232323232324,,14.814814814814815
D_Broader_Pool,832573,msmarco_passage_53_364301634,69,0.08695652173913043,22.22222222222222,,7.246376811594203
D_Broader_Pool,832573,msmarco_passage_08_31191600,69,0.08695652173913043,21.212121212121215,,7.246376811594203
D_Broader_Pool,832573,msmarco_passage_53_362876000,69,0.08695652173913043,20.2020202020202,,7.246376811594203
D_Broader_Pool,832573,msmarco_passage_04_652471715,35,0.0967741935483871,19.191919191919194,,0.0
D_Broader_Pool,832573,msmarco_passage_35_589599099,49,0.125,18.181818181818176,,6.122448979591836
D_Broader_Pool,832573,msmarco_passage_06_762882160,44,0.05555555555555555,17.17171717171717,,0.0
D_Broader_Pool,832573,msmarco_passage_48_735879883,44,0.05555555555555555,16.161616161616166,,0.0
D_Broader_Pool,832573,msmarco_passage_27_619016982,34,0.0,15.151515151515149,,14.705882352941176
D_Broader_Pool,832573,msmarco_passage_27_623966954,46,0.1111111111111111,14.141414141414144,,2.1739130434782608
D_Broader_Pool,832573,msmarco_passage_53_364308385,64,0.0392156862745098,13.131313131313128,,14.0625
D_Broader_Pool,832573,msmarco_passage_53_362882751,64,0.0392156862745098,12.121212121212121,,14.0625
D_Broader_Pool,832573,msmarco_passage_04_652471247,54,0.04878048780487805,11.111111111111116,,0.0
D_Broader_Pool,832573,msmarco_passage_28_571616275,42,0.10526315789473684,10.1010101010101,,0.0
D_Broader_Pool,832573,msmarco_passage_06_771703068,56,0.1282051282051282,9.090909090909093,,5.357142857142857
D_Broader_Pool,832573,msmarco_passage_44_330342456,42,0.08571428571428572,8.080808080808078,,4.761904761904762
D_Broader_Pool,832573,msmarco_passage_17_34876603,42,0.08571428571428572,7.070707070707072,,4.761904761904762
D_Broader_Pool,832573,msmarco_passage_44_615956648,44,0.05405405405405406,6.060606060606055,,6.818181818181818
D_Broader_Pool,832573,msmarco_passage_28_571615341,31,0.0625,5.05050505050505,,0.0
D_Broader_Pool,832573,msmarco_passage_57_172092194,46,0.125,4.040404040404044,,8.695652173913043
D_Broader_Pool,832573,msmarco_passage_57_172123361,46,0.125,3.0303030303030276,,8.695652173913043
D_Broader_Pool,832573,msmarco_passage_25_311246181,30,0.08,2.020202020202022,,3.3333333333333335
D_Broader_Pool,832573,msmarco_passage_24_205394914,29,0.0,1.0101010101010055,,3.4482758620689653
D_Broader_Pool,832573,msmarco_passage_57_172200900,43,0.08108108108108109,0.0,,9.30232558139535
D_Broader_Pool,835760,msmarco_passage_15_588172240,48,0.16216216216216217,100.0,,4.166666666666667
D_Broader_Pool,835760,msmarco_passage_29_482632351,34,0.21428571428571427,98.98989898989899,,5.882352941176471
D_Broader_Pool,835760,msmarco_passage_04_156883639,67,0.2631578947368421,97.97979797979798,,1.492537313432836
D_Broader_Pool,835760,msmarco_passage_28_781805823,51,0.1794871794871795,96.96969696969697,,5.882352941176471
D_Broader_Pool,835760,msmarco_passage_22_465100299,46,0.22580645161290322,95.95959595959596,,2.1739130434782608
D_Broader_Pool,835760,msmarco_passage_12_833050844,45,0.14285714285714285,94.94949494949495,,4.444444444444445
D_Broader_Pool,835760,msmarco_passage_46_424085011,54,0.1794871794871795,93.93939393939394,,0.0
D_Broader_Pool,835760,msmarco_passage_08_787082193,47,0.20588235294117646,92.92929292929293,,4.25531914893617
D_Broader_Pool,835760,msmarco_passage_08_318648522,43,0.25925925925925924,91.91919191919192,,0.0
D_Broader_Pool,835760,msmarco_passage_30_848266581,56,0.16666666666666666,90.9090909090909,,1.7857142857142858
D_Broader_Pool,835760,msmarco_passage_15_603451720,44,0.16216216216216217,89.8989898989899,,6.818181818181818
D_Broader_Pool,835760,msmarco_passage_15_564171045,44,0.16216216216216217,88.88888888888889,,6.818181818181818
D_Broader_Pool,835760,msmarco_passage_60_814093193,69,0.17073170731707318,87.87878787878788,,1.4492753623188406
D_Broader_Pool,835760,msmarco_passage_24_223806817,65,0.15217391304347827,86.86868686868688,,1.5384615384615385
D_Broader_Pool,835760,msmarco_passage_22_465101587,41,0.14705882352941177,85.85858585858585,,9.75609756097561
D_Broader_Pool,835760,msmarco_passage_44_589654351,36,0.1875,84.84848484848484,,0.0
D_Broader_Pool,835760,msmarco_passage_04_156884151,61,0.18181818181818182,83.83838383838383,,4.918032786885246
D_Broader_Pool,835760,msmarco_passage_30_646808423,52,0.14285714285714285,82.82828282828282,,1.9230769230769231
D_Broader_Pool,835760,msmarco_passage_01_156766438,52,0.18421052631578946,81.81818181818181,,9.615384615384615
D_Broader_Pool,835760,msmarco_passage_02_229034087,56,0.10869565217391304,80.8080808080808,,10.714285714285714
D_Broader_Pool,835760,msmarco_passage_27_516158708,56,0.10869565217391304,79.7979797979798,,10.714285714285714
D_Broader_Pool,835760,msmarco_passage_02_230563351,58,0.10416666666666667,78.78787878787878,,12.068965517241379
D_Broader_Pool,835760,msmarco_passage_27_516165286,58,0.10416666666666667,77.77777777777779,,12.068965517241379
D_Broader_Pool,835760,msmarco_passage_28_789430552,45,0.1891891891891892,76.76767676767678,,2.2222222222222223
D_Broader_Pool,835760,msmarco_passage_58_363814381,45,0.16666666666666666,75.75757575757575,,4.444444444444445
D_Broader_Pool,835760,msmarco_passage_64_587780076,45,0.16666666666666666,74.74747474747474,,4.444444444444445
D_Broader_Pool,835760,msmarco_passage_03_406876512,45,0.16666666666666666,73.73737373737373,,4.444444444444445
D_Broader_Pool,835760,msmarco_passage_02_230565823,41,0.1875,72.72727272727273,,17.073170731707318
D_Broader_Pool,835760,msmarco_passage_01_156757005,67,0.12,71.71717171717171,,5.970149253731344
D_Broader_Pool,835760,msmarco_passage_60_157085187,52,0.175,70.70707070707071,,0.0
D_Broader_Pool,835760,msmarco_passage_30_610562030,49,0.17142857142857143,69.6969696969697,,10.204081632653061
D_Broader_Pool,835760,msmarco_passage_51_275797742,50,0.17647058823529413,68.68686868686868,,2.0
D_Broader_Pool,835760,msmarco_passage_07_409144511,50,0.17647058823529413,67.67676767676767,,2.0
D_Broader_Pool,835760,msmarco_passage_29_164262160,53,0.14634146341463414,66.66666666666667,,3.7735849056603774
D_Broader_Pool,835760,msmarco_passage_21_699341642,39,0.16666666666666666,65.65656565656566,,10.256410256410257
D_Broader_Pool,835760,msmarco_passage_21_362250737,39,0.16666666666666666,64.64646464646464,,10.256410256410257
D_Broader_Pool,835760,msmarco_passage_67_816726896,54,0.16666666666666666,63.63636363636363,,0.0
D_Broader_Pool,835760,msmarco_passage_22_465099929,38,0.25,62.62626262626263,,2.6315789473684212
D_Broader_Pool,835760,msmarco_passage_01_156762605,77,0.10344827586206896,61.61616161616161,,11.688311688311689
D_Broader_Pool,835760,msmarco_passage_51_275788154,42,0.16216216216216217,60.60606060606061,,2.380952380952381
D_Broader_Pool,835760,msmarco_passage_07_409124963,42,0.16216216216216217,59.5959595959596,,2.380952380952381
D_Broader_Pool,835760,msmarco_passage_25_809072484,42,0.16216216216216217,58.58585858585859,,2.380952380952381
D_Broader_Pool,835760,msmarco_passage_05_517223372,35,0.2,57.57575757575757,,5.714285714285714
D_Broader_Pool,835760,msmarco_passage_25_809064713,42,0.16216216216216217,56.56565656565656,,2.380952380952381
D_Broader_Pool,835760,msmarco_passage_51_275780383,42,0.16216216216216217,55.55555555555556,,2.380952380952381
D_Broader_Pool,835760,msmarco_passage_07_409117210,42,0.16216216216216217,54.54545454545454,,2.380952380952381
D_Broader_Pool,835760,msmarco_passage_00_825433416,51,0.175,53.535353535353536,,0.0
D_Broader_Pool,835760,msmarco_passage_10_618455500,44,0.1388888888888889,52.52525252525253,,2.272727272727273
D_Broader_Pool,835760,msmarco_passage_22_218953299,51,0.1891891891891892,51.515151515151516,,3.9215686274509802
D_Broader_Pool,835760,msmarco_passage_25_117780954,53,0.13636363636363635,50.5050505050505,,0.0
D_Broader_Pool,835760,msmarco_passage_42_533042728,34,0.15151515151515152,49.494949494949495,,8.823529411764707
D_Broader_Pool,835760,msmarco_passage_13_410111776,57,0.15384615384615385,48.484848484848484,,0.0
D_Broader_Pool,835760,msmarco_passage_50_584731426,53,0.09302325581395349,47.47474747474747,,0.0
D_Broader_Pool,835760,msmarco_passage_27_221421544,53,0.11904761904761904,46.464646464646464,,1.8867924528301887
D_Broader_Pool,835760,msmarco_passage_02_116371085,53,0.11904761904761904,45.45454545454546,,1.8867924528301887
D_Broader_Pool,835760,msmarco_passage_03_866915177,42,0.23076923076923078,44.44444444444444,,9.523809523809524
D_Broader_Pool,835760,msmarco_passage_00_839984182,50,0.17142857142857143,43.43434343434344,,2.0
D_Broader_Pool,835760,msmarco_passage_48_634008474,43,0.15789473684210525,42.42424242424242,,6.976744186046512
D_Broader_Pool,835760,msmarco_passage_06_745588187,43,0.15789473684210525,41.41414141414141,,6.976744186046512
D_Broader_Pool,835760,msmarco_passage_03_831382301,46,0.125,40.40404040404041,,4.3478260869565215
D_Broader_Pool,835760,msmarco_passage_60_179381844,70,0.13333333333333333,39.39393939393939,,1.4285714285714286
D_Broader_Pool,835760,msmarco_passage_06_748705661,45,0.15384615384615385,38.38383838383839,,6.666666666666667
D_Broader_Pool,835760,msmarco_passage_48_641399700,45,0.15384615384615385,37.37373737373737,,6.666666666666667
D_Broader_Pool,835760,msmarco_passage_39_830489156,45,0.17142857142857143,36.36363636363637,,0.0
D_Broader_Pool,835760,msmarco_passage_56_847733738,35,0.21212121212121213,35.35353535353535,,0.0
D_Broader_Pool,835760,msmarco_passage_57_246171894,41,0.12903225806451613,34.34343434343434,,7.317073170731708
D_Broader_Pool,835760,msmarco_passage_47_263266979,52,0.11363636363636363,33.333333333333336,,5.769230769230769
D_Broader_Pool,835760,msmarco_passage_21_795825654,49,0.13513513513513514,32.32323232323232,,4.081632653061225
D_Broader_Pool,835760,msmarco_passage_04_170006407,40,0.25925925925925924,31.313131313131315,,5.0
D_Broader_Pool,835760,msmarco_passage_44_622015214,67,0.1282051282051282,30.303030303030297,,4.477611940298507
D_Broader_Pool,835760,msmarco_passage_11_719058628,54,0.14285714285714285,29.292929292929294,,1.8518518518518519
D_Broader_Pool,835760,msmarco_passage_36_84587885,54,0.17647058823529413,28.282828282828287,,9.25925925925926
D_Broader_Pool,835760,msmarco_passage_07_33411099,53,0.09090909090909091,27.27272727272727,,5.660377358490566
D_Broader_Pool,835760,msmarco_passage_37_829117029,52,0.07317073170731707,26.262626262626267,,9.615384615384615
D_Broader_Pool,835760,msmarco_passage_46_385397644,51,0.19444444444444445,25.25252525252525,,0.0
D_Broader_Pool,835760,msmarco_passage_59_54251071,53,0.14285714285714285,24.242424242424242,,5.660377358490566
D_Broader_Pool,835760,msmarco_passage_14_394205065,45,0.17647058823529413,23.23232323232324,,6.666666666666667
D_Broader_Pool,835760,msmarco_passage_53_284215612,49,0.125,22.22222222222222,,2.0408163265306123
D_Broader_Pool,835760,msmarco_passage_08_632679871,46,0.16666666666666666,21.212121212121215,,0.0
D_Broader_Pool,835760,msmarco_passage_56_106421097,46,0.16666666666666666,20.2020202020202,,0.0
D_Broader_Pool,835760,msmarco_passage_42_770740658,60,0.16666666666666666,19.191919191919194,,13.333333333333334
D_Broader_Pool,835760,msmarco_passage_30_612156039,49,0.2222222222222222,18.181818181818176,,10.204081632653061
D_Broader_Pool,835760,msmarco_passage_47_582374335,41,0.14705882352941177,17.17171717171717,,2.4390243902439024
D_Broader_Pool,835760,msmarco_passage_65_731158057,40,0.16,16.161616161616166,,0.0
D_Broader_Pool,835760,msmarco_passage_65_101286616,51,0.18181818181818182,15.151515151515149,,3.9215686274509802
D_Broader_Pool,835760,msmarco_passage_43_561295484,45,0.2413793103448276,14.141414141414144,,8.88888888888889
D_Broader_Pool,835760,msmarco_passage_30_606641773,59,0.20689655172413793,13.131313131313128,,6.779661016949152
D_Broader_Pool,835760,msmarco_passage_07_158511520,46,0.15625,12.121212121212121,,6.521739130434782
D_Broader_Pool,835760,msmarco_passage_30_606640914,61,0.1875,11.111111111111116,,6.557377049180328
D_Broader_Pool,835760,msmarco_passage_14_386769605,46,0.14814814814814814,10.1010101010101,,2.1739130434782608
D_Broader_Pool,835760,msmarco_passage_18_421501279,53,0.08695652173913043,9.090909090909093,,5.660377358490566
D_Broader_Pool,835760,msmarco_passage_21_280330378,53,0.08695652173913043,8.080808080808078,,5.660377358490566
D_Broader_Pool,835760,msmarco_passage_21_359974781,53,0.08695652173913043,7.070707070707072,,5.660377358490566
D_Broader_Pool,835760,msmarco_passage_21_360139853,53,0.08695652173913043,6.060606060606055,,5.660377358490566
D_Broader_Pool,835760,msmarco_passage_21_360251178,53,0.08695652173913043,5.05050505050505,,5.660377358490566
D_Broader_Pool,835760,msmarco_passage_32_198437990,58,0.11363636363636363,4.040404040404044,,6.896551724137931
D_Broader_Pool,835760,msmarco_passage_54_345737584,31,0.08823529411764706,3.0303030303030276,,19.35483870967742
D_Broader_Pool,835760,msmarco_passage_24_317909889,63,0.0975609756097561,2.020202020202022,,6.349206349206349
D_Broader_Pool,835760,msmarco_passage_04_202842906,48,0.1111111111111111,1.0101010101010055,,18.75
D_Broader_Pool,835760,msmarco_passage_63_806462725,37,0.1388888888888889,0.0,,10.81081081081081
D_Broader_Pool,845121,msmarco_passage_18_309798117,46,0.19444444444444445,100.0,,8.695652173913043
D_Broader_Pool,845121,msmarco_passage_52_246108062,44,0.23333333333333334,98.98989898989899,,13.636363636363637
D_Broader_Pool,845121,msmarco_passage_34_59598021,40,0.2222222222222222,97.97979797979798,,12.5
D_Broader_Pool,845121,msmarco_passage_01_649801203,40,0.24,96.96969696969697,,17.5
D_Broader_Pool,845121,msmarco_passage_39_391065769,54,0.175,95.95959595959596,,11.11111111111111
D_Broader_Pool,845121,msmarco_passage_14_661014156,40,0.23333333333333334,94.94949494949495,,2.5
D_Broader_Pool,845121,msmarco_passage_16_135625020,49,0.15384615384615385,93.93939393939394,,10.204081632653061
D_Broader_Pool,845121,msmarco_passage_06_611756102,51,0.15384615384615385,92.92929292929293,,7.8431372549019605
D_Broader_Pool,845121,msmarco_passage_34_450950632,38,0.1724137931034483,91.91919191919192,,7.894736842105263
D_Broader_Pool,845121,msmarco_passage_45_155033601,56,0.19444444444444445,90.9090909090909,,10.714285714285714
D_Broader_Pool,845121,msmarco_passage_61_674420170,52,0.17142857142857143,89.8989898989899,,13.461538461538462
D_Broader_Pool,845121,msmarco_passage_63_597359901,34,0.25925925925925924,88.88888888888889,,14.705882352941176
D_Broader_Pool,845121,msmarco_passage_47_85472529,54,0.20588235294117646,87.87878787878788,,11.11111111111111
D_Broader_Pool,845121,msmarco_passage_11_676755663,57,0.15555555555555556,86.86868686868688,,3.508771929824561
D_Broader_Pool,845121,msmarco_passage_20_678906337,37,0.21428571428571427,85.85858585858585,,5.405405405405405
D_Broader_Pool,845121,msmarco_passage_20_679165200,37,0.21428571428571427,84.84848484848484,,5.405405405405405
D_Broader_Pool,845121,msmarco_passage_14_656189764,85,0.1320754716981132,83.83838383838383,,10.588235294117647
D_Broader_Pool,845121,msmarco_passage_09_302844069,33,0.1935483870967742,82.82828282828282,,18.181818181818183
D_Broader_Pool,845121,msmarco_passage_44_523397606,51,0.17142857142857143,81.81818181818181,,9.803921568627452
D_Broader_Pool,845121,msmarco_passage_31_157852285,55,0.15,80.8080808080808,,10.909090909090908
D_Broader_Pool,845121,msmarco_passage_47_85469029,62,0.18181818181818182,79.7979797979798,,24.193548387096776
D_Broader_Pool,845121,msmarco_passage_41_20389422,51,0.16216216216216217,78.78787878787878,,17.647058823529413
D_Broader_Pool,845121,msmarco_passage_11_676890534,65,0.14634146341463414,77.77777777777779,,10.76923076923077
D_Broader_Pool,845121,msmarco_passage_64_214863454,59,0.13953488372093023,76.76767676767678,,11.864406779661017
D_Broader_Pool,845121,msmarco_passage_52_244286370,59,0.13953488372093023,75.75757575757575,,11.864406779661017
D_Broader_Pool,845121,msmarco_passage_00_507309646,59,0.13953488372093023,74.74747474747474,,11.864406779661017
D_Broader_Pool,845121,msmarco_passage_20_679172490,49,0.16216216216216217,73.73737373737373,,12.244897959183673
D_Broader_Pool,845121,msmarco_passage_63_597379033,54,0.17073170731707318,72.72727272727273,,5.555555555555555
D_Broader_Pool,845121,msmarco_passage_34_59597034,63,0.15384615384615385,71.71717171717171,,14.285714285714286
D_Broader_Pool,845121,msmarco_passage_64_214839525,32,0.24,70.70707070707071,,18.75
D_Broader_Pool,845121,msmarco_passage_52_239081496,32,0.24,69.6969696969697,,18.75
D_Broader_Pool,845121,msmarco_passage_52_244248704,32,0.24,68.68686868686868,,18.75
D_Broader_Pool,845121,msmarco_passage_40_9070969,50,0.18421052631578946,67.67676767676767,,10.0
D_Broader_Pool,845121,msmarco_passage_52_247343627,62,0.16279069767441862,66.66666666666667,,4.838709677419355
D_Broader_Pool,845121,msmarco_passage_18_167784576,69,0.14285714285714285,65.65656565656566,,8.695652173913043
D_Broader_Pool,845121,msmarco_passage_17_441857355,46,0.2,64.64646464646464,,15.217391304347826
D_Broader_Pool,845121,msmarco_passage_18_125749609,46,0.2,63.63636363636363,,15.217391304347826
D_Broader_Pool,845121,msmarco_passage_18_449954113,33,0.2916666666666667,62.62626262626263,,24.242424242424242
D_Broader_Pool,845121,msmarco_passage_22_468881411,72,0.14,61.61616161616161,,11.11111111111111
D_Broader_Pool,845121,msmarco_passage_40_168314271,26,0.2777777777777778,60.60606060606061,,15.384615384615385
D_Broader_Pool,845121,msmarco_passage_56_793379895,55,0.21052631578947367,59.5959595959596,,9.090909090909092
D_Broader_Pool,845121,msmarco_passage_18_309801056,39,0.16666666666666666,58.58585858585859,,10.256410256410257
D_Broader_Pool,845121,msmarco_passage_20_679177999,45,0.18518518518518517,57.57575757575757,,13.333333333333334
D_Broader_Pool,845121,msmarco_passage_08_349100844,50,0.26666666666666666,56.56565656565656,,12.0
D_Broader_Pool,845121,msmarco_passage_36_833322466,46,0.1794871794871795,55.55555555555556,,8.695652173913043
D_Broader_Pool,845121,msmarco_passage_03_739061665,46,0.1794871794871795,54.54545454545454,,8.695652173913043
D_Broader_Pool,845121,msmarco_passage_33_604160715,42,0.15151515151515152,53.535353535353536,,9.523809523809524
D_Broader_Pool,845121,msmarco_passage_03_250917619,42,0.15151515151515152,52.52525252525253,,9.523809523809524
D_Broader_Pool,845121,msmarco_passage_52_241829257,67,0.15384615384615385,51.515151515151516,,8.955223880597014
D_Broader_Pool,845121,msmarco_passage_20_678923762,47,0.22580645161290322,50.5050505050505,,17.02127659574468
D_Broader_Pool,845121,msmarco_passage_20_678936504,47,0.22580645161290322,49.494949494949495,,17.02127659574468
D_Broader_Pool,845121,msmarco_passage_06_166888649,36,0.18518518518518517,48.484848484848484,,22.22222222222222
D_Broader_Pool,845121,msmarco_passage_41_16670751,57,0.21621621621621623,47.47474747474747,,14.035087719298245
D_Broader_Pool,845121,msmarco_passage_17_742212399,38,0.20689655172413793,46.464646464646464,,18.42105263157895
D_Broader_Pool,845121,msmarco_passage_51_431895942,55,0.14285714285714285,45.45454545454546,,18.181818181818183
D_Broader_Pool,845121,msmarco_passage_32_201093325,53,0.19444444444444445,44.44444444444444,,13.20754716981132
D_Broader_Pool,845121,msmarco_passage_40_95606867,24,0.2631578947368421,43.43434343434344,,25.0
D_Broader_Pool,845121,msmarco_passage_18_449373822,52,0.23333333333333334,42.42424242424242,,17.307692307692307
D_Broader_Pool,845121,msmarco_passage_29_270140669,104,0.1,41.41414141414141,,5.769230769230769
D_Broader_Pool,845121,msmarco_passage_52_241838745,40,0.17857142857142858,40.40404040404041,,12.5
D_Broader_Pool,845121,msmarco_passage_52_241838234,45,0.16129032258064516,39.39393939393939,,28.88888888888889
D_Broader_Pool,845121,msmarco_passage_52_244247483,36,0.20833333333333334,38.38383838383839,,19.444444444444443
D_Broader_Pool,845121,msmarco_passage_52_244277207,60,0.15151515151515152,37.37373737373737,,25.0
D_Broader_Pool,845121,msmarco_passage_17_515256025,40,0.21428571428571427,36.36363636363637,,12.5
D_Broader_Pool,845121,msmarco_passage_19_764174797,40,0.21428571428571427,35.35353535353535,,12.5
D_Broader_Pool,845121,msmarco_passage_52_235764034,46,0.20588235294117646,34.34343434343434,,10.869565217391305
D_Broader_Pool,845121,msmarco_passage_05_692755922,39,0.21875,33.333333333333336,,17.94871794871795
D_Broader_Pool,845121,msmarco_passage_18_774527528,38,0.25,32.32323232323232,,5.2631578947368425
D_Broader_Pool,845121,msmarco_passage_29_298160224,44,0.2,31.313131313131315,,6.818181818181818
D_Broader_Pool,845121,msmarco_passage_20_619924261,48,0.14285714285714285,30.303030303030297,,8.333333333333334
D_Broader_Pool,845121,msmarco_passage_29_270141803,45,0.17142857142857143,29.292929292929294,,11.11111111111111
D_Broader_Pool,845121,msmarco_passage_06_644755029,55,0.24242424242424243,28.282828282828287,,1.8181818181818181
D_Broader_Pool,845121,msmarco_passage_03_739045538,58,0.19047619047619047,27.27272727272727,,15.517241379310345
D_Broader_Pool,845121,msmarco_passage_20_679183336,39,0.20689655172413793,26.262626262626267,,20.512820512820515
D_Broader_Pool,845121,msmarco_passage_29_28225904,38,0.16216216216216217,25.25252525252525,,18.42105263157895
D_Broader_Pool,845121,msmarco_passage_00_286849929,54,0.1891891891891892,24.242424242424242,,7.407407407407407
D_Broader_Pool,845121,msmarco_passage_68_684812623,47,0.15384615384615385,23.23232323232324,,19.148936170212767
D_Broader_Pool,845121,msmarco_passage_14_658272202,48,0.14705882352941177,22.22222222222222,,16.666666666666668
D_Broader_Pool,845121,msmarco_passage_54_677724008,44,0.16666666666666666,21.212121212121215,,9.090909090909092
D_Broader_Pool,845121,msmarco_passage_38_796348903,50,0.2692307692307692,20.2020202020202,,18.0
D_Broader_Pool,845121,msmarco_passage_39_47038497,43,0.15625,19.191919191919194,,6.976744186046512
D_Broader_Pool,845121,msmarco_passage_52_247349256,48,0.22580645161290322,18.181818181818176,,8.333333333333334
D_Broader_Pool,845121,msmarco_passage_00_506917072,36,0.2916666666666667,17.17171717171717,,13.88888888888889
D_Broader_Pool,845121,msmarco_passage_38_265248186,46,0.18181818181818182,16.161616161616166,,19.565217391304348
D_Broader_Pool,845121,msmarco_passage_52_244264788,78,0.1509433962264151,15.151515151515149,,10.256410256410257
D_Broader_Pool,845121,msmarco_passage_64_214855609,78,0.1509433962264151,14.141414141414144,,10.256410256410257
D_Broader_Pool,845121,msmarco_passage_18_167788448,45,0.20689655172413793,13.131313131313128,,24.444444444444443
D_Broader_Pool,845121,msmarco_passage_52_235767024,58,0.13953488372093023,12.121212121212121,,6.896551724137931
D_Broader_Pool,845121,msmarco_passage_49_260923818,50,0.16666666666666666,11.111111111111116,,6.0
D_Broader_Pool,845121,msmarco_passage_08_34123453,40,0.23333333333333334,10.1010101010101,,15.0
D_Broader_Pool,845121,msmarco_passage_44_459544492,71,0.12727272727272726,9.090909090909093,,11.267605633802816
D_Broader_Pool,845121,msmarco_passage_68_684811894,83,0.1,8.080808080808078,,9.63855421686747
D_Broader_Pool,845121,msmarco_passage_45_199437048,38,0.18181818181818182,7.070707070707072,,10.526315789473685
D_Broader_Pool,845121,msmarco_passage_04_588468824,64,0.06,6.060606060606055,,10.9375
D_Broader_Pool,845121,msmarco_passage_20_679182829,48,0.24,5.05050505050505,,18.75
D_Broader_Pool,845121,msmarco_passage_15_361902785,43,0.27586206896551724,4.040404040404044,,18.6046511627907
D_Broader_Pool,845121,msmarco_passage_52_244706109,47,0.17142857142857143,3.0303030303030276,,17.02127659574468
D_Broader_Pool,845121,msmarco_passage_68_582987733,35,0.1111111111111111,2.020202020202022,,20.0
D_Broader_Pool,845121,msmarco_passage_36_833374217,39,0.2,1.0101010101010055,,5.128205128205129
D_Broader_Pool,845121,msmarco_passage_03_739112511,39,0.2,0.0,,5.128205128205129
D_Broader_Pool,935353,msmarco_passage_01_116824619,66,0.08771929824561403,100.0,,19.696969696969695
D_Broader_Pool,935353,msmarco_passage_19_836383404,66,0.08771929824561403,98.98989898989899,,19.696969696969695
D_Broader_Pool,935353,msmarco_passage_45_272090219,42,0.16216216216216217,97.97979797979798,,21.428571428571427
D_Broader_Pool,935353,msmarco_passage_27_782235490,47,0.11904761904761904,96.96969696969697,,23.404255319148938
D_Broader_Pool,935353,msmarco_passage_03_399019105,93,0.1076923076923077,95.95959595959596,,15.053763440860216
D_Broader_Pool,935353,msmarco_passage_66_440740118,37,0.14705882352941177,94.94949494949495,,13.513513513513514
D_Broader_Pool,935353,msmarco_passage_17_642045950,47,0.14285714285714285,93.93939393939394,,25.53191489361702
D_Broader_Pool,935353,msmarco_passage_01_116824152,51,0.10526315789473684,92.92929292929293,,17.647058823529413
D_Broader_Pool,935353,msmarco_passage_19_836382936,51,0.10526315789473684,91.91919191919192,,17.647058823529413
D_Broader_Pool,935353,msmarco_passage_34_806832578,52,0.125,90.9090909090909,,25.0
D_Broader_Pool,935353,msmarco_passage_03_400788839,52,0.125,89.8989898989899,,25.0
D_Broader_Pool,935353,msmarco_passage_68_148620030,58,0.16279069767441862,88.88888888888889,,15.517241379310345
D_Broader_Pool,935353,msmarco_passage_53_117590789,35,0.125,87.87878787878788,,20.0
D_Broader_Pool,935353,msmarco_passage_02_280277114,65,0.09803921568627451,86.86868686868688,,24.615384615384617
D_Broader_Pool,935353,msmarco_passage_53_117590216,72,0.09615384615384616,85.85858585858585,,16.666666666666668
D_Broader_Pool,935353,msmarco_passage_04_128069419,56,0.19444444444444445,84.84848484848484,,14.285714285714286
D_Broader_Pool,935353,msmarco_passage_62_843606100,45,0.13513513513513514,83.83838383838383,,13.333333333333334
D_Broader_Pool,935353,msmarco_passage_00_564032982,54,0.1282051282051282,82.82828282828282,,16.666666666666668
D_Broader_Pool,935353,msmarco_passage_49_225979544,67,0.11904761904761904,81.81818181818181,,19.402985074626866
D_Broader_Pool,935353,msmarco_passage_06_839603877,67,0.11904761904761904,80.8080808080808,,19.402985074626866
D_Broader_Pool,935353,msmarco_passage_04_18518977,52,0.1794871794871795,79.7979797979798,,17.307692307692307
D_Broader_Pool,935353,msmarco_passage_49_251536666,41,0.15384615384615385,78.78787878787878,,19.51219512195122
D_Broader_Pool,935353,msmarco_passage_04_220629990,44,0.15,77.77777777777779,,9.090909090909092
D_Broader_Pool,935353,msmarco_passage_04_128066736,88,0.08928571428571429,76.76767676767678,,21.59090909090909
D_Broader_Pool,935353,msmarco_passage_40_148012392,68,0.13333333333333333,75.75757575757575,,20.58823529411765
D_Broader_Pool,935353,msmarco_passage_08_846390135,46,0.07317073170731707,74.74747474747474,,19.565217391304348
D_Broader_Pool,935353,msmarco_passage_57_182250236,46,0.07317073170731707,73.73737373737373,,19.565217391304348
D_Broader_Pool,935353,msmarco_passage_04_187325443,41,0.18518518518518517,72.72727272727273,,14.634146341463415
D_Broader_Pool,935353,msmarco_passage_18_835486139,46,0.11627906976744186,71.71717171717171,,34.78260869565217
D_Broader_Pool,935353,msmarco_passage_44_72755873,56,0.125,70.70707070707071,,8.928571428571429
D_Broader_Pool,935353,msmarco_passage_19_836413334,87,0.09090909090909091,69.6969696969697,,20.689655172413794
D_Broader_Pool,935353,msmarco_passage_22_209449236,49,0.1282051282051282,68.68686868686868,,10.204081632653061
D_Broader_Pool,935353,msmarco_passage_40_90587857,82,0.07547169811320754,67.67676767676767,,18.29268292682927
D_Broader_Pool,935353,msmarco_passage_35_528501965,41,0.125,66.66666666666667,,19.51219512195122
D_Broader_Pool,935353,msmarco_passage_64_126262974,45,0.1111111111111111,65.65656565656566,,31.11111111111111
D_Broader_Pool,935353,msmarco_passage_04_222437049,56,0.28,64.64646464646464,,16.071428571428573
D_Broader_Pool,935353,msmarco_passage_04_187324081,56,0.28,63.63636363636363,,16.071428571428573
D_Broader_Pool,935353,msmarco_passage_04_153443643,56,0.28,62.62626262626263,,16.071428571428573
D_Broader_Pool,935353,msmarco_passage_04_222437935,60,0.16666666666666666,61.61616161616161,,16.666666666666668
D_Broader_Pool,935353,msmarco_passage_18_835483239,33,0.12903225806451613,60.60606060606061,,24.242424242424242
D_Broader_Pool,935353,msmarco_passage_64_126259750,32,0.2,59.5959595959596,,15.625
D_Broader_Pool,935353,msmarco_passage_04_128065496,56,0.25,58.58585858585859,,16.071428571428573
D_Broader_Pool,935353,msmarco_passage_03_154451277,42,0.1935483870967742,57.57575757575757,,16.666666666666668
D_Broader_Pool,935353,msmarco_passage_18_836620646,43,0.10256410256410256,56.56565656565656,,18.6046511627907
D_Broader_Pool,935353,msmarco_passage_18_835476486,43,0.10256410256410256,55.55555555555556,,18.6046511627907
D_Broader_Pool,935353,msmarco_passage_18_835154282,43,0.10256410256410256,54.54545454545454,,18.6046511627907
D_Broader_Pool,935353,msmarco_passage_06_143739975,43,0.10256410256410256,53.535353535353536,,18.6046511627907
D_Broader_Pool,935353,msmarco_passage_01_151332293,43,0.10256410256410256,52.52525252525253,,18.6046511627907
D_Broader_Pool,935353,msmarco_passage_01_99280926,43,0.10256410256410256,51.515151515151516,,18.6046511627907
D_Broader_Pool,935353,msmarco_passage_18_835485671,48,0.10256410256410256,50.5050505050505,,14.583333333333334
D_Broader_Pool,935353,msmarco_passage_01_590936275,27,0.2,49.494949494949495,,11.11111111111111
D_Broader_Pool,935353,msmarco_passage_03_400743106,39,0.12121212121212122,48.484848484848484,,20.512820512820515
D_Broader_Pool,935353,msmarco_passage_47_512055212,47,0.13333333333333333,47.47474747474747,,14.893617021276595
D_Broader_Pool,935353,msmarco_passage_19_836418489,43,0.08108108108108109,46.464646464646464,,23.25581395348837
D_Broader_Pool,935353,msmarco_passage_12_233242509,49,0.15384615384615385,45.45454545454546,,12.244897959183673
D_Broader_Pool,935353,msmarco_passage_49_214107835,82,0.08333333333333333,44.44444444444444,,10.975609756097562
D_Broader_Pool,935353,msmarco_passage_41_590614578,52,0.13513513513513514,43.43434343434344,,19.23076923076923
D_Broader_Pool,935353,msmarco_passage_17_635369419,41,0.18181818181818182,42.42424242424242,,17.073170731707318
D_Broader_Pool,935353,msmarco_passage_38_379652143,44,0.14634146341463414,41.41414141414141,,11.363636363636363
D_Broader_Pool,935353,msmarco_passage_00_565095356,39,0.07692307692307693,40.40404040404041,,17.94871794871795
D_Broader_Pool,935353,msmarco_passage_64_134999308,44,0.15,39.39393939393939,,15.909090909090908
D_Broader_Pool,935353,msmarco_passage_02_278174203,44,0.15,38.38383838383839,,15.909090909090908
D_Broader_Pool,935353,msmarco_passage_45_533450333,35,0.1935483870967742,37.37373737373737,,14.285714285714286
D_Broader_Pool,935353,msmarco_passage_04_208491796,22,0.3888888888888889,36.36363636363637,,13.636363636363637
D_Broader_Pool,935353,msmarco_passage_04_216457794,63,0.14285714285714285,35.35353535353535,,14.285714285714286
D_Broader_Pool,935353,msmarco_passage_04_204109182,36,0.2962962962962963,34.34343434343434,,13.88888888888889
D_Broader_Pool,935353,msmarco_passage_21_378430062,50,0.11627906976744186,33.333333333333336,,20.0
D_Broader_Pool,935353,msmarco_passage_04_204108335,56,0.32142857142857145,32.32323232323232,,10.714285714285714
D_Broader_Pool,935353,msmarco_passage_63_337837504,58,0.15,31.313131313131315,,8.620689655172415
D_Broader_Pool,935353,msmarco_passage_14_10135865,54,0.11363636363636363,30.303030303030297,,7.407407407407407
D_Broader_Pool,935353,msmarco_passage_04_216453637,34,0.20689655172413793,29.292929292929294,,23.529411764705884
D_Broader_Pool,935353,msmarco_passage_04_204109926,44,0.21875,28.282828282828287,,15.909090909090908
D_Broader_Pool,935353,msmarco_passage_30_765078909,59,0.225,27.27272727272727,,25.423728813559322
D_Broader_Pool,935353,msmarco_passage_04_204109527,44,0.26666666666666666,26.262626262626267,,11.363636363636363
D_Broader_Pool,935353,msmarco_passage_04_204108803,37,0.28,25.25252525252525,,21.62162162162162
D_Broader_Pool,935353,msmarco_passage_63_834019925,24,0.391304347826087,24.242424242424242,,12.5
D_Broader_Pool,935353,msmarco_passage_04_223438133,28,0.3181818181818182,23.23232323232324,,14.285714285714286
D_Broader_Pool,935353,msmarco_passage_44_480488533,47,0.25,22.22222222222222,,12.76595744680851
D_Broader_Pool,935353,msmarco_passage_44_477274583,51,0.23076923076923078,21.212121212121215,,7.8431372549019605
D_Broader_Pool,935353,msmarco_passage_19_836391786,39,0.16216216216216217,20.2020202020202,,20.512820512820515
D_Broader_Pool,935353,msmarco_passage_09_51824235,51,0.24242424242424243,19.191919191919194,,23.529411764705884
D_Broader_Pool,935353,msmarco_passage_04_208493851,60,0.2857142857142857,18.181818181818176,,15.0
D_Broader_Pool,935353,msmarco_passage_00_564032482,60,0.2647058823529412,17.17171717171717,,8.333333333333334
D_Broader_Pool,935353,msmarco_passage_44_477278946,53,0.2903225806451613,16.161616161616166,,13.20754716981132
D_Broader_Pool,935353,msmarco_passage_05_840980212,53,0.2903225806451613,15.151515151515149,,13.20754716981132
D_Broader_Pool,935353,msmarco_passage_45_846408030,51,0.16666666666666666,14.141414141414144,,19.607843137254903
D_Broader_Pool,935353,msmarco_passage_04_208493518,35,0.22580645161290322,13.131313131313128,,14.285714285714286
D_Broader_Pool,935353,msmarco_passage_04_203472456,41,0.27586206896551724,12.121212121212121,,9.75609756097561
D_Broader_Pool,935353,msmarco_passage_04_208491547,25,0.3888888888888889,11.111111111111116,,12.0
D_Broader_Pool,935353,msmarco_passage_04_139960521,25,0.3888888888888889,10.1010101010101,,12.0
D_Broader_Pool,935353,msmarco_passage_11_802404525,53,0.0851063829787234,9.090909090909093,,26.41509433962264
D_Broader_Pool,935353,msmarco_passage_04_208159441,28,0.30434782608695654,8.080808080808078,,14.285714285714286
D_Broader_Pool,935353,msmarco_passage_44_478213850,59,0.2571428571428571,7.070707070707072,,10.169491525423728
D_Broader_Pool,935353,msmarco_passage_04_208294046,53,0.20588235294117646,6.060606060606055,,13.20754716981132
D_Broader_Pool,935353,msmarco_passage_04_208159775,41,0.27586206896551724,5.05050505050505,,17.073170731707318
D_Broader_Pool,935353,msmarco_passage_04_201764545,37,0.2916666666666667,4.040404040404044,,10.81081081081081
D_Broader_Pool,935353,msmarco_passage_04_208294480,50,0.1891891891891892,3.0303030303030276,,14.0
D_Broader_Pool,935353,msmarco_passage_04_222836807,59,0.2222222222222222,2.020202020202022,,10.169491525423728
D_Broader_Pool,935353,msmarco_passage_44_479677530,55,0.20454545454545456,1.0101010101010055,,14.545454545454545
D_Broader_Pool,935353,msmarco_passage_11_803879078,48,0.20512820512820512,0.0,,4.166666666666667
D_Broader_Pool,935964,msmarco_passage_54_800252753,38,0.17647058823529413,100.0,,15.789473684210526
D_Broader_Pool,935964,msmarco_passage_03_424881978,55,0.13333333333333333,98.98989898989899,,12.727272727272727
D_Broader_Pool,935964,msmarco_passage_35_61734202,55,0.13333333333333333,97.97979797979798,,12.727272727272727
D_Broader_Pool,935964,msmarco_passage_67_44904878,51,0.18604651162790697,96.96969696969697,,17.647058823529413
D_Broader_Pool,935964,msmarco_passage_38_73851921,51,0.18604651162790697,95.95959595959596,,17.647058823529413
D_Broader_Pool,935964,msmarco_passage_31_370485379,45,0.13157894736842105,94.94949494949495,,13.333333333333334
D_Broader_Pool,935964,msmarco_passage_35_61731466,59,0.11764705882352941,93.93939393939394,,15.254237288135593
D_Broader_Pool,935964,msmarco_passage_03_424879522,59,0.11764705882352941,92.92929292929293,,15.254237288135593
D_Broader_Pool,935964,msmarco_passage_03_806530124,39,0.0975609756097561,91.91919191919192,,23.076923076923077
D_Broader_Pool,935964,msmarco_passage_37_192022593,39,0.0975609756097561,90.9090909090909,,23.076923076923077
D_Broader_Pool,935964,msmarco_passage_08_318054068,60,0.11538461538461539,89.8989898989899,,13.333333333333334
D_Broader_Pool,935964,msmarco_passage_02_85129069,52,0.125,88.88888888888889,,25.0
D_Broader_Pool,935964,msmarco_passage_27_14074335,52,0.125,87.87878787878788,,25.0
D_Broader_Pool,935964,msmarco_passage_35_61733187,65,0.08620689655172414,86.86868686868688,,9.23076923076923
D_Broader_Pool,935964,msmarco_passage_03_424880963,65,0.08620689655172414,85.85858585858585,,9.23076923076923
D_Broader_Pool,935964,msmarco_passage_31_370489867,66,0.0847457627118644,84.84848484848484,,9.090909090909092
D_Broader_Pool,935964,msmarco_passage_54_800253094,59,0.14893617021276595,83.83838383838383,,6.779661016949152
D_Broader_Pool,935964,msmarco_passage_60_349910753,51,0.19047619047619047,82.82828282828282,,9.803921568627452
D_Broader_Pool,935964,msmarco_passage_60_299833660,49,0.11904761904761904,81.81818181818181,,14.285714285714286
D_Broader_Pool,935964,msmarco_passage_54_800252270,60,0.14893617021276595,80.8080808080808,,11.666666666666666
D_Broader_Pool,935964,msmarco_passage_53_248942772,46,0.1794871794871795,79.7979797979798,,13.043478260869565
D_Broader_Pool,935964,msmarco_passage_67_1061224,59,0.07547169811320754,78.78787878787878,,15.254237288135593
D_Broader_Pool,935964,msmarco_passage_67_1060757,49,0.1282051282051282,77.77777777777779,,26.53061224489796
D_Broader_Pool,935964,msmarco_passage_65_262458913,76,0.11475409836065574,76.76767676767678,,9.210526315789474
D_Broader_Pool,935964,msmarco_passage_55_151966205,74,0.1,75.75757575757575,,5.405405405405405
D_Broader_Pool,935964,msmarco_passage_08_398544432,74,0.1,74.74747474747474,,5.405405405405405
D_Broader_Pool,935964,msmarco_passage_35_61731967,54,0.15217391304347827,73.73737373737373,,1.8518518518518519
D_Broader_Pool,935964,msmarco_passage_03_424880023,54,0.15217391304347827,72.72727272727273,,1.8518518518518519
D_Broader_Pool,935964,msmarco_passage_64_696794037,51,0.125,71.71717171717171,,9.803921568627452
D_Broader_Pool,935964,msmarco_passage_24_577786297,41,0.16279069767441862,70.70707070707071,,14.634146341463415
D_Broader_Pool,935964,msmarco_passage_60_349910448,30,0.19230769230769232,69.6969696969697,,20.0
D_Broader_Pool,935964,msmarco_passage_03_519760458,72,0.08064516129032258,68.68686868686868,,11.11111111111111
D_Broader_Pool,935964,msmarco_passage_35_716214812,72,0.08064516129032258,67.67676767676767,,11.11111111111111
D_Broader_Pool,935964,msmarco_passage_38_73849586,62,0.11764705882352941,66.66666666666667,,11.290322580645162
D_Broader_Pool,935964,msmarco_passage_67_44902538,62,0.11764705882352941,65.65656565656566,,11.290322580645162
D_Broader_Pool,935964,msmarco_passage_64_812650549,59,0.11538461538461539,64.64646464646464,,13.559322033898304
D_Broader_Pool,935964,msmarco_passage_03_424887607,62,0.10869565217391304,63.63636363636363,,14.516129032258064
D_Broader_Pool,935964,msmarco_passage_16_12518676,80,0.10344827586206896,62.62626262626263,,7.5
D_Broader_Pool,935964,msmarco_passage_03_688340344,45,0.12195121951219512,61.61616161616161,,8.88888888888889
D_Broader_Pool,935964,msmarco_passage_28_866210139,41,0.16216216216216217,60.60606060606061,,9.75609756097561
D_Broader_Pool,935964,msmarco_passage_53_663304422,57,0.13043478260869565,59.5959595959596,,3.508771929824561
D_Broader_Pool,935964,msmarco_passage_64_696793428,79,0.09090909090909091,58.58585858585859,,15.189873417721518
D_Broader_Pool,935964,msmarco_passage_52_740092049,49,0.13157894736842105,57.57575757575757,,12.244897959183673
D_Broader_Pool,935964,msmarco_passage_60_349909265,91,0.09523809523809523,56.56565656565656,,15.384615384615385
D_Broader_Pool,935964,msmarco_passage_64_371027480,91,0.11475409836065574,55.55555555555556,,12.087912087912088
D_Broader_Pool,935964,msmarco_passage_40_498720155,59,0.17391304347826086,54.54545454545454,,10.169491525423728
D_Broader_Pool,935964,msmarco_passage_54_807204601,51,0.15555555555555556,53.535353535353536,,17.647058823529413
D_Broader_Pool,935964,msmarco_passage_16_12589481,64,0.10204081632653061,52.52525252525253,,15.625
D_Broader_Pool,935964,msmarco_passage_64_853398525,82,0.13559322033898305,51.515151515151516,,4.878048780487805
D_Broader_Pool,935964,msmarco_passage_55_266282383,59,0.07692307692307693,50.5050505050505,,6.779661016949152
D_Broader_Pool,935964,msmarco_passage_08_846197554,47,0.11904761904761904,49.494949494949495,,19.148936170212767
D_Broader_Pool,935964,msmarco_passage_57_181552448,47,0.11904761904761904,48.484848484848484,,19.148936170212767
D_Broader_Pool,935964,msmarco_passage_26_400518410,81,0.12727272727272726,47.47474747474747,,12.345679012345679
D_Broader_Pool,935964,msmarco_passage_64_226883289,50,0.10869565217391304,46.464646464646464,,4.0
D_Broader_Pool,935964,msmarco_passage_55_826043092,46,0.09090909090909091,45.45454545454546,,6.521739130434782
D_Broader_Pool,935964,msmarco_passage_12_65586608,56,0.15217391304347827,44.44444444444444,,1.7857142857142858
D_Broader_Pool,935964,msmarco_passage_66_186283170,40,0.11538461538461539,43.43434343434344,,5.0
D_Broader_Pool,935964,msmarco_passage_00_71794528,38,0.1388888888888889,42.42424242424242,,10.526315789473685
D_Broader_Pool,935964,msmarco_passage_16_12592950,54,0.125,41.41414141414141,,12.962962962962964
D_Broader_Pool,935964,msmarco_passage_08_430146065,54,0.125,40.40404040404041,,12.962962962962964
D_Broader_Pool,935964,msmarco_passage_30_254823012,46,0.13953488372093023,39.39393939393939,,15.217391304347826
D_Broader_Pool,935964,msmarco_passage_67_1062167,46,0.10256410256410256,38.38383838383839,,13.043478260869565
D_Broader_Pool,935964,msmarco_passage_66_252210233,47,0.11904761904761904,37.37373737373737,,12.76595744680851
D_Broader_Pool,935964,msmarco_passage_54_807205518,53,0.11764705882352941,36.36363636363637,,5.660377358490566
D_Broader_Pool,935964,msmarco_passage_58_767897208,43,0.07317073170731707,35.35353535353535,,13.953488372093023
D_Broader_Pool,935964,msmarco_passage_64_834194686,44,0.125,34.34343434343434,,11.363636363636363
D_Broader_Pool,935964,msmarco_passage_16_12592512,44,0.175,33.333333333333336,,4.545454545454546
D_Broader_Pool,935964,msmarco_passage_09_469293164,58,0.14285714285714285,32.32323232323232,,10.344827586206897
D_Broader_Pool,935964,msmarco_passage_37_317269012,59,0.16,31.313131313131315,,6.779661016949152
D_Broader_Pool,935964,msmarco_passage_11_311483242,57,0.11904761904761904,30.303030303030297,,7.017543859649122
D_Broader_Pool,935964,msmarco_passage_48_479279848,61,0.0851063829787234,29.292929292929294,,6.557377049180328
D_Broader_Pool,935964,msmarco_passage_66_180528267,59,0.1590909090909091,28.282828282828287,,10.169491525423728
D_Broader_Pool,935964,msmarco_passage_30_439250975,51,0.0851063829787234,27.27272727272727,,7.8431372549019605
D_Broader_Pool,935964,msmarco_passage_36_183330356,42,0.07142857142857142,26.262626262626267,,14.285714285714286
D_Broader_Pool,935964,msmarco_passage_64_531373586,59,0.07017543859649122,25.25252525252525,,8.474576271186441
D_Broader_Pool,935964,msmarco_passage_11_667492487,40,0.2,24.242424242424242,,10.0
D_Broader_Pool,935964,msmarco_passage_66_246953274,36,0.11764705882352941,23.23232323232324,,8.333333333333334
D_Broader_Pool,935964,msmarco_passage_24_577783661,58,0.1,22.22222222222222,,6.896551724137931
D_Broader_Pool,935964,msmarco_passage_59_687969290,56,0.14285714285714285,21.212121212121215,,16.071428571428573
D_Broader_Pool,935964,msmarco_passage_64_531374129,35,0.1875,20.2020202020202,,8.571428571428571
D_Broader_Pool,935964,msmarco_passage_66_180531270,53,0.06521739130434782,19.191919191919194,,9.433962264150944
D_Broader_Pool,935964,msmarco_passage_32_787556607,52,0.11363636363636363,18.181818181818176,,9.615384615384615
D_Broader_Pool,935964,msmarco_passage_10_710530719,66,0.08,17.17171717171717,,0.0
D_Broader_Pool,935964,msmarco_passage_67_2122626,66,0.08,16.161616161616166,,0.0
D_Broader_Pool,935964,msmarco_passage_64_535251701,53,0.10256410256410256,15.151515151515149,,11.320754716981131
D_Broader_Pool,935964,msmarco_passage_04_8317333,58,0.08163265306122448,14.141414141414144,,3.4482758620689653
D_Broader_Pool,935964,msmarco_passage_51_229572285,40,0.15384615384615385,13.131313131313128,,12.5
D_Broader_Pool,935964,msmarco_passage_57_509901333,50,0.09090909090909091,12.121212121212121,,16.0
D_Broader_Pool,935964,msmarco_passage_65_262447270,82,0.08333333333333333,11.111111111111116,,3.658536585365854
D_Broader_Pool,935964,msmarco_passage_56_733085520,60,0.09615384615384616,10.1010101010101,,6.666666666666667
D_Broader_Pool,935964,msmarco_passage_66_212925208,59,0.15555555555555556,9.090909090909093,,3.389830508474576
D_Broader_Pool,935964,msmarco_passage_44_9980910,46,0.10256410256410256,8.080808080808078,,4.3478260869565215
D_Broader_Pool,935964,msmarco_passage_10_380328471,31,0.13793103448275862,7.070707070707072,,12.903225806451612
D_Broader_Pool,935964,msmarco_passage_31_493401056,49,0.14634146341463414,6.060606060606055,,8.16326530612245
D_Broader_Pool,935964,msmarco_passage_11_691879317,45,0.16216216216216217,5.05050505050505,,11.11111111111111
D_Broader_Pool,935964,msmarco_passage_11_311506436,42,0.15,4.040404040404044,,9.523809523809524
D_Broader_Pool,935964,msmarco_passage_28_640559089,45,0.14634146341463414,3.0303030303030276,,6.666666666666667
D_Broader_Pool,935964,msmarco_passage_08_430140681,50,0.14285714285714285,2.020202020202022,,4.0
D_Broader_Pool,935964,msmarco_passage_31_792857475,52,0.12195121951219512,1.0101010101010055,,5.769230769230769
D_Broader_Pool,935964,msmarco_passage_45_564087522,47,0.17647058823529413,0.0,,10.638297872340425
D_Broader_Pool,952262,msmarco_passage_04_375241745,47,0.30303030303030304,100.0,,8.51063829787234
D_Broader_Pool,952262,msmarco_passage_04_375310446,47,0.30303030303030304,98.98989898989899,,8.51063829787234
D_Broader_Pool,952262,msmarco_passage_38_635601500,47,0.30303030303030304,97.97979797979798,,8.51063829787234
D_Broader_Pool,952262,msmarco_passage_04_374939340,47,0.30303030303030304,96.96969696969697,,8.51063829787234
D_Broader_Pool,952262,msmarco_passage_54_265700064,43,0.2727272727272727,95.95959595959596,,4.651162790697675
D_Broader_Pool,952262,msmarco_passage_38_632156574,64,0.25,94.94949494949495,,4.6875
D_Broader_Pool,952262,msmarco_passage_11_8858858,68,0.21153846153846154,93.93939393939394,,5.882352941176471
D_Broader_Pool,952262,msmarco_passage_42_857904295,59,0.21739130434782608,92.92929292929293,,6.779661016949152
D_Broader_Pool,952262,msmarco_passage_05_387234180,59,0.21739130434782608,91.91919191919192,,6.779661016949152
D_Broader_Pool,952262,msmarco_passage_40_515445277,44,0.2564102564102564,90.9090909090909,,0.0
D_Broader_Pool,952262,msmarco_passage_48_749209638,76,0.16363636363636364,89.8989898989899,,3.9473684210526314
D_Broader_Pool,952262,msmarco_passage_48_753200302,55,0.24390243902439024,88.88888888888889,,0.0
D_Broader_Pool,952262,msmarco_passage_54_277091143,42,0.34375,87.87878787878788,,7.142857142857143
D_Broader_Pool,952262,msmarco_passage_00_239612976,51,0.3225806451612903,86.86868686868688,,5.882352941176471
D_Broader_Pool,952262,msmarco_passage_55_297870367,47,0.20930232558139536,85.85858585858585,,4.25531914893617
D_Broader_Pool,952262,msmarco_passage_08_426455483,47,0.20930232558139536,84.84848484848484,,4.25531914893617
D_Broader_Pool,952262,msmarco_passage_08_61246098,43,0.2702702702702703,83.83838383838383,,2.3255813953488373
D_Broader_Pool,952262,msmarco_passage_22_590727458,66,0.20833333333333334,82.82828282828282,,1.5151515151515151
D_Broader_Pool,952262,msmarco_passage_38_518614745,96,0.14084507042253522,81.81818181818181,,4.166666666666667
D_Broader_Pool,952262,msmarco_passage_29_460292639,57,0.19047619047619047,80.8080808080808,,3.508771929824561
D_Broader_Pool,952262,msmarco_passage_54_265701703,53,0.28125,79.7979797979798,,1.8867924528301887
D_Broader_Pool,952262,msmarco_passage_24_246146361,47,0.2972972972972973,78.78787878787878,,2.127659574468085
D_Broader_Pool,952262,msmarco_passage_34_772695569,43,0.2727272727272727,77.77777777777779,,9.30232558139535
D_Broader_Pool,952262,msmarco_passage_53_421857392,56,0.20454545454545456,76.76767676767678,,5.357142857142857
D_Broader_Pool,952262,msmarco_passage_08_45335909,56,0.20454545454545456,75.75757575757575,,5.357142857142857
D_Broader_Pool,952262,msmarco_passage_09_850150414,48,0.24324324324324326,74.74747474747474,,10.416666666666666
D_Broader_Pool,952262,msmarco_passage_48_750280267,53,0.18604651162790697,73.73737373737373,,5.660377358490566
D_Broader_Pool,952262,msmarco_passage_57_447973988,52,0.18181818181818182,72.72727272727273,,5.769230769230769
D_Broader_Pool,952262,msmarco_passage_26_112845949,53,0.1875,71.71717171717171,,3.7735849056603774
D_Broader_Pool,952262,msmarco_passage_01_804718797,53,0.1875,70.70707070707071,,3.7735849056603774
D_Broader_Pool,952262,msmarco_passage_65_827626432,41,0.22857142857142856,69.6969696969697,,2.4390243902439024
D_Broader_Pool,952262,msmarco_passage_66_17360882,41,0.22857142857142856,68.68686868686868,,2.4390243902439024
D_Broader_Pool,952262,msmarco_passage_65_864442489,49,0.23076923076923078,67.67676767676767,,4.081632653061225
D_Broader_Pool,952262,msmarco_passage_66_24853190,49,0.23076923076923078,66.66666666666667,,4.081632653061225
D_Broader_Pool,952262,msmarco_passage_27_464765209,52,0.17391304347826086,65.65656565656566,,7.6923076923076925
D_Broader_Pool,952262,msmarco_passage_02_181112366,52,0.17391304347826086,64.64646464646464,,7.6923076923076925
D_Broader_Pool,952262,msmarco_passage_02_181110358,52,0.17391304347826086,63.63636363636363,,7.6923076923076925
D_Broader_Pool,952262,msmarco_passage_44_567000444,60,0.20833333333333334,62.62626262626263,,1.6666666666666667
D_Broader_Pool,952262,msmarco_passage_48_774362860,57,0.23076923076923078,61.61616161616161,,3.508771929824561
D_Broader_Pool,952262,msmarco_passage_48_838301481,41,0.2571428571428571,60.60606060606061,,14.634146341463415
D_Broader_Pool,952262,msmarco_passage_39_119018585,55,0.23809523809523808,59.5959595959596,,1.8181818181818181
D_Broader_Pool,952262,msmarco_passage_52_459894176,53,0.1956521739130435,58.58585858585859,,3.7735849056603774
D_Broader_Pool,952262,msmarco_passage_57_447613267,57,0.21951219512195122,57.57575757575757,,3.508771929824561
D_Broader_Pool,952262,msmarco_passage_49_70173791,76,0.15517241379310345,56.56565656565656,,2.6315789473684212
D_Broader_Pool,952262,msmarco_passage_29_460300967,49,0.24324324324324326,55.55555555555556,,0.0
D_Broader_Pool,952262,msmarco_passage_45_321674368,71,0.16326530612244897,54.54545454545454,,4.225352112676056
D_Broader_Pool,952262,msmarco_passage_04_374463077,58,0.19148936170212766,53.535353535353536,,1.7241379310344827
D_Broader_Pool,952262,msmarco_passage_38_632166957,58,0.19148936170212766,52.52525252525253,,1.7241379310344827
D_Broader_Pool,952262,msmarco_passage_49_5231358,51,0.20454545454545456,51.515151515151516,,0.0
D_Broader_Pool,952262,msmarco_passage_59_268543239,53,0.21428571428571427,50.5050505050505,,3.7735849056603774
D_Broader_Pool,952262,msmarco_passage_27_612555233,54,0.23809523809523808,49.494949494949495,,1.8518518518518519
D_Broader_Pool,952262,msmarco_passage_02_357430957,70,0.14,48.484848484848484,,5.714285714285714
D_Broader_Pool,952262,msmarco_passage_04_84678409,58,0.1951219512195122,47.47474747474747,,1.7241379310344827
D_Broader_Pool,952262,msmarco_passage_53_557660037,54,0.23076923076923078,46.464646464646464,,0.0
D_Broader_Pool,952262,msmarco_passage_45_471487531,56,0.19047619047619047,45.45454545454546,,1.7857142857142858
D_Broader_Pool,952262,msmarco_passage_06_197753326,56,0.19047619047619047,44.44444444444444,,1.7857142857142858
D_Broader_Pool,952262,msmarco_passage_34_772694736,52,0.22727272727272727,43.43434343434344,,1.9230769230769231
D_Broader_Pool,952262,msmarco_passage_04_375255298,35,0.2727272727272727,42.42424242424242,,0.0
D_Broader_Pool,952262,msmarco_passage_38_635539028,35,0.2727272727272727,41.41414141414141,,0.0
D_Broader_Pool,952262,msmarco_passage_66_16801373,51,0.21951219512195122,40.40404040404041,,3.9215686274509802
D_Broader_Pool,952262,msmarco_passage_28_258488468,53,0.16666666666666666,39.39393939393939,,1.8867924528301887
D_Broader_Pool,952262,msmarco_passage_39_118844285,47,0.3055555555555556,38.38383838383839,,4.25531914893617
D_Broader_Pool,952262,msmarco_passage_04_477738807,47,0.3055555555555556,37.37373737373737,,4.25531914893617
D_Broader_Pool,952262,msmarco_passage_42_435274365,64,0.1956521739130435,36.36363636363637,,4.6875
D_Broader_Pool,952262,msmarco_passage_65_793365323,47,0.225,35.35353535353535,,2.127659574468085
D_Broader_Pool,952262,msmarco_passage_66_10071712,47,0.225,34.34343434343434,,2.127659574468085
D_Broader_Pool,952262,msmarco_passage_35_333920753,51,0.19444444444444445,33.333333333333336,,3.9215686274509802
D_Broader_Pool,952262,msmarco_passage_08_89528615,59,0.14285714285714285,32.32323232323232,,5.084745762711864
D_Broader_Pool,952262,msmarco_passage_54_375717841,58,0.17777777777777778,31.313131313131315,,1.7241379310344827
D_Broader_Pool,952262,msmarco_passage_04_375260282,60,0.19047619047619047,30.303030303030297,,1.6666666666666667
D_Broader_Pool,952262,msmarco_passage_48_631419940,71,0.16666666666666666,29.292929292929294,,4.225352112676056
D_Broader_Pool,952262,msmarco_passage_30_263240214,61,0.25,28.282828282828287,,1.639344262295082
D_Broader_Pool,952262,msmarco_passage_53_490177949,71,0.11764705882352941,27.27272727272727,,0.0
D_Broader_Pool,952262,msmarco_passage_53_490169406,71,0.11764705882352941,26.262626262626267,,0.0
D_Broader_Pool,952262,msmarco_passage_39_598362767,51,0.1951219512195122,25.25252525252525,,3.9215686274509802
D_Broader_Pool,952262,msmarco_passage_48_749890435,59,0.23404255319148937,24.242424242424242,,1.694915254237288
D_Broader_Pool,952262,msmarco_passage_54_265701251,56,0.23809523809523808,23.23232323232324,,0.0
D_Broader_Pool,952262,msmarco_passage_53_497927341,51,0.1956521739130435,22.22222222222222,,0.0
D_Broader_Pool,952262,msmarco_passage_53_497920588,51,0.1956521739130435,21.212121212121215,,0.0
D_Broader_Pool,952262,msmarco_passage_35_777782600,58,0.21428571428571427,20.2020202020202,,1.7241379310344827
D_Broader_Pool,952262,msmarco_passage_39_598358173,55,0.19047619047619047,19.191919191919194,,5.454545454545454
D_Broader_Pool,952262,msmarco_passage_57_447371892,64,0.1590909090909091,18.181818181818176,,0.0
D_Broader_Pool,952262,msmarco_passage_28_258485728,54,0.13333333333333333,17.17171717171717,,0.0
D_Broader_Pool,952262,msmarco_passage_09_36561061,61,0.1956521739130435,16.161616161616166,,4.918032786885246
D_Broader_Pool,952262,msmarco_passage_57_446003337,48,0.21052631578947367,15.151515151515149,,0.0
D_Broader_Pool,952262,msmarco_passage_57_447372873,72,0.14285714285714285,14.141414141414144,,2.7777777777777777
D_Broader_Pool,952262,msmarco_passage_16_462241957,49,0.1951219512195122,13.131313131313128,,4.081632653061225
D_Broader_Pool,952262,msmarco_passage_38_635542698,47,0.21951219512195122,12.121212121212121,,4.25531914893617
D_Broader_Pool,952262,msmarco_passage_08_217461491,47,0.23529411764705882,11.111111111111116,,4.25531914893617
D_Broader_Pool,952262,msmarco_passage_07_506859894,56,0.14583333333333334,10.1010101010101,,1.7857142857142858
D_Broader_Pool,952262,msmarco_passage_51_730377922,56,0.14583333333333334,9.090909090909093,,1.7857142857142858
D_Broader_Pool,952262,msmarco_passage_38_518620838,63,0.1702127659574468,8.080808080808078,,0.0
D_Broader_Pool,952262,msmarco_passage_11_89354857,53,0.17073170731707318,7.070707070707072,,1.8867924528301887
D_Broader_Pool,952262,msmarco_passage_14_777005005,56,0.1590909090909091,6.060606060606055,,0.0
D_Broader_Pool,952262,msmarco_passage_39_598361396,60,0.18604651162790697,5.05050505050505,,8.333333333333334
D_Broader_Pool,952262,msmarco_passage_67_225522180,48,0.18421052631578946,4.040404040404044,,0.0
D_Broader_Pool,952262,msmarco_passage_10_774269652,48,0.18421052631578946,3.0303030303030276,,0.0
D_Broader_Pool,952262,msmarco_passage_25_812195261,45,0.2647058823529412,2.020202020202022,,0.0
D_Broader_Pool,952262,msmarco_passage_57_447375732,32,0.25,1.0101010101010055,,3.125
D_Broader_Pool,952262,msmarco_passage_57_447569416,52,0.21428571428571427,0.0,,0.0
D_Broader_Pool,952284,msmarco_passage_30_313376847,55,0.21875,100.0,,7.2727272727272725
D_Broader_Pool,952284,msmarco_passage_22_850847499,70,0.16666666666666666,98.98989898989899,,4.285714285714286
D_Broader_Pool,952284,msmarco_passage_32_132398653,48,0.15217391304347827,97.97979797979798,,6.25
D_Broader_Pool,952284,msmarco_passage_38_844695644,52,0.19047619047619047,96.96969696969697,,1.9230769230769231
D_Broader_Pool,952284,msmarco_passage_30_313413887,50,0.16279069767441862,95.95959595959596,,0.0
D_Broader_Pool,952284,msmarco_passage_11_288630511,79,0.15384615384615385,94.94949494949495,,3.7974683544303796
D_Broader_Pool,952284,msmarco_passage_36_726687505,55,0.13333333333333333,93.93939393939394,,1.8181818181818181
D_Broader_Pool,952284,msmarco_passage_23_513988962,45,0.19047619047619047,92.92929292929293,,8.88888888888889
D_Broader_Pool,952284,msmarco_passage_67_105579985,49,0.17391304347826086,91.91919191919192,,4.081632653061225
D_Broader_Pool,952284,msmarco_passage_38_844698238,54,0.18604651162790697,90.9090909090909,,3.7037037037037037
D_Broader_Pool,952284,msmarco_passage_38_846139030,79,0.1044776119402985,89.8989898989899,,3.7974683544303796
D_Broader_Pool,952284,msmarco_passage_23_511390340,58,0.1875,88.88888888888889,,10.344827586206897
D_Broader_Pool,952284,msmarco_passage_33_864309229,56,0.08,87.87878787878788,,0.0
D_Broader_Pool,952284,msmarco_passage_38_846335755,43,0.175,86.86868686868688,,4.651162790697675
D_Broader_Pool,952284,msmarco_passage_53_146592941,49,0.1590909090909091,85.85858585858585,,0.0
D_Broader_Pool,952284,msmarco_passage_53_700312764,61,0.20408163265306123,84.84848484848484,,1.639344262295082
D_Broader_Pool,952284,msmarco_passage_30_313413024,44,0.21875,83.83838383838383,,0.0
D_Broader_Pool,952284,msmarco_passage_16_84821804,41,0.21052631578947367,82.82828282828282,,0.0
D_Broader_Pool,952284,msmarco_passage_29_326101727,58,0.07142857142857142,81.81818181818181,,3.4482758620689653
D_Broader_Pool,952284,msmarco_passage_67_365187034,53,0.15555555555555556,80.8080808080808,,1.8867924528301887
D_Broader_Pool,952284,msmarco_passage_10_806059113,53,0.15555555555555556,79.7979797979798,,1.8867924528301887
D_Broader_Pool,952284,msmarco_passage_11_288635897,64,0.0847457627118644,78.78787878787878,,3.125
D_Broader_Pool,952284,msmarco_passage_62_65975544,54,0.13725490196078433,77.77777777777779,,9.25925925925926
D_Broader_Pool,952284,msmarco_passage_40_439540470,55,0.14285714285714285,76.76767676767678,,0.0
D_Broader_Pool,952284,msmarco_passage_52_561107099,45,0.1590909090909091,75.75757575757575,,6.666666666666667
D_Broader_Pool,952284,msmarco_passage_64_126583991,45,0.1590909090909091,74.74747474747474,,6.666666666666667
D_Broader_Pool,952284,msmarco_passage_65_468650531,67,0.125,73.73737373737373,,1.492537313432836
D_Broader_Pool,952284,msmarco_passage_38_844692838,92,0.10606060606060606,72.72727272727273,,1.0869565217391304
D_Broader_Pool,952284,msmarco_passage_22_518472709,48,0.15,71.71717171717171,,8.333333333333334
D_Broader_Pool,952284,msmarco_passage_22_523487368,50,0.16279069767441862,70.70707070707071,,6.0
D_Broader_Pool,952284,msmarco_passage_67_213010701,50,0.18181818181818182,69.6969696969697,,2.0
D_Broader_Pool,952284,msmarco_passage_07_657212163,39,0.15,68.68686868686868,,2.5641025641025643
D_Broader_Pool,952284,msmarco_passage_52_607029089,39,0.15,67.67676767676767,,2.5641025641025643
D_Broader_Pool,952284,msmarco_passage_30_313430418,55,0.14,66.66666666666667,,1.8181818181818181
D_Broader_Pool,952284,msmarco_passage_14_651423759,42,0.1590909090909091,65.65656565656566,,0.0
D_Broader_Pool,952284,msmarco_passage_47_152667289,52,0.06382978723404255,64.64646464646464,,3.8461538461538463
D_Broader_Pool,952284,msmarco_passage_40_439533480,45,0.16666666666666666,63.63636363636363,,6.666666666666667
D_Broader_Pool,952284,msmarco_passage_67_894348900,65,0.06666666666666667,62.62626262626263,,3.076923076923077
D_Broader_Pool,952284,msmarco_passage_23_518175705,48,0.10416666666666667,61.61616161616161,,4.166666666666667
D_Broader_Pool,952284,msmarco_passage_46_381968583,61,0.09090909090909091,60.60606060606061,,0.0
D_Broader_Pool,952284,msmarco_passage_06_372502205,61,0.09090909090909091,59.5959595959596,,0.0
D_Broader_Pool,952284,msmarco_passage_41_13234359,58,0.10204081632653061,58.58585858585859,,3.4482758620689653
D_Broader_Pool,952284,msmarco_passage_22_518351232,55,0.13043478260869565,57.57575757575757,,12.727272727272727
D_Broader_Pool,952284,msmarco_passage_53_146447213,63,0.1346153846153846,56.56565656565656,,3.1746031746031744
D_Broader_Pool,952284,msmarco_passage_27_110289987,49,0.1951219512195122,55.55555555555556,,0.0
D_Broader_Pool,952284,msmarco_passage_65_468653707,79,0.11666666666666667,54.54545454545454,,1.2658227848101267
D_Broader_Pool,952284,msmarco_passage_30_524228664,52,0.1590909090909091,53.535353535353536,,0.0
D_Broader_Pool,952284,msmarco_passage_65_468651055,46,0.13333333333333333,52.52525252525253,,8.695652173913043
D_Broader_Pool,952284,msmarco_passage_41_12927302,52,0.1276595744680851,51.515151515151516,,7.6923076923076925
D_Broader_Pool,952284,msmarco_passage_04_785078306,52,0.1276595744680851,50.5050505050505,,7.6923076923076925
D_Broader_Pool,952284,msmarco_passage_60_744014637,50,0.1590909090909091,49.494949494949495,,8.0
D_Broader_Pool,952284,msmarco_passage_16_84827086,49,0.08333333333333333,48.484848484848484,,0.0
D_Broader_Pool,952284,msmarco_passage_24_569096438,48,0.2,47.47474747474747,,6.25
D_Broader_Pool,952284,msmarco_passage_54_370991786,58,0.1568627450980392,46.464646464646464,,6.896551724137931
D_Broader_Pool,952284,msmarco_passage_65_468654273,46,0.16666666666666666,45.45454545454546,,0.0
D_Broader_Pool,952284,msmarco_passage_64_344301132,62,0.17777777777777778,44.44444444444444,,1.6129032258064515
D_Broader_Pool,952284,msmarco_passage_22_513668760,42,0.15,43.43434343434344,,9.523809523809524
D_Broader_Pool,952284,msmarco_passage_11_288621140,68,0.14545454545454545,42.42424242424242,,2.9411764705882355
D_Broader_Pool,952284,msmarco_passage_24_569099268,44,0.15789473684210525,41.41414141414141,,6.818181818181818
D_Broader_Pool,952284,msmarco_passage_23_510622897,52,0.11764705882352941,40.40404040404041,,3.8461538461538463
D_Broader_Pool,952284,msmarco_passage_23_517407245,63,0.06666666666666667,39.39393939393939,,1.5873015873015872
D_Broader_Pool,952284,msmarco_passage_30_313410648,72,0.15384615384615385,38.38383838383839,,0.0
D_Broader_Pool,952284,msmarco_passage_53_146588055,65,0.17777777777777778,37.37373737373737,,1.5384615384615385
D_Broader_Pool,952284,msmarco_passage_53_146449978,55,0.1590909090909091,36.36363636363637,,7.2727272727272725
D_Broader_Pool,952284,msmarco_passage_68_54589172,51,0.125,35.35353535353535,,0.0
D_Broader_Pool,952284,msmarco_passage_22_513671442,55,0.09615384615384616,34.34343434343434,,0.0
D_Broader_Pool,952284,msmarco_passage_47_154033459,61,0.1836734693877551,33.333333333333336,,1.639344262295082
D_Broader_Pool,952284,msmarco_passage_30_313413410,63,0.19047619047619047,32.32323232323232,,0.0
D_Broader_Pool,952284,msmarco_passage_14_634936447,47,0.14893617021276595,31.313131313131315,,0.0
D_Broader_Pool,952284,msmarco_passage_23_607304665,51,0.16666666666666666,30.303030303030297,,3.9215686274509802
D_Broader_Pool,952284,msmarco_passage_30_524632082,52,0.13333333333333333,29.292929292929294,,1.9230769230769231
D_Broader_Pool,952284,msmarco_passage_40_439538287,57,0.12,28.282828282828287,,0.0
D_Broader_Pool,952284,msmarco_passage_22_851624376,51,0.14285714285714285,27.27272727272727,,5.882352941176471
D_Broader_Pool,952284,msmarco_passage_22_851635208,51,0.14285714285714285,26.262626262626267,,5.882352941176471
D_Broader_Pool,952284,msmarco_passage_23_518174338,46,0.17073170731707318,25.25252525252525,,8.695652173913043
D_Broader_Pool,952284,msmarco_passage_67_106271073,48,0.13333333333333333,24.242424242424242,,2.0833333333333335
D_Broader_Pool,952284,msmarco_passage_34_640642046,51,0.20512820512820512,23.23232323232324,,3.9215686274509802
D_Broader_Pool,952284,msmarco_passage_22_518603800,59,0.19047619047619047,22.22222222222222,,0.0
D_Broader_Pool,952284,msmarco_passage_47_153093670,48,0.14583333333333334,21.212121212121215,,4.166666666666667
D_Broader_Pool,952284,msmarco_passage_61_373096056,35,0.16666666666666666,20.2020202020202,,5.714285714285714
D_Broader_Pool,952284,msmarco_passage_06_204447363,55,0.1388888888888889,19.191919191919194,,1.8181818181818181
D_Broader_Pool,952284,msmarco_passage_47_152601001,56,0.14893617021276595,18.181818181818176,,0.0
D_Broader_Pool,952284,msmarco_passage_34_872046465,52,0.14893617021276595,17.17171717171717,,3.8461538461538463
D_Broader_Pool,952284,msmarco_passage_46_382445692,66,0.1836734693877551,16.161616161616166,,1.5151515151515151
D_Broader_Pool,952284,msmarco_passage_10_770545480,52,0.16,15.151515151515149,,0.0
D_Broader_Pool,952284,msmarco_passage_27_133421127,52,0.16,14.141414141414144,,0.0
D_Broader_Pool,952284,msmarco_passage_67_211913205,52,0.16,13.131313131313128,,0.0
D_Broader_Pool,952284,msmarco_passage_14_169048942,44,0.18181818181818182,12.121212121212121,,2.272727272727273
D_Broader_Pool,952284,msmarco_passage_23_518174799,56,0.06382978723404255,11.111111111111116,,5.357142857142857
D_Broader_Pool,952284,msmarco_passage_14_651465481,57,0.14,10.1010101010101,,5.2631578947368425
D_Broader_Pool,952284,msmarco_passage_34_452489420,28,0.10344827586206896,9.090909090909093,,14.285714285714286
D_Broader_Pool,952284,msmarco_passage_62_75043896,45,0.0625,8.080808080808078,,8.88888888888889
D_Broader_Pool,952284,msmarco_passage_40_439536540,60,0.15555555555555556,7.070707070707072,,0.0
D_Broader_Pool,952284,msmarco_passage_46_496662263,54,0.13725490196078433,6.060606060606055,,0.0
D_Broader_Pool,952284,msmarco_passage_22_518209799,58,0.1951219512195122,5.05050505050505,,1.7241379310344827
D_Broader_Pool,952284,msmarco_passage_23_510623367,62,0.07017543859649122,4.040404040404044,,3.225806451612903
D_Broader_Pool,952284,msmarco_passage_53_146496517,60,0.16,3.0303030303030276,,3.3333333333333335
D_Broader_Pool,952284,msmarco_passage_32_132409243,80,0.125,2.020202020202022,,0.0
D_Broader_Pool,952284,msmarco_passage_01_392943593,54,0.11363636363636363,1.0101010101010055,,0.0
D_Broader_Pool,952284,msmarco_passage_04_423294611,76,0.15254237288135594,0.0,,3.9473684210526314
D_Broader_Pool,975079,msmarco_passage_34_122507568,81,0.06779661016949153,100.0,,22.22222222222222
D_Broader_Pool,975079,msmarco_passage_68_160730821,79,0.08,98.98989898989899,,10.126582278481013
D_Broader_Pool,975079,msmarco_passage_19_577300446,44,0.10526315789473684,97.97979797979798,,13.636363636363637
D_Broader_Pool,975079,msmarco_passage_19_577903463,44,0.10526315789473684,96.96969696969697,,13.636363636363637
D_Broader_Pool,975079,msmarco_passage_19_577988376,44,0.10526315789473684,95.95959595959596,,13.636363636363637
D_Broader_Pool,975079,msmarco_passage_04_428426158,56,0.09523809523809523,94.94949494949495,,17.857142857142858
D_Broader_Pool,975079,msmarco_passage_39_7640982,44,0.10526315789473684,93.93939393939394,,11.363636363636363
D_Broader_Pool,975079,msmarco_passage_04_442602590,44,0.10526315789473684,92.92929292929293,,11.363636363636363
D_Broader_Pool,975079,msmarco_passage_06_135432401,62,0.07317073170731707,91.91919191919192,,14.516129032258064
D_Broader_Pool,975079,msmarco_passage_58_259083082,44,0.125,90.9090909090909,,25.0
D_Broader_Pool,975079,msmarco_passage_59_773341087,33,0.0967741935483871,89.8989898989899,,18.181818181818183
D_Broader_Pool,975079,msmarco_passage_04_208886763,57,0.125,88.88888888888889,,10.526315789473685
D_Broader_Pool,975079,msmarco_passage_34_256606788,49,0.09523809523809523,87.87878787878788,,12.244897959183673
D_Broader_Pool,975079,msmarco_passage_38_640900286,40,0.11428571428571428,86.86868686868688,,10.0
D_Broader_Pool,975079,msmarco_passage_01_317043704,50,0.15789473684210525,85.85858585858585,,20.0
D_Broader_Pool,975079,msmarco_passage_18_643815000,44,0.1282051282051282,84.84848484848484,,4.545454545454546
D_Broader_Pool,975079,msmarco_passage_04_209741407,26,0.11538461538461539,83.83838383838383,,7.6923076923076925
D_Broader_Pool,975079,msmarco_passage_58_518024804,67,0.09433962264150944,82.82828282828282,,8.955223880597014
D_Broader_Pool,975079,msmarco_passage_18_508295128,99,0.0625,81.81818181818181,,9.090909090909092
D_Broader_Pool,975079,msmarco_passage_18_508298739,71,0.07692307692307693,80.8080808080808,,11.267605633802816
D_Broader_Pool,975079,msmarco_passage_65_148520253,55,0.07317073170731707,79.7979797979798,,14.545454545454545
D_Broader_Pool,975079,msmarco_passage_02_235583144,49,0.07142857142857142,78.78787878787878,,12.244897959183673
D_Broader_Pool,975079,msmarco_passage_68_150137893,50,0.10526315789473684,77.77777777777779,,34.0
D_Broader_Pool,975079,msmarco_passage_20_500975309,63,0.0975609756097561,76.76767676767678,,17.46031746031746
D_Broader_Pool,975079,msmarco_passage_04_665756474,54,0.06976744186046512,75.75757575757575,,16.666666666666668
D_Broader_Pool,975079,msmarco_passage_21_533470521,49,0.09523809523809523,74.74747474747474,,20.408163265306122
D_Broader_Pool,975079,msmarco_passage_24_412135705,48,0.08333333333333333,73.73737373737373,,12.5
D_Broader_Pool,975079,msmarco_passage_38_639628805,63,0.08695652173913043,72.72727272727273,,17.46031746031746
D_Broader_Pool,975079,msmarco_passage_04_378264937,58,0.075,71.71717171717171,,6.896551724137931
D_Broader_Pool,975079,msmarco_passage_04_380307746,60,0.08333333333333333,70.70707070707071,,23.333333333333332
D_Broader_Pool,975079,msmarco_passage_04_380418794,66,0.06,69.6969696969697,,18.181818181818183
D_Broader_Pool,975079,msmarco_passage_04_380415839,53,0.075,68.68686868686868,,15.09433962264151
D_Broader_Pool,975079,msmarco_passage_00_274244248,41,0.10526315789473684,67.67676767676767,,4.878048780487805
D_Broader_Pool,975079,msmarco_passage_21_533471484,44,0.12121212121212122,66.66666666666667,,20.454545454545453
D_Broader_Pool,975079,msmarco_passage_68_636615833,40,0.12903225806451613,65.65656565656566,,27.5
D_Broader_Pool,975079,msmarco_passage_11_172121986,40,0.12903225806451613,64.64646464646464,,27.5
D_Broader_Pool,975079,msmarco_passage_08_43774818,49,0.12121212121212122,63.63636363636363,,16.3265306122449
D_Broader_Pool,975079,msmarco_passage_17_443919198,44,0.1,62.62626262626263,,18.181818181818183
D_Broader_Pool,975079,msmarco_passage_04_379289492,55,0.06521739130434782,61.61616161616161,,20.0
D_Broader_Pool,975079,msmarco_passage_04_380239030,104,0.047619047619047616,60.60606060606061,,19.23076923076923
D_Broader_Pool,975079,msmarco_passage_21_646549032,45,0.0975609756097561,59.5959595959596,,8.88888888888889
D_Broader_Pool,975079,msmarco_passage_18_472513786,45,0.0975609756097561,58.58585858585859,,8.88888888888889
D_Broader_Pool,975079,msmarco_passage_18_472506104,45,0.0975609756097561,57.57575757575757,,8.88888888888889
D_Broader_Pool,975079,msmarco_passage_17_457948853,45,0.0975609756097561,56.56565656565656,,8.88888888888889
D_Broader_Pool,975079,msmarco_passage_17_457935996,45,0.0975609756097561,55.55555555555556,,8.88888888888889
D_Broader_Pool,975079,msmarco_passage_18_169733336,71,0.06896551724137931,54.54545454545454,,12.67605633802817
D_Broader_Pool,975079,msmarco_passage_18_769498545,46,0.09090909090909091,53.535353535353536,,17.391304347826086
D_Broader_Pool,975079,msmarco_passage_35_635520594,72,0.08695652173913043,52.52525252525253,,11.11111111111111
D_Broader_Pool,975079,msmarco_passage_04_377487769,58,0.11627906976744186,51.515151515151516,,8.620689655172415
D_Broader_Pool,975079,msmarco_passage_04_380958799,59,0.09523809523809523,50.5050505050505,,13.559322033898304
D_Broader_Pool,975079,msmarco_passage_18_794333391,44,0.14285714285714285,49.494949494949495,,13.636363636363637
D_Broader_Pool,975079,msmarco_passage_04_378365436,52,0.11428571428571428,48.484848484848484,,17.307692307692307
D_Broader_Pool,975079,msmarco_passage_38_639935117,52,0.11428571428571428,47.47474747474747,,17.307692307692307
D_Broader_Pool,975079,msmarco_passage_04_386520464,45,0.11428571428571428,46.464646464646464,,8.88888888888889
D_Broader_Pool,975079,msmarco_passage_40_157215370,81,0.08620689655172414,45.45454545454546,,17.28395061728395
D_Broader_Pool,975079,msmarco_passage_58_517720803,66,0.09803921568627451,44.44444444444444,,12.121212121212121
D_Broader_Pool,975079,msmarco_passage_04_380033594,46,0.1,43.43434343434344,,19.565217391304348
D_Broader_Pool,975079,msmarco_passage_06_383517164,53,0.1388888888888889,42.42424242424242,,24.528301886792452
D_Broader_Pool,975079,msmarco_passage_04_381281091,49,0.0975609756097561,41.41414141414141,,14.285714285714286
D_Broader_Pool,975079,msmarco_passage_10_207505389,47,0.1,40.40404040404041,,8.51063829787234
D_Broader_Pool,975079,msmarco_passage_04_378316384,62,0.08695652173913043,39.39393939393939,,12.903225806451612
D_Broader_Pool,975079,msmarco_passage_35_751087673,36,0.1,38.38383838383839,,25.0
D_Broader_Pool,975079,msmarco_passage_21_533344494,34,0.14814814814814814,37.37373737373737,,20.58823529411765
D_Broader_Pool,975079,msmarco_passage_21_533472016,57,0.09090909090909091,36.36363636363637,,12.280701754385966
D_Broader_Pool,975079,msmarco_passage_04_377824638,48,0.1282051282051282,35.35353535353535,,14.583333333333334
D_Broader_Pool,975079,msmarco_passage_04_380835412,59,0.09523809523809523,34.34343434343434,,10.169491525423728
D_Broader_Pool,975079,msmarco_passage_04_379702174,46,0.07317073170731707,33.333333333333336,,23.91304347826087
D_Broader_Pool,975079,msmarco_passage_18_485636181,37,0.15625,32.32323232323232,,18.91891891891892
D_Broader_Pool,975079,msmarco_passage_20_22881258,40,0.08823529411764706,31.313131313131315,,12.5
D_Broader_Pool,975079,msmarco_passage_34_337711083,48,0.07692307692307693,30.303030303030297,,22.916666666666668
D_Broader_Pool,975079,msmarco_passage_58_596374967,48,0.09523809523809523,29.292929292929294,,14.583333333333334
D_Broader_Pool,975079,msmarco_passage_04_377884628,72,0.11363636363636363,28.282828282828287,,22.22222222222222
D_Broader_Pool,975079,msmarco_passage_64_236854654,45,0.2,27.27272727272727,,22.22222222222222
D_Broader_Pool,975079,msmarco_passage_08_677858835,54,0.1111111111111111,26.262626262626267,,12.962962962962964
D_Broader_Pool,975079,msmarco_passage_04_380957391,64,0.10810810810810811,25.25252525252525,,18.75
D_Broader_Pool,975079,msmarco_passage_38_639807682,57,0.09090909090909091,24.242424242424242,,17.54385964912281
D_Broader_Pool,975079,msmarco_passage_04_379885110,68,0.0851063829787234,23.23232323232324,,22.058823529411764
D_Broader_Pool,975079,msmarco_passage_20_515148046,62,0.07547169811320754,22.22222222222222,,19.35483870967742
D_Broader_Pool,975079,msmarco_passage_04_380029175,66,0.09090909090909091,21.212121212121215,,10.606060606060606
D_Broader_Pool,975079,msmarco_passage_14_56330413,80,0.09803921568627451,20.2020202020202,,3.75
D_Broader_Pool,975079,msmarco_passage_10_262149126,44,0.10526315789473684,19.191919191919194,,15.909090909090908
D_Broader_Pool,975079,msmarco_passage_04_377603070,47,0.10256410256410256,18.181818181818176,,12.76595744680851
D_Broader_Pool,975079,msmarco_passage_58_92711356,52,0.11363636363636363,17.17171717171717,,13.461538461538462
D_Broader_Pool,975079,msmarco_passage_04_379833081,61,0.0975609756097561,16.161616161616166,,13.114754098360656
D_Broader_Pool,975079,msmarco_passage_06_580038732,42,0.11904761904761904,15.151515151515149,,11.904761904761905
D_Broader_Pool,975079,msmarco_passage_21_604956910,56,0.06521739130434782,14.141414141414144,,14.285714285714286
D_Broader_Pool,975079,msmarco_passage_04_377910097,39,0.11764705882352941,13.131313131313128,,7.6923076923076925
D_Broader_Pool,975079,msmarco_passage_08_677854469,55,0.1111111111111111,12.121212121212121,,12.727272727272727
D_Broader_Pool,975079,msmarco_passage_21_604958951,61,0.09302325581395349,11.111111111111116,,18.0327868852459
D_Broader_Pool,975079,msmarco_passage_08_679473323,52,0.1111111111111111,10.1010101010101,,15.384615384615385
D_Broader_Pool,975079,msmarco_passage_04_380377459,59,0.09090909090909091,9.090909090909093,,15.254237288135593
D_Broader_Pool,975079,msmarco_passage_08_676009446,59,0.10526315789473684,8.080808080808078,,15.254237288135593
D_Broader_Pool,975079,msmarco_passage_12_226303770,40,0.125,7.070707070707072,,15.0
D_Broader_Pool,975079,msmarco_passage_21_65765669,49,0.08571428571428572,6.060606060606055,,16.3265306122449
D_Broader_Pool,975079,msmarco_passage_58_526323071,55,0.08888888888888889,5.05050505050505,,14.545454545454545
D_Broader_Pool,975079,msmarco_passage_32_199903890,48,0.125,4.040404040404044,,4.166666666666667
D_Broader_Pool,975079,msmarco_passage_21_65766080,47,0.08333333333333333,3.0303030303030276,,10.638297872340425
D_Broader_Pool,975079,msmarco_passage_58_151022490,51,0.1111111111111111,2.020202020202022,,21.568627450980394
D_Broader_Pool,975079,msmarco_passage_05_112615659,52,0.13793103448275862,1.0101010101010055,,7.6923076923076925
D_Broader_Pool,975079,msmarco_passage_12_263358866,44,0.15151515151515152,0.0,,9.090909090909092
D_Broader_Pool,1006728,msmarco_passage_66_84491897,45,0.3225806451612903,100.0,,2.2222222222222223
D_Broader_Pool,1006728,msmarco_passage_65_827965155,45,0.3225806451612903,98.98989898989899,,2.2222222222222223
D_Broader_Pool,1006728,msmarco_passage_29_510661852,58,0.24324324324324326,97.97979797979798,,3.4482758620689653
D_Broader_Pool,1006728,msmarco_passage_29_532855669,58,0.24324324324324326,96.96969696969697,,3.4482758620689653
D_Broader_Pool,1006728,msmarco_passage_00_805095721,53,0.23255813953488372,95.95959595959596,,3.7735849056603774
D_Broader_Pool,1006728,msmarco_passage_16_689365971,53,0.23255813953488372,94.94949494949495,,3.7735849056603774
D_Broader_Pool,1006728,msmarco_passage_13_574326454,46,0.2571428571428571,93.93939393939394,,6.521739130434782
D_Broader_Pool,1006728,msmarco_passage_65_225025567,57,0.24444444444444444,92.92929292929293,,0.0
D_Broader_Pool,1006728,msmarco_passage_28_864687853,41,0.2,91.91919191919192,,2.4390243902439024
D_Broader_Pool,1006728,msmarco_passage_23_479124719,71,0.1016949152542373,90.9090909090909,,4.225352112676056
D_Broader_Pool,1006728,msmarco_passage_51_653520227,46,0.225,89.8989898989899,,2.1739130434782608
D_Broader_Pool,1006728,msmarco_passage_51_646926876,46,0.225,88.88888888888889,,2.1739130434782608
D_Broader_Pool,1006728,msmarco_passage_12_367443747,58,0.22727272727272727,87.87878787878788,,3.4482758620689653
D_Broader_Pool,1006728,msmarco_passage_55_329988089,39,0.20512820512820512,86.86868686868688,,2.5641025641025643
D_Broader_Pool,1006728,msmarco_passage_21_656747181,69,0.19607843137254902,85.85858585858585,,0.0
D_Broader_Pool,1006728,msmarco_passage_19_36113644,69,0.19607843137254902,84.84848484848484,,0.0
D_Broader_Pool,1006728,msmarco_passage_17_477012949,70,0.19230769230769232,83.83838383838383,,0.0
D_Broader_Pool,1006728,msmarco_passage_04_229067163,43,0.21052631578947367,82.82828282828282,,0.0
D_Broader_Pool,1006728,msmarco_passage_55_468332099,47,0.16666666666666666,81.81818181818181,,2.127659574468085
D_Broader_Pool,1006728,msmarco_passage_55_468196767,47,0.16666666666666666,80.8080808080808,,2.127659574468085
D_Broader_Pool,1006728,msmarco_passage_67_682144407,98,0.12307692307692308,79.7979797979798,,2.0408163265306123
D_Broader_Pool,1006728,msmarco_passage_30_650927429,50,0.18604651162790697,78.78787878787878,,0.0
D_Broader_Pool,1006728,msmarco_passage_28_687617757,40,0.1282051282051282,77.77777777777779,,15.0
D_Broader_Pool,1006728,msmarco_passage_13_693866620,57,0.18604651162790697,76.76767676767678,,5.2631578947368425
D_Broader_Pool,1006728,msmarco_passage_57_521474018,42,0.1794871794871795,75.75757575757575,,0.0
D_Broader_Pool,1006728,msmarco_passage_09_54394687,42,0.1794871794871795,74.74747474747474,,0.0
D_Broader_Pool,1006728,msmarco_passage_57_521488059,42,0.1794871794871795,73.73737373737373,,0.0
D_Broader_Pool,1006728,msmarco_passage_65_811449448,58,0.22727272727272727,72.72727272727273,,1.7241379310344827
D_Broader_Pool,1006728,msmarco_passage_66_70480679,58,0.22727272727272727,71.71717171717171,,1.7241379310344827
D_Broader_Pool,1006728,msmarco_passage_07_504695154,50,0.24324324324324326,70.70707070707071,,2.0
D_Broader_Pool,1006728,msmarco_passage_27_749801923,63,0.15217391304347827,69.6969696969697,,1.5873015873015872
D_Broader_Pool,1006728,msmarco_passage_58_335462263,57,0.23809523809523808,68.68686868686868,,7.017543859649122
D_Broader_Pool,1006728,msmarco_passage_27_425030639,81,0.15,67.67676767676767,,1.2345679012345678
D_Broader_Pool,1006728,msmarco_passage_02_506635606,41,0.15789473684210525,66.66666666666667,,0.0
D_Broader_Pool,1006728,msmarco_passage_29_231501319,41,0.15789473684210525,65.65656565656566,,0.0
D_Broader_Pool,1006728,msmarco_passage_08_291664990,49,0.21428571428571427,64.64646464646464,,10.204081632653061
D_Broader_Pool,1006728,msmarco_passage_53_483517307,74,0.1875,63.63636363636363,,4.054054054054054
D_Broader_Pool,1006728,msmarco_passage_53_483508571,74,0.1875,62.62626262626263,,4.054054054054054
D_Broader_Pool,1006728,msmarco_passage_29_185077002,51,0.23809523809523808,61.61616161616161,,3.9215686274509802
D_Broader_Pool,1006728,msmarco_passage_61_380172725,57,0.18604651162790697,60.60606060606061,,0.0
D_Broader_Pool,1006728,msmarco_passage_07_698992938,57,0.18604651162790697,59.5959595959596,,0.0
D_Broader_Pool,1006728,msmarco_passage_39_127139605,50,0.23076923076923078,58.58585858585859,,0.0
D_Broader_Pool,1006728,msmarco_passage_35_86380492,48,0.25,57.57575757575757,,0.0
D_Broader_Pool,1006728,msmarco_passage_33_845240529,44,0.16666666666666666,56.56565656565656,,4.545454545454546
D_Broader_Pool,1006728,msmarco_passage_64_190427898,67,0.14,55.55555555555556,,4.477611940298507
D_Broader_Pool,1006728,msmarco_passage_42_534040447,45,0.20512820512820512,54.54545454545454,,4.444444444444445
D_Broader_Pool,1006728,msmarco_passage_15_573561225,49,0.2647058823529412,53.535353535353536,,2.0408163265306123
D_Broader_Pool,1006728,msmarco_passage_65_799579625,47,0.21951219512195122,52.52525252525253,,0.0
D_Broader_Pool,1006728,msmarco_passage_66_59449933,47,0.21951219512195122,51.515151515151516,,0.0
D_Broader_Pool,1006728,msmarco_passage_04_134348380,59,0.15384615384615385,50.5050505050505,,1.694915254237288
D_Broader_Pool,1006728,msmarco_passage_00_341244349,68,0.1346153846153846,49.494949494949495,,1.4705882352941178
D_Broader_Pool,1006728,msmarco_passage_64_146076642,68,0.1346153846153846,48.484848484848484,,1.4705882352941178
D_Broader_Pool,1006728,msmarco_passage_02_821202298,55,0.19047619047619047,47.47474747474747,,1.8181818181818181
D_Broader_Pool,1006728,msmarco_passage_22_147691478,45,0.175,46.464646464646464,,4.444444444444445
D_Broader_Pool,1006728,msmarco_passage_02_177290040,56,0.15,45.45454545454546,,3.5714285714285716
D_Broader_Pool,1006728,msmarco_passage_02_215075133,56,0.15,44.44444444444444,,3.5714285714285716
D_Broader_Pool,1006728,msmarco_passage_02_216692835,56,0.15,43.43434343434344,,3.5714285714285716
D_Broader_Pool,1006728,msmarco_passage_27_503076580,56,0.15,42.42424242424242,,3.5714285714285716
D_Broader_Pool,1006728,msmarco_passage_27_507567157,56,0.15,41.41414141414141,,3.5714285714285716
D_Broader_Pool,1006728,msmarco_passage_30_676181643,50,0.18181818181818182,40.40404040404041,,2.0
D_Broader_Pool,1006728,msmarco_passage_17_588078572,41,0.22580645161290322,39.39393939393939,,4.878048780487805
D_Broader_Pool,1006728,msmarco_passage_65_851916699,67,0.14285714285714285,38.38383838383839,,2.985074626865672
D_Broader_Pool,1006728,msmarco_passage_65_851178736,67,0.14285714285714285,37.37373737373737,,2.985074626865672
D_Broader_Pool,1006728,msmarco_passage_66_107202933,67,0.14285714285714285,36.36363636363637,,2.985074626865672
D_Broader_Pool,1006728,msmarco_passage_66_107621288,67,0.14285714285714285,35.35353535353535,,2.985074626865672
D_Broader_Pool,1006728,msmarco_passage_00_341395235,58,0.17777777777777778,34.34343434343434,,8.620689655172415
D_Broader_Pool,1006728,msmarco_passage_64_209563041,58,0.17777777777777778,33.333333333333336,,8.620689655172415
D_Broader_Pool,1006728,msmarco_passage_61_780499106,45,0.19444444444444445,32.32323232323232,,4.444444444444445
D_Broader_Pool,1006728,msmarco_passage_27_514444626,61,0.13953488372093023,31.313131313131315,,6.557377049180328
D_Broader_Pool,1006728,msmarco_passage_04_825259357,39,0.24242424242424243,30.303030303030297,,2.5641025641025643
D_Broader_Pool,1006728,msmarco_passage_66_70476399,73,0.11320754716981132,29.292929292929294,,1.36986301369863
D_Broader_Pool,1006728,msmarco_passage_65_811445159,73,0.11320754716981132,28.282828282828287,,1.36986301369863
D_Broader_Pool,1006728,msmarco_passage_27_489780271,38,0.1935483870967742,27.27272727272727,,5.2631578947368425
D_Broader_Pool,1006728,msmarco_passage_27_495661755,38,0.1935483870967742,26.262626262626267,,5.2631578947368425
D_Broader_Pool,1006728,msmarco_passage_02_210060661,38,0.1935483870967742,25.25252525252525,,5.2631578947368425
D_Broader_Pool,1006728,msmarco_passage_02_174818611,38,0.1935483870967742,24.242424242424242,,5.2631578947368425
D_Broader_Pool,1006728,msmarco_passage_41_466167079,42,0.21052631578947367,23.23232323232324,,0.0
D_Broader_Pool,1006728,msmarco_passage_02_194038620,74,0.20754716981132076,22.22222222222222,,2.7027027027027026
D_Broader_Pool,1006728,msmarco_passage_30_796203139,37,0.2,21.212121212121215,,2.7027027027027026
D_Broader_Pool,1006728,msmarco_passage_02_499256362,39,0.19444444444444445,20.2020202020202,,0.0
D_Broader_Pool,1006728,msmarco_passage_28_480238827,57,0.10204081632653061,19.191919191919194,,1.7543859649122806
D_Broader_Pool,1006728,msmarco_passage_30_796204069,43,0.1388888888888889,18.181818181818176,,6.976744186046512
D_Broader_Pool,1006728,msmarco_passage_66_122176201,77,0.16071428571428573,17.17171717171717,,7.792207792207792
D_Broader_Pool,1006728,msmarco_passage_05_364836294,57,0.16279069767441862,16.161616161616166,,12.280701754385966
D_Broader_Pool,1006728,msmarco_passage_09_388841887,52,0.16279069767441862,15.151515151515149,,7.6923076923076925
D_Broader_Pool,1006728,msmarco_passage_66_1108697,77,0.16071428571428573,14.141414141414144,,7.792207792207792
D_Broader_Pool,1006728,msmarco_passage_11_855149121,49,0.23333333333333334,13.131313131313128,,4.081632653061225
D_Broader_Pool,1006728,msmarco_passage_68_91442967,45,0.18421052631578946,12.121212121212121,,6.666666666666667
D_Broader_Pool,1006728,msmarco_passage_53_760526383,54,0.15555555555555556,11.111111111111116,,5.555555555555555
D_Broader_Pool,1006728,msmarco_passage_08_134715783,54,0.15555555555555556,10.1010101010101,,5.555555555555555
D_Broader_Pool,1006728,msmarco_passage_13_403576164,60,0.18181818181818182,9.090909090909093,,1.6666666666666667
D_Broader_Pool,1006728,msmarco_passage_43_390862538,38,0.15151515151515152,8.080808080808078,,2.6315789473684212
D_Broader_Pool,1006728,msmarco_passage_05_569515307,38,0.15151515151515152,7.070707070707072,,2.6315789473684212
D_Broader_Pool,1006728,msmarco_passage_55_274913047,71,0.13725490196078433,6.060606060606055,,5.633802816901408
D_Broader_Pool,1006728,msmarco_passage_55_287016181,71,0.13725490196078433,5.05050505050505,,5.633802816901408
D_Broader_Pool,1006728,msmarco_passage_26_244647406,57,0.16666666666666666,4.040404040404044,,7.017543859649122
D_Broader_Pool,1006728,msmarco_passage_52_405966859,44,0.1875,3.0303030303030276,,0.0
D_Broader_Pool,1006728,msmarco_passage_06_436396330,37,0.15789473684210525,2.020202020202022,,13.513513513513514
D_Broader_Pool,1006728,msmarco_passage_66_66485405,52,0.19047619047619047,1.0101010101010055,,0.0
D_Broader_Pool,1006728,msmarco_passage_65_807316111,52,0.19047619047619047,0.0,,0.0
D_Broader_Pool,1040198,msmarco_passage_21_73132792,53,0.2682926829268293,100.0,,13.20754716981132
D_Broader_Pool,1040198,msmarco_passage_18_855527748,72,0.22916666666666666,98.98989898989899,,11.11111111111111
D_Broader_Pool,1040198,msmarco_passage_18_855178612,56,0.1875,97.97979797979798,,10.714285714285714
D_Broader_Pool,1040198,msmarco_passage_19_125724558,46,0.21052631578947367,96.96969696969697,,15.217391304347826
D_Broader_Pool,1040198,msmarco_passage_21_72934589,49,0.21428571428571427,95.95959595959596,,12.244897959183673
D_Broader_Pool,1040198,msmarco_passage_19_489886196,76,0.18181818181818182,94.94949494949495,,14.473684210526315
D_Broader_Pool,1040198,msmarco_passage_30_406653359,51,0.1875,93.93939393939394,,9.803921568627452
D_Broader_Pool,1040198,msmarco_passage_33_467171744,43,0.16279069767441862,92.92929292929293,,2.3255813953488373
D_Broader_Pool,1040198,msmarco_passage_56_572160546,52,0.10869565217391304,91.91919191919192,,5.769230769230769
D_Broader_Pool,1040198,msmarco_passage_28_851468982,53,0.2,90.9090909090909,,7.547169811320755
D_Broader_Pool,1040198,msmarco_passage_67_65385584,54,0.17647058823529413,89.8989898989899,,7.407407407407407
D_Broader_Pool,1040198,msmarco_passage_67_65676063,54,0.17647058823529413,88.88888888888889,,7.407407407407407
D_Broader_Pool,1040198,msmarco_passage_67_65022544,54,0.17647058823529413,87.87878787878788,,7.407407407407407
D_Broader_Pool,1040198,msmarco_passage_10_276645874,51,0.21621621621621623,86.86868686868688,,15.686274509803921
D_Broader_Pool,1040198,msmarco_passage_00_401241303,43,0.13636363636363635,85.85858585858585,,13.953488372093023
D_Broader_Pool,1040198,msmarco_passage_62_545085931,55,0.09615384615384616,84.84848484848484,,5.454545454545454
D_Broader_Pool,1040198,msmarco_passage_40_177206664,51,0.20588235294117646,83.83838383838383,,5.882352941176471
D_Broader_Pool,1040198,msmarco_passage_09_462981855,44,0.20512820512820512,82.82828282828282,,9.090909090909092
D_Broader_Pool,1040198,msmarco_passage_15_408035513,56,0.10714285714285714,81.81818181818181,,7.142857142857143
D_Broader_Pool,1040198,msmarco_passage_62_514650149,53,0.19444444444444445,80.8080808080808,,5.660377358490566
D_Broader_Pool,1040198,msmarco_passage_46_465432412,63,0.16666666666666666,79.7979797979798,,4.761904761904762
D_Broader_Pool,1040198,msmarco_passage_67_862052137,30,0.17647058823529413,78.78787878787878,,6.666666666666667
D_Broader_Pool,1040198,msmarco_passage_15_409962143,60,0.15217391304347827,77.77777777777779,,13.333333333333334
D_Broader_Pool,1040198,msmarco_passage_28_318199316,47,0.14634146341463414,76.76767676767678,,10.638297872340425
D_Broader_Pool,1040198,msmarco_passage_32_7355814,48,0.17073170731707318,75.75757575757575,,12.5
D_Broader_Pool,1040198,msmarco_passage_22_556103881,48,0.17391304347826086,74.74747474747474,,8.333333333333334
D_Broader_Pool,1040198,msmarco_passage_41_16080113,53,0.18604651162790697,73.73737373737373,,0.0
D_Broader_Pool,1040198,msmarco_passage_58_487253591,51,0.12244897959183673,72.72727272727273,,1.9607843137254901
D_Broader_Pool,1040198,msmarco_passage_42_545514224,57,0.18181818181818182,71.71717171717171,,7.017543859649122
D_Broader_Pool,1040198,msmarco_passage_16_264361861,46,0.13953488372093023,70.70707070707071,,2.1739130434782608
D_Broader_Pool,1040198,msmarco_passage_58_4144455,47,0.17777777777777778,69.6969696969697,,12.76595744680851
D_Broader_Pool,1040198,msmarco_passage_41_836292810,65,0.07246376811594203,68.68686868686868,,10.76923076923077
D_Broader_Pool,1040198,msmarco_passage_56_589855907,68,0.0967741935483871,67.67676767676767,,5.882352941176471
D_Broader_Pool,1040198,msmarco_passage_18_812055727,61,0.17777777777777778,66.66666666666667,,8.19672131147541
D_Broader_Pool,1040198,msmarco_passage_20_113907761,52,0.14893617021276595,65.65656565656566,,1.9230769230769231
D_Broader_Pool,1040198,msmarco_passage_06_99493473,58,0.1276595744680851,64.64646464646464,,5.172413793103448
D_Broader_Pool,1040198,msmarco_passage_17_757418816,52,0.15217391304347827,63.63636363636363,,7.6923076923076925
D_Broader_Pool,1040198,msmarco_passage_49_149590442,38,0.19444444444444445,62.62626262626263,,2.6315789473684212
D_Broader_Pool,1040198,msmarco_passage_11_18503729,50,0.10638297872340426,61.61616161616161,,8.0
D_Broader_Pool,1040198,msmarco_passage_32_7358111,52,0.13636363636363635,60.60606060606061,,9.615384615384615
D_Broader_Pool,1040198,msmarco_passage_03_214408754,60,0.17777777777777778,59.5959595959596,,8.333333333333334
D_Broader_Pool,1040198,msmarco_passage_33_467334134,60,0.17777777777777778,58.58585858585859,,8.333333333333334
D_Broader_Pool,1040198,msmarco_passage_18_437270263,76,0.12727272727272726,57.57575757575757,,5.2631578947368425
D_Broader_Pool,1040198,msmarco_passage_10_107325146,53,0.19148936170212766,56.56565656565656,,5.660377358490566
D_Broader_Pool,1040198,msmarco_passage_63_146611546,53,0.19148936170212766,55.55555555555556,,5.660377358490566
D_Broader_Pool,1040198,msmarco_passage_63_146624801,53,0.19148936170212766,54.54545454545454,,5.660377358490566
D_Broader_Pool,1040198,msmarco_passage_46_429324763,79,0.12307692307692308,53.535353535353536,,2.5316455696202533
D_Broader_Pool,1040198,msmarco_passage_62_34395877,49,0.14285714285714285,52.52525252525253,,2.0408163265306123
D_Broader_Pool,1040198,msmarco_passage_60_574959377,52,0.14285714285714285,51.515151515151516,,9.615384615384615
D_Broader_Pool,1040198,msmarco_passage_52_364046568,53,0.2,50.5050505050505,,11.320754716981131
D_Broader_Pool,1040198,msmarco_passage_32_841003200,36,0.2,49.494949494949495,,2.7777777777777777
D_Broader_Pool,1040198,msmarco_passage_35_430595429,39,0.2,48.484848484848484,,7.6923076923076925
D_Broader_Pool,1040198,msmarco_passage_45_255382087,112,0.10144927536231885,47.47474747474747,,3.5714285714285716
D_Broader_Pool,1040198,msmarco_passage_30_333271108,41,0.15384615384615385,46.464646464646464,,17.073170731707318
D_Broader_Pool,1040198,msmarco_passage_22_601342393,71,0.14754098360655737,45.45454545454546,,5.633802816901408
D_Broader_Pool,1040198,msmarco_passage_16_95665947,47,0.1590909090909091,44.44444444444444,,4.25531914893617
D_Broader_Pool,1040198,msmarco_passage_00_715252919,47,0.1590909090909091,43.43434343434344,,4.25531914893617
D_Broader_Pool,1040198,msmarco_passage_54_370465365,69,0.14583333333333334,42.42424242424242,,17.391304347826086
D_Broader_Pool,1040198,msmarco_passage_39_667737250,49,0.1276595744680851,41.41414141414141,,6.122448979591836
D_Broader_Pool,1040198,msmarco_passage_52_102217389,57,0.1346153846153846,40.40404040404041,,7.017543859649122
D_Broader_Pool,1040198,msmarco_passage_10_64195837,46,0.125,39.39393939393939,,10.869565217391305
D_Broader_Pool,1040198,msmarco_passage_63_97387931,46,0.125,38.38383838383839,,10.869565217391305
D_Broader_Pool,1040198,msmarco_passage_59_718754704,46,0.08,37.37373737373737,,2.1739130434782608
D_Broader_Pool,1040198,msmarco_passage_10_169243635,77,0.1111111111111111,36.36363636363637,,14.285714285714286
D_Broader_Pool,1040198,msmarco_passage_63_377109209,77,0.1111111111111111,35.35353535353535,,14.285714285714286
D_Broader_Pool,1040198,msmarco_passage_39_255786236,44,0.1111111111111111,34.34343434343434,,9.090909090909092
D_Broader_Pool,1040198,msmarco_passage_15_686685683,64,0.1568627450980392,33.333333333333336,,14.0625
D_Broader_Pool,1040198,msmarco_passage_18_855005759,37,0.19444444444444445,32.32323232323232,,10.81081081081081
D_Broader_Pool,1040198,msmarco_passage_00_638907269,47,0.125,31.313131313131315,,0.0
D_Broader_Pool,1040198,msmarco_passage_15_508634777,47,0.125,30.303030303030297,,0.0
D_Broader_Pool,1040198,msmarco_passage_43_827474270,52,0.16666666666666666,29.292929292929294,,3.8461538461538463
D_Broader_Pool,1040198,msmarco_passage_43_827335609,52,0.16666666666666666,28.282828282828287,,3.8461538461538463
D_Broader_Pool,1040198,msmarco_passage_00_715279921,58,0.1568627450980392,27.27272727272727,,5.172413793103448
D_Broader_Pool,1040198,msmarco_passage_16_89712884,58,0.1568627450980392,26.262626262626267,,5.172413793103448
D_Broader_Pool,1040198,msmarco_passage_16_300200839,59,0.18,25.25252525252525,,3.389830508474576
D_Broader_Pool,1040198,msmarco_passage_52_551342835,46,0.17391304347826086,24.242424242424242,,6.521739130434782
D_Broader_Pool,1040198,msmarco_passage_05_669818285,82,0.1724137931034483,23.23232323232324,,1.2195121951219512
D_Broader_Pool,1040198,msmarco_passage_43_558888756,82,0.1724137931034483,22.22222222222222,,1.2195121951219512
D_Broader_Pool,1040198,msmarco_passage_26_596508380,53,0.08333333333333333,21.212121212121215,,1.8867924528301887
D_Broader_Pool,1040198,msmarco_passage_46_161851344,60,0.15384615384615385,20.2020202020202,,5.0
D_Broader_Pool,1040198,msmarco_passage_63_97389808,39,0.13636363636363635,19.191919191919194,,10.256410256410257
D_Broader_Pool,1040198,msmarco_passage_10_64197171,39,0.13636363636363635,18.181818181818176,,10.256410256410257
D_Broader_Pool,1040198,msmarco_passage_18_323840140,42,0.21052631578947367,17.17171717171717,,0.0
D_Broader_Pool,1040198,msmarco_passage_01_87416589,42,0.21052631578947367,16.161616161616166,,0.0
D_Broader_Pool,1040198,msmarco_passage_59_704133983,42,0.13333333333333333,15.151515151515149,,11.904761904761905
D_Broader_Pool,1040198,msmarco_passage_44_113090637,40,0.2222222222222222,14.141414141414144,,5.0
D_Broader_Pool,1040198,msmarco_passage_65_416302992,72,0.12903225806451613,13.131313131313128,,2.7777777777777777
D_Broader_Pool,1040198,msmarco_passage_39_132815117,69,0.1346153846153846,12.121212121212121,,8.695652173913043
D_Broader_Pool,1040198,msmarco_passage_57_657618493,56,0.20454545454545456,11.111111111111116,,3.5714285714285716
D_Broader_Pool,1040198,msmarco_passage_30_406711786,56,0.20454545454545456,10.1010101010101,,3.5714285714285716
D_Broader_Pool,1040198,msmarco_passage_56_407863337,65,0.12727272727272726,9.090909090909093,,7.6923076923076925
D_Broader_Pool,1040198,msmarco_passage_52_783107488,39,0.10526315789473684,8.080808080808078,,25.641025641025642
D_Broader_Pool,1040198,msmarco_passage_48_650686037,49,0.18181818181818182,7.070707070707072,,2.0408163265306123
D_Broader_Pool,1040198,msmarco_passage_52_111927231,80,0.1,6.060606060606055,,8.75
D_Broader_Pool,1040198,msmarco_passage_27_652840517,53,0.10204081632653061,5.05050505050505,,1.8867924528301887
D_Broader_Pool,1040198,msmarco_passage_52_111928475,62,0.10909090909090909,4.040404040404044,,1.6129032258064515
D_Broader_Pool,1040198,msmarco_passage_67_908209190,57,0.13725490196078433,3.0303030303030276,,1.7543859649122806
D_Broader_Pool,1040198,msmarco_passage_52_101929280,39,0.20588235294117646,2.020202020202022,,2.5641025641025643
D_Broader_Pool,1040198,msmarco_passage_18_540221396,38,0.10256410256410256,1.0101010101010055,,2.6315789473684212
D_Broader_Pool,1040198,msmarco_passage_36_161094094,55,0.10869565217391304,0.0,,7.2727272727272725
D_Broader_Pool,1104300,msmarco_passage_04_229219126,34,0.27586206896551724,100.0,,0.0
D_Broader_Pool,1104300,msmarco_passage_13_403234311,50,0.14285714285714285,98.98989898989899,,0.0
D_Broader_Pool,1104300,msmarco_passage_09_610218932,43,0.2857142857142857,97.97979797979798,,0.0
D_Broader_Pool,1104300,msmarco_passage_09_610221866,43,0.2857142857142857,96.96969696969697,,0.0
D_Broader_Pool,1104300,msmarco_passage_61_239237400,43,0.2857142857142857,95.95959595959596,,0.0
D_Broader_Pool,1104300,msmarco_passage_39_832891254,47,0.25806451612903225,94.94949494949495,,4.25531914893617
D_Broader_Pool,1104300,msmarco_passage_41_625228576,45,0.18181818181818182,93.93939393939394,,6.666666666666667
D_Broader_Pool,1104300,msmarco_passage_41_661660789,42,0.18181818181818182,92.92929292929293,,0.0
D_Broader_Pool,1104300,msmarco_passage_00_692365008,33,0.2413793103448276,91.91919191919192,,6.0606060606060606
D_Broader_Pool,1104300,msmarco_passage_04_176516058,26,0.24,90.9090909090909,,11.538461538461538
D_Broader_Pool,1104300,msmarco_passage_29_587960871,44,0.23529411764705882,89.8989898989899,,2.272727272727273
D_Broader_Pool,1104300,msmarco_passage_61_239219324,60,0.2222222222222222,88.88888888888889,,1.6666666666666667
D_Broader_Pool,1104300,msmarco_passage_02_555869908,34,0.21428571428571427,87.87878787878788,,5.882352941176471
D_Broader_Pool,1104300,msmarco_passage_29_593127088,34,0.21428571428571427,86.86868686868688,,5.882352941176471
D_Broader_Pool,1104300,msmarco_passage_29_605016800,48,0.20588235294117646,85.85858585858585,,0.0
D_Broader_Pool,1104300,msmarco_passage_09_610199455,50,0.22857142857142856,84.84848484848484,,2.0
D_Broader_Pool,1104300,msmarco_passage_09_610203577,50,0.22857142857142856,83.83838383838383,,2.0
D_Broader_Pool,1104300,msmarco_passage_09_610195333,50,0.22857142857142856,82.82828282828282,,2.0
D_Broader_Pool,1104300,msmarco_passage_19_56101998,38,0.22580645161290322,81.81818181818181,,0.0
D_Broader_Pool,1104300,msmarco_passage_35_731101872,44,0.1794871794871795,80.8080808080808,,0.0
D_Broader_Pool,1104300,msmarco_passage_29_589530830,49,0.18421052631578946,79.7979797979798,,0.0
D_Broader_Pool,1104300,msmarco_passage_40_129206162,47,0.1891891891891892,78.78787878787878,,2.127659574468085
D_Broader_Pool,1104300,msmarco_passage_40_142748462,52,0.15,77.77777777777779,,0.0
D_Broader_Pool,1104300,msmarco_passage_57_226304837,50,0.13333333333333333,76.76767676767678,,2.0
D_Broader_Pool,1104300,msmarco_passage_65_725400684,54,0.20588235294117646,75.75757575757575,,5.555555555555555
D_Broader_Pool,1104300,msmarco_passage_29_589534850,52,0.23809523809523808,74.74747474747474,,3.8461538461538463
D_Broader_Pool,1104300,msmarco_passage_30_601723083,54,0.17073170731707318,73.73737373737373,,0.0
D_Broader_Pool,1104300,msmarco_passage_13_412194312,60,0.13953488372093023,72.72727272727273,,6.666666666666667
D_Broader_Pool,1104300,msmarco_passage_12_540375302,43,0.2857142857142857,71.71717171717171,,2.3255813953488373
D_Broader_Pool,1104300,msmarco_passage_12_540376203,39,0.25,70.70707070707071,,0.0
D_Broader_Pool,1104300,msmarco_passage_04_549705104,44,0.21875,69.6969696969697,,15.909090909090908
D_Broader_Pool,1104300,msmarco_passage_22_456950510,49,0.20512820512820512,68.68686868686868,,2.0408163265306123
D_Broader_Pool,1104300,msmarco_passage_32_178533301,54,0.20512820512820512,67.67676767676767,,0.0
D_Broader_Pool,1104300,msmarco_passage_38_289490307,31,0.1875,66.66666666666667,,0.0
D_Broader_Pool,1104300,msmarco_passage_40_115347772,70,0.17073170731707318,65.65656565656566,,0.0
D_Broader_Pool,1104300,msmarco_passage_41_662038207,61,0.10416666666666667,64.64646464646464,,0.0
D_Broader_Pool,1104300,msmarco_passage_52_213444635,43,0.21621621621621623,63.63636363636363,,4.651162790697675
D_Broader_Pool,1104300,msmarco_passage_39_514532327,62,0.21052631578947367,62.62626262626263,,4.838709677419355
D_Broader_Pool,1104300,msmarco_passage_39_808771055,37,0.1724137931034483,61.61616161616161,,2.7027027027027026
D_Broader_Pool,1104300,msmarco_passage_02_506556041,46,0.1,60.60606060606061,,2.1739130434782608
D_Broader_Pool,1104300,msmarco_passage_29_231421573,46,0.1,59.5959595959596,,2.1739130434782608
D_Broader_Pool,1104300,msmarco_passage_12_832096704,46,0.10869565217391304,58.58585858585859,,0.0
D_Broader_Pool,1104300,msmarco_passage_12_832092606,46,0.10869565217391304,57.57575757575757,,0.0
D_Broader_Pool,1104300,msmarco_passage_40_142735209,39,0.18421052631578946,56.56565656565656,,0.0
D_Broader_Pool,1104300,msmarco_passage_60_146314666,37,0.1875,55.55555555555556,,2.7027027027027026
D_Broader_Pool,1104300,msmarco_passage_32_95205948,48,0.12195121951219512,54.54545454545454,,0.0
D_Broader_Pool,1104300,msmarco_passage_64_463600069,36,0.13513513513513514,53.535353535353536,,2.7777777777777777
D_Broader_Pool,1104300,msmarco_passage_61_239218741,60,0.10204081632653061,52.52525252525253,,8.333333333333334
D_Broader_Pool,1104300,msmarco_passage_61_239219860,46,0.1794871794871795,51.515151515151516,,4.3478260869565215
D_Broader_Pool,1104300,msmarco_passage_26_370083617,52,0.22580645161290322,50.5050505050505,,13.461538461538462
D_Broader_Pool,1104300,msmarco_passage_29_609782749,43,0.1388888888888889,49.494949494949495,,0.0
D_Broader_Pool,1104300,msmarco_passage_03_147934224,45,0.15,48.484848484848484,,4.444444444444445
D_Broader_Pool,1104300,msmarco_passage_18_227923596,63,0.13043478260869565,47.47474747474747,,6.349206349206349
D_Broader_Pool,1104300,msmarco_passage_15_611630807,49,0.16216216216216217,46.464646464646464,,4.081632653061225
D_Broader_Pool,1104300,msmarco_passage_13_400772056,45,0.19444444444444445,45.45454545454546,,0.0
D_Broader_Pool,1104300,msmarco_passage_43_558645816,49,0.17073170731707318,44.44444444444444,,6.122448979591836
D_Broader_Pool,1104300,msmarco_passage_05_669754570,49,0.17073170731707318,43.43434343434344,,6.122448979591836
D_Broader_Pool,1104300,msmarco_passage_14_388709261,43,0.2,42.42424242424242,,2.3255813953488373
D_Broader_Pool,1104300,msmarco_passage_09_610194919,36,0.10526315789473684,41.41414141414141,,11.11111111111111
D_Broader_Pool,1104300,msmarco_passage_09_610199041,36,0.10526315789473684,40.40404040404041,,11.11111111111111
D_Broader_Pool,1104300,msmarco_passage_09_610203163,36,0.10526315789473684,39.39393939393939,,11.11111111111111
D_Broader_Pool,1104300,msmarco_passage_37_77859890,47,0.1794871794871795,38.38383838383839,,10.638297872340425
D_Broader_Pool,1104300,msmarco_passage_02_506774090,39,0.14705882352941177,37.37373737373737,,0.0
D_Broader_Pool,1104300,msmarco_passage_29_231627899,39,0.14705882352941177,36.36363636363637,,0.0
D_Broader_Pool,1104300,msmarco_passage_09_610218486,44,0.13636363636363635,35.35353535353535,,4.545454545454546
D_Broader_Pool,1104300,msmarco_passage_09_610221420,44,0.13636363636363635,34.34343434343434,,4.545454545454546
D_Broader_Pool,1104300,msmarco_passage_61_239236953,44,0.13636363636363635,33.333333333333336,,4.545454545454546
D_Broader_Pool,1104300,msmarco_passage_29_589528444,61,0.14705882352941177,32.32323232323232,,0.0
D_Broader_Pool,1104300,msmarco_passage_37_77852196,67,0.14893617021276595,31.313131313131315,,0.0
D_Broader_Pool,1104300,msmarco_passage_37_792859431,64,0.17391304347826086,30.303030303030297,,3.125
D_Broader_Pool,1104300,msmarco_passage_11_233110103,44,0.09523809523809523,29.292929292929294,,4.545454545454546
D_Broader_Pool,1104300,msmarco_passage_68_843082660,44,0.09523809523809523,28.282828282828287,,4.545454545454546
D_Broader_Pool,1104300,msmarco_passage_29_589529027,36,0.1935483870967742,27.27272727272727,,5.555555555555555
D_Broader_Pool,1104300,msmarco_passage_18_227912998,70,0.125,26.262626262626267,,5.714285714285714
D_Broader_Pool,1104300,msmarco_passage_02_506773688,42,0.14285714285714285,25.25252525252525,,0.0
D_Broader_Pool,1104300,msmarco_passage_29_231627496,42,0.14285714285714285,24.242424242424242,,0.0
D_Broader_Pool,1104300,msmarco_passage_29_599036822,43,0.13157894736842105,23.23232323232324,,2.3255813953488373
D_Broader_Pool,1104300,msmarco_passage_01_160180776,46,0.16216216216216217,22.22222222222222,,0.0
D_Broader_Pool,1104300,msmarco_passage_18_227926314,33,0.125,21.212121212121215,,9.090909090909092
D_Broader_Pool,1104300,msmarco_passage_18_227915379,33,0.125,20.2020202020202,,9.090909090909092
D_Broader_Pool,1104300,msmarco_passage_13_371135114,54,0.16279069767441862,19.191919191919194,,7.407407407407407
D_Broader_Pool,1104300,msmarco_passage_37_792820752,48,0.1794871794871795,18.181818181818176,,4.166666666666667
D_Broader_Pool,1104300,msmarco_passage_40_138634813,45,0.15384615384615385,17.17171717171717,,0.0
D_Broader_Pool,1104300,msmarco_passage_04_42133534,53,0.15789473684210525,16.161616161616166,,1.8867924528301887
D_Broader_Pool,1104300,msmarco_passage_05_317546209,53,0.15789473684210525,15.151515151515149,,1.8867924528301887
D_Broader_Pool,1104300,msmarco_passage_37_792886654,53,0.15789473684210525,14.141414141414144,,1.8867924528301887
D_Broader_Pool,1104300,msmarco_passage_03_147938471,51,0.11627906976744186,13.131313131313128,,5.882352941176471
D_Broader_Pool,1104300,msmarco_passage_39_472501017,37,0.14705882352941177,12.121212121212121,,5.405405405405405
D_Broader_Pool,1104300,msmarco_passage_55_856361516,47,0.2727272727272727,11.111111111111116,,2.127659574468085
D_Broader_Pool,1104300,msmarco_passage_15_573385878,45,0.3333333333333333,10.1010101010101,,2.2222222222222223
D_Broader_Pool,1104300,msmarco_passage_13_373889262,47,0.11363636363636363,9.090909090909093,,6.382978723404255
D_Broader_Pool,1104300,msmarco_passage_13_374632877,47,0.11363636363636363,8.080808080808078,,6.382978723404255
D_Broader_Pool,1104300,msmarco_passage_43_527780572,38,0.12903225806451613,7.070707070707072,,0.0
D_Broader_Pool,1104300,msmarco_passage_03_146090210,39,0.1935483870967742,6.060606060606055,,0.0
D_Broader_Pool,1104300,msmarco_passage_05_671063169,53,0.058823529411764705,5.05050505050505,,3.7735849056603774
D_Broader_Pool,1104300,msmarco_passage_43_563530176,53,0.058823529411764705,4.040404040404044,,3.7735849056603774
D_Broader_Pool,1104300,msmarco_passage_29_188199365,44,0.34782608695652173,3.0303030303030276,,2.272727272727273
D_Broader_Pool,1104300,msmarco_passage_29_191459682,44,0.34782608695652173,2.020202020202022,,2.272727272727273
D_Broader_Pool,1104300,msmarco_passage_30_284647398,44,0.34782608695652173,1.0101010101010055,,2.272727272727273
D_Broader_Pool,1104300,msmarco_passage_31_573665262,37,0.09090909090909091,0.0,,18.91891891891892
D_Broader_Pool,1104447,msmarco_passage_23_292595528,42,0.17073170731707318,100.0,,2.380952380952381
D_Broader_Pool,1104447,msmarco_passage_64_118540069,49,0.21951219512195122,98.98989898989899,,2.0408163265306123
D_Broader_Pool,1104447,msmarco_passage_01_399581151,49,0.21951219512195122,97.97979797979798,,2.0408163265306123
D_Broader_Pool,1104447,msmarco_passage_64_227336706,49,0.21951219512195122,96.96969696969697,,2.0408163265306123
D_Broader_Pool,1104447,msmarco_passage_01_398138178,49,0.21951219512195122,95.95959595959596,,2.0408163265306123
D_Broader_Pool,1104447,msmarco_passage_64_204172919,49,0.21951219512195122,94.94949494949495,,2.0408163265306123
D_Broader_Pool,1104447,msmarco_passage_30_651422467,52,0.20454545454545456,93.93939393939394,,5.769230769230769
D_Broader_Pool,1104447,msmarco_passage_55_657553371,54,0.18,92.92929292929293,,1.8518518518518519
D_Broader_Pool,1104447,msmarco_passage_23_288607043,53,0.25,91.91919191919192,,3.7735849056603774
D_Broader_Pool,1104447,msmarco_passage_35_174658196,49,0.2777777777777778,90.9090909090909,,10.204081632653061
D_Broader_Pool,1104447,msmarco_passage_03_437652637,49,0.2777777777777778,89.8989898989899,,10.204081632653061
D_Broader_Pool,1104447,msmarco_passage_23_290887728,49,0.21428571428571427,88.88888888888889,,10.204081632653061
D_Broader_Pool,1104447,msmarco_passage_23_288556993,70,0.22916666666666666,87.87878787878788,,4.285714285714286
D_Broader_Pool,1104447,msmarco_passage_31_577003900,47,0.18604651162790697,86.86868686868688,,6.382978723404255
D_Broader_Pool,1104447,msmarco_passage_30_741466243,42,0.25,85.85858585858585,,2.380952380952381
D_Broader_Pool,1104447,msmarco_passage_12_233474783,37,0.20588235294117646,84.84848484848484,,2.7027027027027026
D_Broader_Pool,1104447,msmarco_passage_23_802015408,42,0.25,83.83838383838383,,2.380952380952381
D_Broader_Pool,1104447,msmarco_passage_10_561771439,45,0.23809523809523808,82.82828282828282,,0.0
D_Broader_Pool,1104447,msmarco_passage_66_233593770,45,0.23809523809523808,81.81818181818181,,0.0
D_Broader_Pool,1104447,msmarco_passage_12_226015228,38,0.2,80.8080808080808,,5.2631578947368425
D_Broader_Pool,1104447,msmarco_passage_65_369944174,77,0.16363636363636364,79.7979797979798,,7.792207792207792
D_Broader_Pool,1104447,msmarco_passage_03_460889820,41,0.23076923076923078,78.78787878787878,,4.878048780487805
D_Broader_Pool,1104447,msmarco_passage_10_428343529,41,0.23076923076923078,77.77777777777779,,4.878048780487805
D_Broader_Pool,1104447,msmarco_passage_35_309977063,41,0.23076923076923078,76.76767676767678,,4.878048780487805
D_Broader_Pool,1104447,msmarco_passage_32_584547635,48,0.19047619047619047,75.75757575757575,,6.25
D_Broader_Pool,1104447,msmarco_passage_45_349456027,55,0.20930232558139536,74.74747474747474,,7.2727272727272725
D_Broader_Pool,1104447,msmarco_passage_17_510278683,49,0.14285714285714285,73.73737373737373,,6.122448979591836
D_Broader_Pool,1104447,msmarco_passage_04_127721315,47,0.18181818181818182,72.72727272727273,,2.127659574468085
D_Broader_Pool,1104447,msmarco_passage_28_336830624,45,0.24390243902439024,71.71717171717171,,8.88888888888889
D_Broader_Pool,1104447,msmarco_passage_02_353907708,45,0.24390243902439024,70.70707070707071,,8.88888888888889
D_Broader_Pool,1104447,msmarco_passage_31_608727495,46,0.1276595744680851,69.6969696969697,,8.695652173913043
D_Broader_Pool,1104447,msmarco_passage_47_463747303,49,0.23255813953488372,68.68686868686868,,2.0408163265306123
D_Broader_Pool,1104447,msmarco_passage_06_545339433,49,0.23255813953488372,67.67676767676767,,2.0408163265306123
D_Broader_Pool,1104447,msmarco_passage_30_796116110,44,0.1794871794871795,66.66666666666667,,13.636363636363637
D_Broader_Pool,1104447,msmarco_passage_66_308163384,57,0.11764705882352941,65.65656565656566,,7.017543859649122
D_Broader_Pool,1104447,msmarco_passage_61_680933437,49,0.2,64.64646464646464,,2.0408163265306123
D_Broader_Pool,1104447,msmarco_passage_30_791791284,39,0.2571428571428571,63.63636363636363,,7.6923076923076925
D_Broader_Pool,1104447,msmarco_passage_64_138475297,51,0.2,62.62626262626263,,3.9215686274509802
D_Broader_Pool,1104447,msmarco_passage_30_755252597,48,0.20930232558139536,61.61616161616161,,4.166666666666667
D_Broader_Pool,1104447,msmarco_passage_30_580103107,49,0.25,60.60606060606061,,8.16326530612245
D_Broader_Pool,1104447,msmarco_passage_03_294181564,47,0.1,59.5959595959596,,10.638297872340425
D_Broader_Pool,1104447,msmarco_passage_66_308174201,52,0.1590909090909091,58.58585858585859,,5.769230769230769
D_Broader_Pool,1104447,msmarco_passage_44_586545035,54,0.13725490196078433,57.57575757575757,,9.25925925925926
D_Broader_Pool,1104447,msmarco_passage_04_209169682,48,0.16666666666666666,56.56565656565656,,2.0833333333333335
D_Broader_Pool,1104447,msmarco_passage_30_717686399,49,0.17073170731707318,55.55555555555556,,6.122448979591836
D_Broader_Pool,1104447,msmarco_passage_32_540525539,43,0.21621621621621623,54.54545454545454,,2.3255813953488373
D_Broader_Pool,1104447,msmarco_passage_03_529927689,48,0.1111111111111111,53.535353535353536,,14.583333333333334
D_Broader_Pool,1104447,msmarco_passage_31_593523675,90,0.16666666666666666,52.52525252525253,,4.444444444444445
D_Broader_Pool,1104447,msmarco_passage_30_579628152,47,0.26666666666666666,51.515151515151516,,10.638297872340425
D_Broader_Pool,1104447,msmarco_passage_53_329547683,44,0.1794871794871795,50.5050505050505,,4.545454545454546
D_Broader_Pool,1104447,msmarco_passage_12_265262699,22,0.22727272727272727,49.494949494949495,,13.636363636363637
D_Broader_Pool,1104447,msmarco_passage_35_380262770,48,0.13636363636363635,48.484848484848484,,6.25
D_Broader_Pool,1104447,msmarco_passage_30_672589461,48,0.16279069767441862,47.47474747474747,,4.166666666666667
D_Broader_Pool,1104447,msmarco_passage_17_96047533,45,0.16279069767441862,46.464646464646464,,2.2222222222222223
D_Broader_Pool,1104447,msmarco_passage_22_471903366,39,0.2222222222222222,45.45454545454546,,2.5641025641025643
D_Broader_Pool,1104447,msmarco_passage_26_114495329,53,0.19047619047619047,44.44444444444444,,3.7735849056603774
D_Broader_Pool,1104447,msmarco_passage_30_580579463,49,0.25806451612903225,43.43434343434344,,6.122448979591836
D_Broader_Pool,1104447,msmarco_passage_26_114498360,50,0.1794871794871795,42.42424242424242,,6.0
D_Broader_Pool,1104447,msmarco_passage_30_705078065,48,0.20512820512820512,41.41414141414141,,6.25
D_Broader_Pool,1104447,msmarco_passage_23_291141900,39,0.19444444444444445,40.40404040404041,,5.128205128205129
D_Broader_Pool,1104447,msmarco_passage_22_471901875,31,0.21212121212121213,39.39393939393939,,3.225806451612903
D_Broader_Pool,1104447,msmarco_passage_09_339822431,44,0.225,38.38383838383839,,0.0
D_Broader_Pool,1104447,msmarco_passage_45_349455569,53,0.20833333333333334,37.37373737373737,,1.8867924528301887
D_Broader_Pool,1104447,msmarco_passage_65_582805089,52,0.2,36.36363636363637,,17.307692307692307
D_Broader_Pool,1104447,msmarco_passage_05_867319797,45,0.21951219512195122,35.35353535353535,,4.444444444444445
D_Broader_Pool,1104447,msmarco_passage_38_865032892,63,0.17391304347826086,34.34343434343434,,3.1746031746031744
D_Broader_Pool,1104447,msmarco_passage_33_760815407,62,0.14814814814814814,33.333333333333336,,4.838709677419355
D_Broader_Pool,1104447,msmarco_passage_31_552512556,47,0.15,32.32323232323232,,2.127659574468085
D_Broader_Pool,1104447,msmarco_passage_25_691392825,52,0.20833333333333334,31.313131313131315,,7.6923076923076925
D_Broader_Pool,1104447,msmarco_passage_30_296004957,49,0.16326530612244897,30.303030303030297,,0.0
D_Broader_Pool,1104447,msmarco_passage_60_247595378,50,0.20454545454545456,29.292929292929294,,6.0
D_Broader_Pool,1104447,msmarco_passage_30_720287144,44,0.17142857142857143,28.282828282828287,,11.363636363636363
D_Broader_Pool,1104447,msmarco_passage_57_831267725,57,0.1794871794871795,27.27272727272727,,8.771929824561404
D_Broader_Pool,1104447,msmarco_passage_47_554626035,36,0.21428571428571427,26.262626262626267,,0.0
D_Broader_Pool,1104447,msmarco_passage_05_850711058,30,0.21428571428571427,25.25252525252525,,6.666666666666667
D_Broader_Pool,1104447,msmarco_passage_44_510671468,30,0.21428571428571427,24.242424242424242,,6.666666666666667
D_Broader_Pool,1104447,msmarco_passage_15_182568779,45,0.23809523809523808,23.23232323232324,,4.444444444444445
D_Broader_Pool,1104447,msmarco_passage_31_593526794,52,0.19047619047619047,22.22222222222222,,5.769230769230769
D_Broader_Pool,1104447,msmarco_passage_30_772483025,56,0.16,21.212121212121215,,5.357142857142857
D_Broader_Pool,1104447,msmarco_passage_04_154129214,50,0.175,20.2020202020202,,2.0
D_Broader_Pool,1104447,msmarco_passage_04_191576262,62,0.20408163265306123,19.191919191919194,,9.67741935483871
D_Broader_Pool,1104447,msmarco_passage_04_194926843,62,0.20408163265306123,18.181818181818176,,9.67741935483871
D_Broader_Pool,1104447,msmarco_passage_30_585741779,51,0.22857142857142856,17.17171717171717,,9.803921568627452
D_Broader_Pool,1104447,msmarco_passage_30_780045514,47,0.18181818181818182,16.161616161616166,,14.893617021276595
D_Broader_Pool,1104447,msmarco_passage_11_674610516,35,0.2647058823529412,15.151515151515149,,8.571428571428571
D_Broader_Pool,1104447,msmarco_passage_30_785024807,47,0.18181818181818182,14.141414141414144,,6.382978723404255
D_Broader_Pool,1104447,msmarco_passage_30_579598183,38,0.1388888888888889,13.131313131313128,,0.0
D_Broader_Pool,1104447,msmarco_passage_39_313195563,43,0.15789473684210525,12.121212121212121,,2.3255813953488373
D_Broader_Pool,1104447,msmarco_passage_04_199470139,45,0.1282051282051282,11.111111111111116,,0.0
D_Broader_Pool,1104447,msmarco_passage_36_444945944,314,0.08653846153846154,10.1010101010101,,4.777070063694268
D_Broader_Pool,1104447,msmarco_passage_31_622569643,47,0.15384615384615385,9.090909090909093,,6.382978723404255
D_Broader_Pool,1104447,msmarco_passage_10_404882267,49,0.15,8.080808080808078,,4.081632653061225
D_Broader_Pool,1104447,msmarco_passage_65_80196049,49,0.15,7.070707070707072,,4.081632653061225
D_Broader_Pool,1104447,msmarco_passage_57_829974748,51,0.2127659574468085,6.060606060606055,,3.9215686274509802
D_Broader_Pool,1104447,msmarco_passage_31_613282042,56,0.16666666666666666,5.05050505050505,,5.357142857142857
D_Broader_Pool,1104447,msmarco_passage_04_152993504,57,0.2,4.040404040404044,,5.2631578947368425
D_Broader_Pool,1104447,msmarco_passage_38_828354705,51,0.21428571428571427,3.0303030303030276,,9.803921568627452
D_Broader_Pool,1104447,msmarco_passage_04_194929669,62,0.17391304347826086,2.020202020202022,,11.290322580645162
D_Broader_Pool,1104447,msmarco_passage_23_602836538,111,0.15,1.0101010101010055,,7.207207207207207
D_Broader_Pool,1104447,msmarco_passage_03_294181101,46,0.22857142857142856,0.0,,8.695652173913043
D_Broader_Pool,1107704,msmarco_passage_06_221669119,34,0.13157894736842105,100.0,,14.705882352941176
D_Broader_Pool,1107704,msmarco_passage_06_847023736,38,0.17142857142857143,98.98989898989899,,7.894736842105263
D_Broader_Pool,1107704,msmarco_passage_01_204519962,52,0.13636363636363635,97.97979797979798,,5.769230769230769
D_Broader_Pool,1107704,msmarco_passage_22_36113773,52,0.13636363636363635,96.96969696969697,,5.769230769230769
D_Broader_Pool,1107704,msmarco_passage_06_221679446,50,0.15,95.95959595959596,,4.0
D_Broader_Pool,1107704,msmarco_passage_53_63292867,45,0.125,94.94949494949495,,4.444444444444445
D_Broader_Pool,1107704,msmarco_passage_68_155495476,62,0.13043478260869565,93.93939393939394,,4.838709677419355
D_Broader_Pool,1107704,msmarco_passage_06_847024080,65,0.11764705882352941,92.92929292929293,,10.76923076923077
D_Broader_Pool,1107704,msmarco_passage_38_823706842,43,0.17647058823529413,91.91919191919192,,16.27906976744186
D_Broader_Pool,1107704,msmarco_passage_08_416337685,56,0.175,90.9090909090909,,8.928571428571429
D_Broader_Pool,1107704,msmarco_passage_22_36009561,52,0.13953488372093023,89.8989898989899,,11.538461538461538
D_Broader_Pool,1107704,msmarco_passage_01_842750925,60,0.1276595744680851,88.88888888888889,,6.666666666666667
D_Broader_Pool,1107704,msmarco_passage_51_46542865,50,0.13636363636363635,87.87878787878788,,4.0
D_Broader_Pool,1107704,msmarco_passage_07_350033830,50,0.13636363636363635,86.86868686868688,,4.0
D_Broader_Pool,1107704,msmarco_passage_00_862017707,26,0.18518518518518517,85.85858585858585,,3.8461538461538463
D_Broader_Pool,1107704,msmarco_passage_00_862018594,26,0.18518518518518517,84.84848484848484,,3.8461538461538463
D_Broader_Pool,1107704,msmarco_passage_00_862023021,26,0.18518518518518517,83.83838383838383,,3.8461538461538463
D_Broader_Pool,1107704,msmarco_passage_44_689888732,40,0.2,82.82828282828282,,12.5
D_Broader_Pool,1107704,msmarco_passage_51_86981357,85,0.1206896551724138,81.81818181818181,,10.588235294117647
D_Broader_Pool,1107704,msmarco_passage_45_805410746,58,0.125,80.8080808080808,,5.172413793103448
D_Broader_Pool,1107704,msmarco_passage_06_847023229,59,0.15555555555555556,79.7979797979798,,8.474576271186441
D_Broader_Pool,1107704,msmarco_passage_06_221671867,57,0.1276595744680851,78.78787878787878,,3.508771929824561
D_Broader_Pool,1107704,msmarco_passage_51_47302845,56,0.14634146341463414,77.77777777777779,,3.5714285714285716
D_Broader_Pool,1107704,msmarco_passage_07_350295776,56,0.14634146341463414,76.76767676767678,,3.5714285714285716
D_Broader_Pool,1107704,msmarco_passage_54_640975953,38,0.13157894736842105,75.75757575757575,,0.0
D_Broader_Pool,1107704,msmarco_passage_51_102946721,51,0.13636363636363635,74.74747474747474,,11.764705882352942
D_Broader_Pool,1107704,msmarco_passage_01_370207387,46,0.18181818181818182,73.73737373737373,,8.695652173913043
D_Broader_Pool,1107704,msmarco_passage_30_687127974,38,0.1935483870967742,72.72727272727273,,28.94736842105263
D_Broader_Pool,1107704,msmarco_passage_44_689889125,58,0.1702127659574468,71.71717171717171,,13.793103448275861
D_Broader_Pool,1107704,msmarco_passage_29_185355146,41,0.22580645161290322,70.70707070707071,,19.51219512195122
D_Broader_Pool,1107704,msmarco_passage_68_189920779,53,0.14634146341463414,69.6969696969697,,7.547169811320755
D_Broader_Pool,1107704,msmarco_passage_49_218790750,41,0.18181818181818182,68.68686868686868,,7.317073170731708
D_Broader_Pool,1107704,msmarco_passage_18_766592446,47,0.13636363636363635,67.67676767676767,,4.25531914893617
D_Broader_Pool,1107704,msmarco_passage_51_82796319,45,0.16216216216216217,66.66666666666667,,17.77777777777778
D_Broader_Pool,1107704,msmarco_passage_07_360704684,45,0.16216216216216217,65.65656565656566,,17.77777777777778
D_Broader_Pool,1107704,msmarco_passage_27_679020380,56,0.08163265306122448,64.64646464646464,,12.5
D_Broader_Pool,1107704,msmarco_passage_29_155322468,42,0.15789473684210525,63.63636363636363,,14.285714285714286
D_Broader_Pool,1107704,msmarco_passage_49_209563422,75,0.11475409836065574,62.62626262626263,,6.666666666666667
D_Broader_Pool,1107704,msmarco_passage_06_59281931,53,0.15555555555555556,61.61616161616161,,5.660377358490566
D_Broader_Pool,1107704,msmarco_passage_51_18562686,82,0.109375,60.60606060606061,,10.975609756097562
D_Broader_Pool,1107704,msmarco_passage_07_342472593,82,0.109375,59.5959595959596,,10.975609756097562
D_Broader_Pool,1107704,msmarco_passage_10_211354419,47,0.15384615384615385,58.58585858585859,,12.76595744680851
D_Broader_Pool,1107704,msmarco_passage_19_257239828,37,0.14285714285714285,57.57575757575757,,16.216216216216218
D_Broader_Pool,1107704,msmarco_passage_18_766353021,66,0.1320754716981132,56.56565656565656,,3.0303030303030303
D_Broader_Pool,1107704,msmarco_passage_30_754131916,46,0.15384615384615385,55.55555555555556,,10.869565217391305
D_Broader_Pool,1107704,msmarco_passage_11_235772614,51,0.16216216216216217,54.54545454545454,,9.803921568627452
D_Broader_Pool,1107704,msmarco_passage_47_582394948,61,0.11764705882352941,53.535353535353536,,4.918032786885246
D_Broader_Pool,1107704,msmarco_passage_69_20130280,45,0.15789473684210525,52.52525252525253,,8.88888888888889
D_Broader_Pool,1107704,msmarco_passage_45_772390856,61,0.10416666666666667,51.515151515151516,,16.39344262295082
D_Broader_Pool,1107704,msmarco_passage_06_835423118,46,0.17647058823529413,50.5050505050505,,8.695652173913043
D_Broader_Pool,1107704,msmarco_passage_49_218080531,46,0.17647058823529413,49.494949494949495,,8.695652173913043
D_Broader_Pool,1107704,msmarco_passage_18_512922787,55,0.17073170731707318,48.484848484848484,,21.818181818181817
D_Broader_Pool,1107704,msmarco_passage_09_317744879,58,0.15555555555555556,47.47474747474747,,15.517241379310345
D_Broader_Pool,1107704,msmarco_passage_20_596151716,51,0.125,46.464646464646464,,7.8431372549019605
D_Broader_Pool,1107704,msmarco_passage_40_184436647,74,0.10714285714285714,45.45454545454546,,9.45945945945946
D_Broader_Pool,1107704,msmarco_passage_07_272492463,52,0.175,44.44444444444444,,3.8461538461538463
D_Broader_Pool,1107704,msmarco_passage_01_204342000,45,0.13513513513513514,43.43434343434344,,13.333333333333334
D_Broader_Pool,1107704,msmarco_passage_45_553545891,46,0.13157894736842105,42.42424242424242,,2.1739130434782608
D_Broader_Pool,1107704,msmarco_passage_06_847024627,70,0.11666666666666667,41.41414141414141,,18.571428571428573
D_Broader_Pool,1107704,msmarco_passage_09_864645494,49,0.1590909090909091,40.40404040404041,,12.244897959183673
D_Broader_Pool,1107704,msmarco_passage_59_721317266,46,0.2,39.39393939393939,,8.695652173913043
D_Broader_Pool,1107704,msmarco_passage_22_14701779,50,0.15384615384615385,38.38383838383839,,10.0
D_Broader_Pool,1107704,msmarco_passage_58_398454675,50,0.14285714285714285,37.37373737373737,,16.0
D_Broader_Pool,1107704,msmarco_passage_53_63291281,70,0.08928571428571429,36.36363636363637,,41.42857142857143
D_Broader_Pool,1107704,msmarco_passage_18_766588368,46,0.16216216216216217,35.35353535353535,,15.217391304347826
D_Broader_Pool,1107704,msmarco_passage_06_238396857,59,0.12195121951219512,34.34343434343434,,6.779661016949152
D_Broader_Pool,1107704,msmarco_passage_58_398461577,50,0.13953488372093023,33.333333333333336,,16.0
D_Broader_Pool,1107704,msmarco_passage_09_491359375,40,0.2222222222222222,32.32323232323232,,10.0
D_Broader_Pool,1107704,msmarco_passage_07_371020197,44,0.15151515151515152,31.313131313131315,,11.363636363636363
D_Broader_Pool,1107704,msmarco_passage_51_111680912,44,0.15151515151515152,30.303030303030297,,11.363636363636363
D_Broader_Pool,1107704,msmarco_passage_40_205920852,57,0.14893617021276595,29.292929292929294,,15.789473684210526
D_Broader_Pool,1107704,msmarco_passage_43_108952456,36,0.25,28.282828282828287,,16.666666666666668
D_Broader_Pool,1107704,msmarco_passage_30_169724599,45,0.10638297872340426,27.27272727272727,,4.444444444444445
D_Broader_Pool,1107704,msmarco_passage_06_221677669,39,0.1388888888888889,26.262626262626267,,5.128205128205129
D_Broader_Pool,1107704,msmarco_passage_19_377220718,48,0.21875,25.25252525252525,,12.5
D_Broader_Pool,1107704,msmarco_passage_19_159147852,44,0.1891891891891892,24.242424242424242,,6.818181818181818
D_Broader_Pool,1107704,msmarco_passage_18_468024959,44,0.1891891891891892,23.23232323232324,,6.818181818181818
D_Broader_Pool,1107704,msmarco_passage_15_518831258,73,0.13953488372093023,22.22222222222222,,16.438356164383563
D_Broader_Pool,1107704,msmarco_passage_41_624792701,57,0.13043478260869565,21.212121212121215,,22.80701754385965
D_Broader_Pool,1107704,msmarco_passage_04_171612499,31,0.28,20.2020202020202,,12.903225806451612
D_Broader_Pool,1107704,msmarco_passage_32_194613804,49,0.13333333333333333,19.191919191919194,,20.408163265306122
D_Broader_Pool,1107704,msmarco_passage_03_417514206,52,0.13333333333333333,18.181818181818176,,17.307692307692307
D_Broader_Pool,1107704,msmarco_passage_35_35710646,52,0.13333333333333333,17.17171717171717,,17.307692307692307
D_Broader_Pool,1107704,msmarco_passage_06_474490299,59,0.13333333333333333,16.161616161616166,,15.254237288135593
D_Broader_Pool,1107704,msmarco_passage_50_185704489,53,0.13636363636363635,15.151515151515149,,20.754716981132077
D_Broader_Pool,1107704,msmarco_passage_41_38410875,49,0.1794871794871795,14.141414141414144,,8.16326530612245
D_Broader_Pool,1107704,msmarco_passage_04_794605440,49,0.1794871794871795,13.131313131313128,,8.16326530612245
D_Broader_Pool,1107704,msmarco_passage_08_862825781,59,0.18421052631578946,12.121212121212121,,8.474576271186441
D_Broader_Pool,1107704,msmarco_passage_58_398470214,54,0.10526315789473684,11.111111111111116,,14.814814814814815
D_Broader_Pool,1107704,msmarco_passage_66_545244124,47,0.175,10.1010101010101,,10.638297872340425
D_Broader_Pool,1107704,msmarco_passage_43_108950340,52,0.16216216216216217,9.090909090909093,,13.461538461538462
D_Broader_Pool,1107704,msmarco_passage_08_587631271,52,0.14634146341463414,8.080808080808078,,19.23076923076923
D_Broader_Pool,1107704,msmarco_passage_04_142239997,43,0.2,7.070707070707072,,23.25581395348837
D_Broader_Pool,1107704,msmarco_passage_04_198865203,47,0.17647058823529413,6.060606060606055,,17.02127659574468
D_Broader_Pool,1107704,msmarco_passage_23_403589512,41,0.17142857142857143,5.05050505050505,,4.878048780487805
D_Broader_Pool,1107704,msmarco_passage_42_182235247,77,0.11538461538461539,4.040404040404044,,16.883116883116884
D_Broader_Pool,1107704,msmarco_passage_31_499659697,63,0.14,3.0303030303030276,,9.523809523809524
D_Broader_Pool,1107704,msmarco_passage_04_171657857,55,0.1724137931034483,2.020202020202022,,16.363636363636363
D_Broader_Pool,1107704,msmarco_passage_47_612994286,59,0.16216216216216217,1.0101010101010055,,11.864406779661017
D_Broader_Pool,1107704,msmarco_passage_51_66274640,26,0.30434782608695654,0.0,,15.384615384615385
D_Broader_Pool,1107821,msmarco_passage_40_167978653,40,0.09375,100.0,,17.5
D_Broader_Pool,1107821,msmarco_passage_20_544498564,53,0.1,98.98989898989899,,22.641509433962263
D_Broader_Pool,1107821,msmarco_passage_31_859330905,52,0.09523809523809523,97.97979797979798,,15.384615384615385
D_Broader_Pool,1107821,msmarco_passage_40_167980252,58,0.12195121951219512,96.96969696969697,,15.517241379310345
D_Broader_Pool,1107821,msmarco_passage_39_21614560,40,0.09090909090909091,95.95959595959596,,22.5
D_Broader_Pool,1107821,msmarco_passage_45_848744528,51,0.09523809523809523,94.94949494949495,,19.607843137254903
D_Broader_Pool,1107821,msmarco_passage_40_167979346,36,0.09090909090909091,93.93939393939394,,8.333333333333334
D_Broader_Pool,1107821,msmarco_passage_13_612055334,42,0.09375,92.92929292929293,,23.80952380952381
D_Broader_Pool,1107821,msmarco_passage_26_865036706,47,0.11428571428571428,91.91919191919192,,14.893617021276595
D_Broader_Pool,1107821,msmarco_passage_20_544494898,58,0.09302325581395349,90.9090909090909,,24.137931034482758
D_Broader_Pool,1107821,msmarco_passage_02_273729003,48,0.1111111111111111,89.8989898989899,,14.583333333333334
D_Broader_Pool,1107821,msmarco_passage_27_756795461,48,0.1111111111111111,88.88888888888889,,14.583333333333334
D_Broader_Pool,1107821,msmarco_passage_20_544493761,93,0.05,87.87878787878788,,15.053763440860216
D_Broader_Pool,1107821,msmarco_passage_52_53673876,42,0.10810810810810811,86.86868686868688,,19.047619047619047
D_Broader_Pool,1107821,msmarco_passage_20_544495826,32,0.10714285714285714,85.85858585858585,,15.625
D_Broader_Pool,1107821,msmarco_passage_65_235879265,46,0.10810810810810811,84.84848484848484,,17.391304347826086
D_Broader_Pool,1107821,msmarco_passage_36_323953668,51,0.061224489795918366,83.83838383838383,,23.529411764705884
D_Broader_Pool,1107821,msmarco_passage_19_725582677,35,0.10344827586206896,82.82828282828282,,20.0
D_Broader_Pool,1107821,msmarco_passage_67_820258878,59,0.06818181818181818,81.81818181818181,,20.338983050847457
D_Broader_Pool,1107821,msmarco_passage_20_544502347,35,0.10344827586206896,80.8080808080808,,31.428571428571427
D_Broader_Pool,1107821,msmarco_passage_20_544500170,49,0.1111111111111111,79.7979797979798,,26.53061224489796
D_Broader_Pool,1107821,msmarco_passage_00_1841950,50,0.10810810810810811,78.78787878787878,,18.0
D_Broader_Pool,1107821,msmarco_passage_20_544497086,49,0.10256410256410256,77.77777777777779,,14.285714285714286
D_Broader_Pool,1107821,msmarco_passage_59_393061618,60,0.057692307692307696,76.76767676767678,,13.333333333333334
D_Broader_Pool,1107821,msmarco_passage_52_53674650,41,0.12903225806451613,75.75757575757575,,14.634146341463415
D_Broader_Pool,1107821,msmarco_passage_52_101648909,120,0.03896103896103896,74.74747474747474,,13.333333333333334
D_Broader_Pool,1107821,msmarco_passage_21_511891094,45,0.07317073170731707,73.73737373737373,,13.333333333333334
D_Broader_Pool,1107821,msmarco_passage_41_428720018,46,0.08333333333333333,72.72727272727273,,13.043478260869565
D_Broader_Pool,1107821,msmarco_passage_67_820252284,55,0.12121212121212122,71.71717171717171,,18.181818181818183
D_Broader_Pool,1107821,msmarco_passage_20_544530081,46,0.08333333333333333,70.70707070707071,,13.043478260869565
D_Broader_Pool,1107821,msmarco_passage_19_254216961,47,0.075,69.6969696969697,,17.02127659574468
D_Broader_Pool,1107821,msmarco_passage_20_747536433,57,0.08695652173913043,68.68686868686868,,22.80701754385965
D_Broader_Pool,1107821,msmarco_passage_20_544498036,43,0.09090909090909091,67.67676767676767,,23.25581395348837
D_Broader_Pool,1107821,msmarco_passage_19_298591649,39,0.11428571428571428,66.66666666666667,,15.384615384615385
D_Broader_Pool,1107821,msmarco_passage_18_550590180,41,0.0967741935483871,65.65656565656566,,17.073170731707318
D_Broader_Pool,1107821,msmarco_passage_21_405127828,40,0.1,64.64646464646464,,25.0
D_Broader_Pool,1107821,msmarco_passage_61_448036976,70,0.08163265306122448,63.63636363636363,,18.571428571428573
D_Broader_Pool,1107821,msmarco_passage_66_591069937,40,0.08571428571428572,62.62626262626263,,12.5
D_Broader_Pool,1107821,msmarco_passage_13_483047477,40,0.08823529411764706,61.61616161616161,,7.5
D_Broader_Pool,1107821,msmarco_passage_09_775228577,54,0.07317073170731707,60.60606060606061,,20.37037037037037
D_Broader_Pool,1107821,msmarco_passage_15_801329554,40,0.08108108108108109,59.5959595959596,,10.0
D_Broader_Pool,1107821,msmarco_passage_65_561197663,58,0.06976744186046512,58.58585858585859,,6.896551724137931
D_Broader_Pool,1107821,msmarco_passage_39_18553025,54,0.07142857142857142,57.57575757575757,,14.814814814814815
D_Broader_Pool,1107821,msmarco_passage_22_293973489,50,0.075,56.56565656565656,,28.0
D_Broader_Pool,1107821,msmarco_passage_57_291147173,59,0.061224489795918366,55.55555555555556,,11.864406779661017
D_Broader_Pool,1107821,msmarco_passage_18_220232433,48,0.07894736842105263,54.54545454545454,,20.833333333333332
D_Broader_Pool,1107821,msmarco_passage_20_417766454,38,0.17857142857142858,53.535353535353536,,2.6315789473684212
D_Broader_Pool,1107821,msmarco_passage_67_820255716,53,0.11428571428571428,52.52525252525253,,9.433962264150944
D_Broader_Pool,1107821,msmarco_passage_06_842160917,38,0.09090909090909091,51.515151515151516,,21.05263157894737
D_Broader_Pool,1107821,msmarco_passage_30_286229076,12,0.25,50.5050505050505,,25.0
D_Broader_Pool,1107821,msmarco_passage_07_333969596,26,0.1111111111111111,49.494949494949495,,15.384615384615385
D_Broader_Pool,1107821,msmarco_passage_59_399788045,51,0.08888888888888889,48.484848484848484,,19.607843137254903
D_Broader_Pool,1107821,msmarco_passage_59_391540477,51,0.08888888888888889,47.47474747474747,,19.607843137254903
D_Broader_Pool,1107821,msmarco_passage_59_391530101,51,0.08888888888888889,46.464646464646464,,19.607843137254903
D_Broader_Pool,1107821,msmarco_passage_19_26714410,37,0.13793103448275862,45.45454545454546,,10.81081081081081
D_Broader_Pool,1107821,msmarco_passage_19_412258826,65,0.07894736842105263,44.44444444444444,,9.23076923076923
D_Broader_Pool,1107821,msmarco_passage_09_775228106,54,0.10344827586206896,43.43434343434344,,18.51851851851852
D_Broader_Pool,1107821,msmarco_passage_20_142498946,53,0.09302325581395349,42.42424242424242,,7.547169811320755
D_Broader_Pool,1107821,msmarco_passage_55_813162420,32,0.0967741935483871,41.41414141414141,,12.5
D_Broader_Pool,1107821,msmarco_passage_00_1841074,54,0.09090909090909091,40.40404040404041,,18.51851851851852
D_Broader_Pool,1107821,msmarco_passage_18_693300794,51,0.075,39.39393939393939,,13.72549019607843
D_Broader_Pool,1107821,msmarco_passage_65_486892545,43,0.08823529411764706,38.38383838383839,,20.930232558139537
D_Broader_Pool,1107821,msmarco_passage_58_690549353,46,0.07692307692307693,37.37373737373737,,21.73913043478261
D_Broader_Pool,1107821,msmarco_passage_59_392188261,45,0.10256410256410256,36.36363636363637,,17.77777777777778
D_Broader_Pool,1107821,msmarco_passage_19_123032628,32,0.09090909090909091,35.35353535353535,,31.25
D_Broader_Pool,1107821,msmarco_passage_20_544909032,61,0.0625,34.34343434343434,,22.950819672131146
D_Broader_Pool,1107821,msmarco_passage_11_291134486,74,0.057692307692307696,33.333333333333336,,12.162162162162161
D_Broader_Pool,1107821,msmarco_passage_00_4356183,74,0.057692307692307696,32.32323232323232,,12.162162162162161
D_Broader_Pool,1107821,msmarco_passage_55_622657259,56,0.06818181818181818,31.313131313131315,,8.928571428571429
D_Broader_Pool,1107821,msmarco_passage_17_539321502,46,0.075,30.303030303030297,,17.391304347826086
D_Broader_Pool,1107821,msmarco_passage_15_400317724,56,0.08,29.292929292929294,,5.357142857142857
D_Broader_Pool,1107821,msmarco_passage_30_822859988,49,0.09302325581395349,28.282828282828287,,18.367346938775512
D_Broader_Pool,1107821,msmarco_passage_65_506108671,44,0.09090909090909091,27.27272727272727,,25.0
D_Broader_Pool,1107821,msmarco_passage_17_793582936,43,0.08108108108108109,26.262626262626267,,32.55813953488372
D_Broader_Pool,1107821,msmarco_passage_65_278501224,44,0.10810810810810811,25.25252525252525,,15.909090909090908
D_Broader_Pool,1107821,msmarco_passage_21_511890678,47,0.075,24.242424242424242,,12.76595744680851
D_Broader_Pool,1107821,msmarco_passage_20_456110955,43,0.08333333333333333,23.23232323232324,,18.6046511627907
D_Broader_Pool,1107821,msmarco_passage_00_1844673,50,0.06666666666666667,22.22222222222222,,18.0
D_Broader_Pool,1107821,msmarco_passage_20_256618485,49,0.07894736842105263,21.212121212121215,,10.204081632653061
D_Broader_Pool,1107821,msmarco_passage_20_327717234,64,0.0625,20.2020202020202,,20.3125
D_Broader_Pool,1107821,msmarco_passage_17_680326672,40,0.08571428571428572,19.191919191919194,,15.0
D_Broader_Pool,1107821,msmarco_passage_66_593413787,37,0.08823529411764706,18.181818181818176,,13.513513513513514
D_Broader_Pool,1107821,msmarco_passage_66_591845786,37,0.08823529411764706,17.17171717171717,,13.513513513513514
D_Broader_Pool,1107821,msmarco_passage_35_204548370,47,0.06818181818181818,16.161616161616166,,21.27659574468085
D_Broader_Pool,1107821,msmarco_passage_19_406176885,44,0.0967741935483871,15.151515151515149,,22.727272727272727
D_Broader_Pool,1107821,msmarco_passage_20_99061286,44,0.07894736842105263,14.141414141414144,,25.0
D_Broader_Pool,1107821,msmarco_passage_35_204474348,39,0.08108108108108109,13.131313131313128,,23.076923076923077
D_Broader_Pool,1107821,msmarco_passage_49_208980751,37,0.08571428571428572,12.121212121212121,,10.81081081081081
D_Broader_Pool,1107821,msmarco_passage_21_705366745,51,0.08695652173913043,11.111111111111116,,9.803921568627452
D_Broader_Pool,1107821,msmarco_passage_18_61738325,48,0.10526315789473684,10.1010101010101,,12.5
D_Broader_Pool,1107821,msmarco_passage_25_720598122,50,0.07894736842105263,9.090909090909093,,18.0
D_Broader_Pool,1107821,msmarco_passage_19_743571751,47,0.08571428571428572,8.080808080808078,,17.02127659574468
D_Broader_Pool,1107821,msmarco_passage_54_818772173,42,0.08108108108108109,7.070707070707072,,9.523809523809524
D_Broader_Pool,1107821,msmarco_passage_55_802156398,68,0.05172413793103448,6.060606060606055,,11.764705882352942
D_Broader_Pool,1107821,msmarco_passage_20_544528980,69,0.06,5.05050505050505,,23.18840579710145
D_Broader_Pool,1107821,msmarco_passage_36_848553914,44,0.1,4.040404040404044,,13.636363636363637
D_Broader_Pool,1107821,msmarco_passage_18_605832690,43,0.07317073170731707,3.0303030303030276,,2.3255813953488373
D_Broader_Pool,1107821,msmarco_passage_08_829514438,37,0.08333333333333333,2.020202020202022,,5.405405405405405
D_Broader_Pool,1107821,msmarco_passage_33_726169219,75,0.08108108108108109,1.0101010101010055,,20.0
D_Broader_Pool,1107821,msmarco_passage_44_244334515,54,0.09090909090909091,0.0,,14.814814814814815
D_Broader_Pool,1109840,msmarco_passage_66_809521360,28,0.7619047619047619,100.0,,0.0
D_Broader_Pool,1109840,msmarco_passage_66_809521662,33,0.4666666666666667,98.98989898989899,,6.0606060606060606
D_Broader_Pool,1109840,msmarco_passage_10_696727361,43,0.45161290322580644,97.97979797979798,,6.976744186046512
D_Broader_Pool,1109840,msmarco_passage_44_115337209,44,0.2777777777777778,96.96969696969697,,6.818181818181818
D_Broader_Pool,1109840,msmarco_passage_65_153889578,73,0.19230769230769232,95.95959595959596,,6.8493150684931505
D_Broader_Pool,1109840,msmarco_passage_10_417811355,73,0.19230769230769232,94.94949494949495,,6.8493150684931505
D_Broader_Pool,1109840,msmarco_passage_26_615703467,49,0.21951219512195122,93.93939393939394,,8.16326530612245
D_Broader_Pool,1109840,msmarco_passage_44_115537575,26,0.27586206896551724,92.92929292929293,,3.8461538461538463
D_Broader_Pool,1109840,msmarco_passage_56_152854308,54,0.20930232558139536,91.91919191919192,,7.407407407407407
D_Broader_Pool,1109840,msmarco_passage_36_667854016,49,0.16326530612244897,90.9090909090909,,4.081632653061225
D_Broader_Pool,1109840,msmarco_passage_50_828441468,79,0.19672131147540983,89.8989898989899,,3.7974683544303796
D_Broader_Pool,1109840,msmarco_passage_68_847343233,34,0.2,88.88888888888889,,0.0
D_Broader_Pool,1109840,msmarco_passage_49_124266603,39,0.21428571428571427,87.87878787878788,,0.0
D_Broader_Pool,1109840,msmarco_passage_56_340675876,55,0.16666666666666666,86.86868686868688,,1.8181818181818181
D_Broader_Pool,1109840,msmarco_passage_18_731033487,42,0.1951219512195122,85.85858585858585,,4.761904761904762
D_Broader_Pool,1109840,msmarco_passage_16_801355629,47,0.1951219512195122,84.84848484848484,,6.382978723404255
D_Broader_Pool,1109840,msmarco_passage_53_4236873,20,0.2,83.83838383838383,,5.0
D_Broader_Pool,1109840,msmarco_passage_14_545088589,57,0.17307692307692307,82.82828282828282,,0.0
D_Broader_Pool,1109840,msmarco_passage_26_369115946,45,0.21052631578947367,81.81818181818181,,6.666666666666667
D_Broader_Pool,1109840,msmarco_passage_03_46438368,30,0.22857142857142856,80.8080808080808,,0.0
D_Broader_Pool,1109840,msmarco_passage_20_263290543,91,0.1694915254237288,79.7979797979798,,16.483516483516482
D_Broader_Pool,1109840,msmarco_passage_20_263302454,91,0.1694915254237288,78.78787878787878,,16.483516483516482
D_Broader_Pool,1109840,msmarco_passage_48_489105177,39,0.25,77.77777777777779,,10.256410256410257
D_Broader_Pool,1109840,msmarco_passage_27_156302563,46,0.2564102564102564,76.76767676767678,,6.521739130434782
D_Broader_Pool,1109840,msmarco_passage_03_810136312,43,0.16279069767441862,75.75757575757575,,6.976744186046512
D_Broader_Pool,1109840,msmarco_passage_42_614604480,94,0.16923076923076924,74.74747474747474,,10.638297872340425
D_Broader_Pool,1109840,msmarco_passage_45_335862880,35,0.12195121951219512,73.73737373737373,,5.714285714285714
D_Broader_Pool,1109840,msmarco_passage_60_866818379,32,0.14285714285714285,72.72727272727273,,0.0
D_Broader_Pool,1109840,msmarco_passage_51_838466541,55,0.1836734693877551,71.71717171717171,,10.909090909090908
D_Broader_Pool,1109840,msmarco_passage_04_594228167,46,0.20930232558139536,70.70707070707071,,4.3478260869565215
D_Broader_Pool,1109840,msmarco_passage_39_614138944,46,0.20930232558139536,69.6969696969697,,4.3478260869565215
D_Broader_Pool,1109840,msmarco_passage_36_460967009,46,0.13725490196078433,68.68686868686868,,2.1739130434782608
D_Broader_Pool,1109840,msmarco_passage_39_614137588,43,0.22580645161290322,67.67676767676767,,2.3255813953488373
D_Broader_Pool,1109840,msmarco_passage_49_121180127,34,0.23529411764705882,66.66666666666667,,2.9411764705882355
D_Broader_Pool,1109840,msmarco_passage_20_209009563,42,0.21621621621621623,65.65656565656566,,7.142857142857143
D_Broader_Pool,1109840,msmarco_passage_54_864985268,37,0.17777777777777778,64.64646464646464,,2.7027027027027026
D_Broader_Pool,1109840,msmarco_passage_08_339883820,37,0.17777777777777778,63.63636363636363,,2.7027027027027026
D_Broader_Pool,1109840,msmarco_passage_09_573361920,79,0.12698412698412698,62.62626262626263,,6.329113924050633
D_Broader_Pool,1109840,msmarco_passage_54_156735560,45,0.2857142857142857,61.61616161616161,,6.666666666666667
D_Broader_Pool,1109840,msmarco_passage_16_326441382,61,0.20408163265306123,60.60606060606061,,4.918032786885246
D_Broader_Pool,1109840,msmarco_passage_50_453176684,39,0.2777777777777778,59.5959595959596,,12.820512820512821
D_Broader_Pool,1109840,msmarco_passage_31_808089037,39,0.2777777777777778,58.58585858585859,,12.820512820512821
D_Broader_Pool,1109840,msmarco_passage_06_85564116,33,0.18421052631578946,57.57575757575757,,6.0606060606060606
D_Broader_Pool,1109840,msmarco_passage_19_590801423,47,0.15217391304347827,56.56565656565656,,8.51063829787234
D_Broader_Pool,1109840,msmarco_passage_19_809631093,66,0.14545454545454545,55.55555555555556,,12.121212121212121
D_Broader_Pool,1109840,msmarco_passage_46_157376529,48,0.18181818181818182,54.54545454545454,,4.166666666666667
D_Broader_Pool,1109840,msmarco_passage_46_763973292,39,0.23684210526315788,53.535353535353536,,5.128205128205129
D_Broader_Pool,1109840,msmarco_passage_40_224414572,50,0.20930232558139536,52.52525252525253,,2.0
D_Broader_Pool,1109840,msmarco_passage_39_614129787,41,0.225,51.515151515151516,,4.878048780487805
D_Broader_Pool,1109840,msmarco_passage_41_611811861,73,0.14925373134328357,50.5050505050505,,5.47945205479452
D_Broader_Pool,1109840,msmarco_passage_03_53494342,67,0.13559322033898305,49.494949494949495,,1.492537313432836
D_Broader_Pool,1109840,msmarco_passage_55_484699237,42,0.20512820512820512,48.484848484848484,,7.142857142857143
D_Broader_Pool,1109840,msmarco_passage_42_546085691,73,0.1746031746031746,47.47474747474747,,12.32876712328767
D_Broader_Pool,1109840,msmarco_passage_51_867095133,43,0.25806451612903225,46.464646464646464,,4.651162790697675
D_Broader_Pool,1109840,msmarco_passage_26_594738200,79,0.1323529411764706,45.45454545454546,,2.5316455696202533
D_Broader_Pool,1109840,msmarco_passage_32_344604873,41,0.18604651162790697,44.44444444444444,,2.4390243902439024
D_Broader_Pool,1109840,msmarco_passage_61_841448037,67,0.1568627450980392,43.43434343434344,,5.970149253731344
D_Broader_Pool,1109840,msmarco_passage_26_609419802,41,0.175,42.42424242424242,,0.0
D_Broader_Pool,1109840,msmarco_passage_49_121178078,35,0.18421052631578946,41.41414141414141,,0.0
D_Broader_Pool,1109840,msmarco_passage_56_70940902,79,0.16666666666666666,40.40404040404041,,13.924050632911392
D_Broader_Pool,1109840,msmarco_passage_26_508213799,48,0.17391304347826086,39.39393939393939,,0.0
D_Broader_Pool,1109840,msmarco_passage_45_59669851,53,0.21428571428571427,38.38383838383839,,7.547169811320755
D_Broader_Pool,1109840,msmarco_passage_56_344885622,54,0.13333333333333333,37.37373737373737,,5.555555555555555
D_Broader_Pool,1109840,msmarco_passage_56_344278322,50,0.23255813953488372,36.36363636363637,,14.0
D_Broader_Pool,1109840,msmarco_passage_00_793270130,62,0.16666666666666666,35.35353535353535,,4.838709677419355
D_Broader_Pool,1109840,msmarco_passage_57_799615970,45,0.25,34.34343434343434,,8.88888888888889
D_Broader_Pool,1109840,msmarco_passage_57_799627385,45,0.25,33.333333333333336,,8.88888888888889
D_Broader_Pool,1109840,msmarco_passage_57_799637637,45,0.25,32.32323232323232,,8.88888888888889
D_Broader_Pool,1109840,msmarco_passage_02_11947026,56,0.20833333333333334,31.313131313131315,,7.142857142857143
D_Broader_Pool,1109840,msmarco_passage_44_713547071,46,0.25,30.303030303030297,,2.1739130434782608
D_Broader_Pool,1109840,msmarco_passage_06_30798162,46,0.25,29.292929292929294,,2.1739130434782608
D_Broader_Pool,1109840,msmarco_passage_57_743319540,45,0.15217391304347827,28.282828282828287,,0.0
D_Broader_Pool,1109840,msmarco_passage_01_521559528,59,0.18,27.27272727272727,,3.389830508474576
D_Broader_Pool,1109840,msmarco_passage_24_221176005,59,0.18,26.262626262626267,,3.389830508474576
D_Broader_Pool,1109840,msmarco_passage_03_470907524,49,0.19148936170212766,25.25252525252525,,2.0408163265306123
D_Broader_Pool,1109840,msmarco_passage_14_544188653,41,0.16666666666666666,24.242424242424242,,4.878048780487805
D_Broader_Pool,1109840,msmarco_passage_56_337065775,43,0.17777777777777778,23.23232323232324,,2.3255813953488373
D_Broader_Pool,1109840,msmarco_passage_56_337062968,43,0.17777777777777778,22.22222222222222,,2.3255813953488373
D_Broader_Pool,1109840,msmarco_passage_56_337059805,43,0.17777777777777778,21.212121212121215,,2.3255813953488373
D_Broader_Pool,1109840,msmarco_passage_00_19722921,50,0.1702127659574468,20.2020202020202,,2.0
D_Broader_Pool,1109840,msmarco_passage_04_594226390,36,0.20512820512820512,19.191919191919194,,5.555555555555555
D_Broader_Pool,1109840,msmarco_passage_14_748145387,70,0.14814814814814814,18.181818181818176,,1.4285714285714286
D_Broader_Pool,1109840,msmarco_passage_51_40362320,60,0.2,17.17171717171717,,1.6666666666666667
D_Broader_Pool,1109840,msmarco_passage_23_446431342,44,0.2,16.161616161616166,,2.272727272727273
D_Broader_Pool,1109840,msmarco_passage_00_673699499,36,0.20588235294117646,15.151515151515149,,0.0
D_Broader_Pool,1109840,msmarco_passage_40_747440012,70,0.14516129032258066,14.141414141414144,,4.285714285714286
D_Broader_Pool,1109840,msmarco_passage_55_155234956,41,0.21052631578947367,13.131313131313128,,12.195121951219512
D_Broader_Pool,1109840,msmarco_passage_64_558967925,35,0.18421052631578946,12.121212121212121,,0.0
D_Broader_Pool,1109840,msmarco_passage_26_615711873,65,0.13725490196078433,11.111111111111116,,6.153846153846154
D_Broader_Pool,1109840,msmarco_passage_41_650229976,71,0.10606060606060606,10.1010101010101,,9.859154929577464
D_Broader_Pool,1109840,msmarco_passage_48_549535384,46,0.17073170731707318,9.090909090909093,,2.1739130434782608
D_Broader_Pool,1109840,msmarco_passage_00_279880596,76,0.1836734693877551,8.080808080808078,,14.473684210526315
D_Broader_Pool,1109840,msmarco_passage_43_351182658,57,0.13793103448275862,7.070707070707072,,7.017543859649122
D_Broader_Pool,1109840,msmarco_passage_61_141591050,57,0.14583333333333334,6.060606060606055,,3.508771929824561
D_Broader_Pool,1109840,msmarco_passage_66_72894811,60,0.16666666666666666,5.05050505050505,,6.666666666666667
D_Broader_Pool,1109840,msmarco_passage_11_478958973,48,0.21875,4.040404040404044,,0.0
D_Broader_Pool,1109840,msmarco_passage_40_151401853,41,0.1951219512195122,3.0303030303030276,,2.4390243902439024
D_Broader_Pool,1109840,msmarco_passage_40_182185798,41,0.1951219512195122,2.020202020202022,,2.4390243902439024
D_Broader_Pool,1109840,msmarco_passage_03_749933593,42,0.23529411764705882,1.0101010101010055,,7.142857142857143
D_Broader_Pool,1109840,msmarco_passage_54_803185613,32,0.2647058823529412,0.0,,0.0
D_Broader_Pool,1110996,msmarco_passage_30_604452674,45,0.21212121212121213,100.0,,0.0
D_Broader_Pool,1110996,msmarco_passage_01_139310248,56,0.11363636363636363,98.98989898989899,,0.0
D_Broader_Pool,1110996,msmarco_passage_11_677770223,52,0.14634146341463414,97.97979797979798,,0.0
D_Broader_Pool,1110996,msmarco_passage_00_560151626,48,0.1111111111111111,96.96969696969697,,0.0
D_Broader_Pool,1110996,msmarco_passage_32_260062509,46,0.10256410256410256,95.95959595959596,,4.3478260869565215
D_Broader_Pool,1110996,msmarco_passage_02_566603201,40,0.1111111111111111,94.94949494949495,,10.0
D_Broader_Pool,1110996,msmarco_passage_15_425718829,36,0.12903225806451613,93.93939393939394,,2.7777777777777777
D_Broader_Pool,1110996,msmarco_passage_00_612808760,56,0.1282051282051282,92.92929292929293,,1.7857142857142858
D_Broader_Pool,1110996,msmarco_passage_26_73003119,38,0.11764705882352941,91.91919191919192,,5.2631578947368425
D_Broader_Pool,1110996,msmarco_passage_00_649131098,52,0.1111111111111111,90.9090909090909,,5.769230769230769
D_Broader_Pool,1110996,msmarco_passage_12_538543645,35,0.1724137931034483,89.8989898989899,,0.0
D_Broader_Pool,1110996,msmarco_passage_46_425523451,38,0.15,88.88888888888889,,0.0
D_Broader_Pool,1110996,msmarco_passage_56_729113403,37,0.13793103448275862,87.87878787878788,,13.513513513513514
D_Broader_Pool,1110996,msmarco_passage_26_72998139,45,0.1,86.86868686868688,,8.88888888888889
D_Broader_Pool,1110996,msmarco_passage_30_754913887,41,0.20689655172413793,85.85858585858585,,0.0
D_Broader_Pool,1110996,msmarco_passage_00_560159972,56,0.08888888888888889,84.84848484848484,,0.0
D_Broader_Pool,1110996,msmarco_passage_18_804877541,46,0.1111111111111111,83.83838383838383,,4.3478260869565215
D_Broader_Pool,1110996,msmarco_passage_20_799203367,46,0.1111111111111111,82.82828282828282,,4.3478260869565215
D_Broader_Pool,1110996,msmarco_passage_21_493976756,46,0.1111111111111111,81.81818181818181,,4.3478260869565215
D_Broader_Pool,1110996,msmarco_passage_21_493985998,46,0.1111111111111111,80.8080808080808,,4.3478260869565215
D_Broader_Pool,1110996,msmarco_passage_20_799181195,46,0.1111111111111111,79.7979797979798,,4.3478260869565215
D_Broader_Pool,1110996,msmarco_passage_20_799139991,46,0.1111111111111111,78.78787878787878,,4.3478260869565215
D_Broader_Pool,1110996,msmarco_passage_18_453486195,46,0.1111111111111111,77.77777777777779,,4.3478260869565215
D_Broader_Pool,1110996,msmarco_passage_17_457218609,46,0.1111111111111111,76.76767676767678,,4.3478260869565215
D_Broader_Pool,1110996,msmarco_passage_60_225330799,61,0.10869565217391304,75.75757575757575,,4.918032786885246
D_Broader_Pool,1110996,msmarco_passage_04_564118648,51,0.125,74.74747474747474,,1.9607843137254901
D_Broader_Pool,1110996,msmarco_passage_26_73007633,51,0.08695652173913043,73.73737373737373,,1.9607843137254901
D_Broader_Pool,1110996,msmarco_passage_26_73013646,40,0.11428571428571428,72.72727272727273,,2.5
D_Broader_Pool,1110996,msmarco_passage_28_559196041,40,0.16129032258064516,71.71717171717171,,7.5
D_Broader_Pool,1110996,msmarco_passage_18_289820540,51,0.09302325581395349,70.70707070707071,,3.9215686274509802
D_Broader_Pool,1110996,msmarco_passage_21_641533452,51,0.09302325581395349,69.6969696969697,,3.9215686274509802
D_Broader_Pool,1110996,msmarco_passage_21_641623039,51,0.09302325581395349,68.68686868686868,,3.9215686274509802
D_Broader_Pool,1110996,msmarco_passage_60_202277207,37,0.14705882352941177,67.67676767676767,,5.405405405405405
D_Broader_Pool,1110996,msmarco_passage_00_560160811,83,0.09433962264150944,66.66666666666667,,0.0
D_Broader_Pool,1110996,msmarco_passage_26_73011492,48,0.07692307692307693,65.65656565656566,,0.0
D_Broader_Pool,1110996,msmarco_passage_23_622305877,38,0.0967741935483871,64.64646464646464,,0.0
D_Broader_Pool,1110996,msmarco_passage_04_763251714,42,0.11764705882352941,63.63636363636363,,4.761904761904762
D_Broader_Pool,1110996,msmarco_passage_06_276580941,47,0.16129032258064516,62.62626262626263,,0.0
D_Broader_Pool,1110996,msmarco_passage_30_689815006,44,0.07692307692307693,61.61616161616161,,2.272727272727273
D_Broader_Pool,1110996,msmarco_passage_44_589985172,52,0.10526315789473684,60.60606060606061,,3.8461538461538463
D_Broader_Pool,1110996,msmarco_passage_00_560156240,50,0.13513513513513514,59.5959595959596,,8.0
D_Broader_Pool,1110996,msmarco_passage_21_352548529,54,0.1282051282051282,58.58585858585859,,0.0
D_Broader_Pool,1110996,msmarco_passage_02_158591850,46,0.125,57.57575757575757,,0.0
D_Broader_Pool,1110996,msmarco_passage_18_289655031,51,0.11764705882352941,56.56565656565656,,0.0
D_Broader_Pool,1110996,msmarco_passage_20_150074699,51,0.11764705882352941,55.55555555555556,,0.0
D_Broader_Pool,1110996,msmarco_passage_21_97536492,58,0.0975609756097561,54.54545454545454,,5.172413793103448
D_Broader_Pool,1110996,msmarco_passage_21_93072907,47,0.1,53.535353535353536,,2.127659574468085
D_Broader_Pool,1110996,msmarco_passage_21_97544877,47,0.1,52.52525252525253,,2.127659574468085
D_Broader_Pool,1110996,msmarco_passage_21_93082782,47,0.1,51.515151515151516,,2.127659574468085
D_Broader_Pool,1110996,msmarco_passage_21_352567332,47,0.1,50.5050505050505,,2.127659574468085
D_Broader_Pool,1110996,msmarco_passage_01_139319545,47,0.1,49.494949494949495,,2.127659574468085
D_Broader_Pool,1110996,msmarco_passage_21_352555901,49,0.09523809523809523,48.484848484848484,,4.081632653061225
D_Broader_Pool,1110996,msmarco_passage_45_566862897,73,0.09615384615384616,47.47474747474747,,2.73972602739726
D_Broader_Pool,1110996,msmarco_passage_21_93074467,48,0.1111111111111111,46.464646464646464,,6.25
D_Broader_Pool,1110996,msmarco_passage_26_73012774,45,0.1,45.45454545454546,,8.88888888888889
D_Broader_Pool,1110996,msmarco_passage_04_63803325,41,0.13333333333333333,44.44444444444444,,9.75609756097561
D_Broader_Pool,1110996,msmarco_passage_21_352558963,54,0.1,43.43434343434344,,5.555555555555555
D_Broader_Pool,1110996,msmarco_passage_01_139311196,54,0.1,42.42424242424242,,5.555555555555555
D_Broader_Pool,1110996,msmarco_passage_21_93064558,54,0.1,41.41414141414141,,5.555555555555555
D_Broader_Pool,1110996,msmarco_passage_11_441177389,51,0.11428571428571428,40.40404040404041,,0.0
D_Broader_Pool,1110996,msmarco_passage_11_441165721,51,0.11428571428571428,39.39393939393939,,0.0
D_Broader_Pool,1110996,msmarco_passage_21_93082371,44,0.11764705882352941,38.38383838383839,,6.818181818181818
D_Broader_Pool,1110996,msmarco_passage_21_97544466,44,0.11764705882352941,37.37373737373737,,6.818181818181818
D_Broader_Pool,1110996,msmarco_passage_01_139319134,44,0.11764705882352941,36.36363636363637,,6.818181818181818
D_Broader_Pool,1110996,msmarco_passage_21_93072496,44,0.11764705882352941,35.35353535353535,,6.818181818181818
D_Broader_Pool,1110996,msmarco_passage_21_352566920,44,0.11764705882352941,34.34343434343434,,6.818181818181818
D_Broader_Pool,1110996,msmarco_passage_26_72999048,51,0.06666666666666667,33.333333333333336,,5.882352941176471
D_Broader_Pool,1110996,msmarco_passage_26_73013217,48,0.1282051282051282,32.32323232323232,,4.166666666666667
D_Broader_Pool,1110996,msmarco_passage_45_567060611,70,0.1,31.313131313131315,,2.857142857142857
D_Broader_Pool,1110996,msmarco_passage_30_737572032,35,0.15625,30.303030303030297,,0.0
D_Broader_Pool,1110996,msmarco_passage_45_567061541,52,0.0975609756097561,29.292929292929294,,1.9230769230769231
D_Broader_Pool,1110996,msmarco_passage_60_225328704,53,0.14705882352941177,28.282828282828287,,3.7735849056603774
D_Broader_Pool,1110996,msmarco_passage_60_202275507,53,0.14705882352941177,27.27272727272727,,3.7735849056603774
D_Broader_Pool,1110996,msmarco_passage_26_73011982,45,0.1,26.262626262626267,,13.333333333333334
D_Broader_Pool,1110996,msmarco_passage_02_173964114,76,0.08695652173913043,25.25252525252525,,5.2631578947368425
D_Broader_Pool,1110996,msmarco_passage_26_73005179,51,0.12195121951219512,24.242424242424242,,5.882352941176471
D_Broader_Pool,1110996,msmarco_passage_30_747856735,41,0.16666666666666666,23.23232323232324,,4.878048780487805
D_Broader_Pool,1110996,msmarco_passage_26_73005638,44,0.07894736842105263,22.22222222222222,,0.0
D_Broader_Pool,1110996,msmarco_passage_26_73010684,47,0.10256410256410256,21.212121212121215,,4.25531914893617
D_Broader_Pool,1110996,msmarco_passage_00_560158369,37,0.125,20.2020202020202,,0.0
D_Broader_Pool,1110996,msmarco_passage_22_206639311,38,0.1111111111111111,19.191919191919194,,2.6315789473684212
D_Broader_Pool,1110996,msmarco_passage_26_73000197,53,0.09302325581395349,18.181818181818176,,5.660377358490566
D_Broader_Pool,1110996,msmarco_passage_15_729791428,44,0.10526315789473684,17.17171717171717,,4.545454545454546
D_Broader_Pool,1110996,msmarco_passage_60_225336089,55,0.09523809523809523,16.161616161616166,,9.090909090909092
D_Broader_Pool,1110996,msmarco_passage_30_708194607,49,0.0967741935483871,15.151515151515149,,10.204081632653061
D_Broader_Pool,1110996,msmarco_passage_29_608157610,51,0.17647058823529413,14.141414141414144,,1.9607843137254901
D_Broader_Pool,1110996,msmarco_passage_02_221754029,63,0.09302325581395349,13.131313131313128,,4.761904761904762
D_Broader_Pool,1110996,msmarco_passage_27_508551649,63,0.09302325581395349,12.121212121212121,,4.761904761904762
D_Broader_Pool,1110996,msmarco_passage_30_628146864,52,0.09302325581395349,11.111111111111116,,1.9230769230769231
D_Broader_Pool,1110996,msmarco_passage_05_702894585,57,0.10810810810810811,10.1010101010101,,0.0
D_Broader_Pool,1110996,msmarco_passage_30_767801567,54,0.125,9.090909090909093,,9.25925925925926
D_Broader_Pool,1110996,msmarco_passage_04_173184420,64,0.11627906976744186,8.080808080808078,,6.25
D_Broader_Pool,1110996,msmarco_passage_26_72998590,50,0.10810810810810811,7.070707070707072,,4.0
D_Broader_Pool,1110996,msmarco_passage_30_698152607,40,0.11538461538461539,6.060606060606055,,5.0
D_Broader_Pool,1110996,msmarco_passage_26_73001488,44,0.10256410256410256,5.05050505050505,,15.909090909090908
D_Broader_Pool,1110996,msmarco_passage_37_713635908,39,0.13333333333333333,4.040404040404044,,7.6923076923076925
D_Broader_Pool,1110996,msmarco_passage_30_686565283,50,0.15384615384615385,3.0303030303030276,,18.0
D_Broader_Pool,1110996,msmarco_passage_32_260073123,42,0.10526315789473684,2.020202020202022,,9.523809523809524
D_Broader_Pool,1110996,msmarco_passage_06_7315083,47,0.14814814814814814,1.0101010101010055,,12.76595744680851
D_Broader_Pool,1110996,msmarco_passage_30_709001416,41,0.15,0.0,,19.51219512195122
D_Broader_Pool,1111577,msmarco_passage_57_75277978,35,0.3,100.0,,2.857142857142857
D_Broader_Pool,1111577,msmarco_passage_47_543222397,17,0.3125,98.98989898989899,,17.647058823529413
D_Broader_Pool,1111577,msmarco_passage_57_75279844,40,0.14634146341463414,97.97979797979798,,2.5
D_Broader_Pool,1111577,msmarco_passage_30_131171717,46,0.15789473684210525,96.96969696969697,,4.3478260869565215
D_Broader_Pool,1111577,msmarco_passage_30_131172954,87,0.15517241379310345,95.95959595959596,,1.1494252873563218
D_Broader_Pool,1111577,msmarco_passage_45_771413389,45,0.17647058823529413,94.94949494949495,,2.2222222222222223
D_Broader_Pool,1111577,msmarco_passage_57_75278708,36,0.2413793103448276,93.93939393939394,,8.333333333333334
D_Broader_Pool,1111577,msmarco_passage_04_181794401,47,0.11363636363636363,92.92929292929293,,8.51063829787234
D_Broader_Pool,1111577,msmarco_passage_30_169971847,37,0.17142857142857143,91.91919191919192,,10.81081081081081
D_Broader_Pool,1111577,msmarco_passage_29_617232841,59,0.15555555555555556,90.9090909090909,,0.0
D_Broader_Pool,1111577,msmarco_passage_25_376872968,52,0.13953488372093023,89.8989898989899,,9.615384615384615
D_Broader_Pool,1111577,msmarco_passage_01_692922353,52,0.13953488372093023,88.88888888888889,,9.615384615384615
D_Broader_Pool,1111577,msmarco_passage_18_81156006,44,0.2,87.87878787878788,,9.090909090909092
D_Broader_Pool,1111577,msmarco_passage_22_234860495,55,0.13636363636363635,86.86868686868688,,0.0
D_Broader_Pool,1111577,msmarco_passage_05_563789830,53,0.16666666666666666,85.85858585858585,,1.8867924528301887
D_Broader_Pool,1111577,msmarco_passage_43_384381898,53,0.16666666666666666,84.84848484848484,,1.8867924528301887
D_Broader_Pool,1111577,msmarco_passage_18_81156413,47,0.13333333333333333,83.83838383838383,,4.25531914893617
D_Broader_Pool,1111577,msmarco_passage_51_67737018,46,0.1111111111111111,82.82828282828282,,2.1739130434782608
D_Broader_Pool,1111577,msmarco_passage_06_302242293,55,0.13953488372093023,81.81818181818181,,0.0
D_Broader_Pool,1111577,msmarco_passage_30_131168603,69,0.125,80.8080808080808,,2.898550724637681
D_Broader_Pool,1111577,msmarco_passage_12_181442295,50,0.14285714285714285,79.7979797979798,,16.0
D_Broader_Pool,1111577,msmarco_passage_30_131170422,42,0.2222222222222222,78.78787878787878,,19.047619047619047
D_Broader_Pool,1111577,msmarco_passage_30_131174746,44,0.15625,77.77777777777779,,0.0
D_Broader_Pool,1111577,msmarco_passage_29_617233848,48,0.16216216216216217,76.76767676767678,,2.0833333333333335
D_Broader_Pool,1111577,msmarco_passage_30_131180116,45,0.16216216216216217,75.75757575757575,,2.2222222222222223
D_Broader_Pool,1111577,msmarco_passage_30_132524879,45,0.16216216216216217,74.74747474747474,,2.2222222222222223
D_Broader_Pool,1111577,msmarco_passage_30_131200137,43,0.1875,73.73737373737373,,2.3255813953488373
D_Broader_Pool,1111577,msmarco_passage_25_376871425,50,0.13636363636363635,72.72727272727273,,0.0
D_Broader_Pool,1111577,msmarco_passage_01_692920806,50,0.13636363636363635,71.71717171717171,,0.0
D_Broader_Pool,1111577,msmarco_passage_53_783821943,47,0.11627906976744186,70.70707070707071,,6.382978723404255
D_Broader_Pool,1111577,msmarco_passage_10_308296547,57,0.13333333333333333,69.6969696969697,,8.771929824561404
D_Broader_Pool,1111577,msmarco_passage_30_131174111,79,0.07017543859649122,68.68686868686868,,0.0
D_Broader_Pool,1111577,msmarco_passage_26_809267999,83,0.11864406779661017,67.67676767676767,,1.2048192771084338
D_Broader_Pool,1111577,msmarco_passage_22_88488160,45,0.08888888888888889,66.66666666666667,,4.444444444444445
D_Broader_Pool,1111577,msmarco_passage_43_325713868,56,0.1111111111111111,65.65656565656566,,0.0
D_Broader_Pool,1111577,msmarco_passage_22_88487252,57,0.13636363636363635,64.64646464646464,,0.0
D_Broader_Pool,1111577,msmarco_passage_63_102153304,48,0.1282051282051282,63.63636363636363,,10.416666666666666
D_Broader_Pool,1111577,msmarco_passage_63_102156257,48,0.1282051282051282,62.62626262626263,,10.416666666666666
D_Broader_Pool,1111577,msmarco_passage_25_376870905,63,0.10204081632653061,61.61616161616161,,0.0
D_Broader_Pool,1111577,msmarco_passage_01_692920285,63,0.10204081632653061,60.60606060606061,,0.0
D_Broader_Pool,1111577,msmarco_passage_11_63410930,48,0.13157894736842105,59.5959595959596,,4.166666666666667
D_Broader_Pool,1111577,msmarco_passage_52_224642532,53,0.14634146341463414,58.58585858585859,,0.0
D_Broader_Pool,1111577,msmarco_passage_43_384382367,68,0.1276595744680851,57.57575757575757,,1.4705882352941178
D_Broader_Pool,1111577,msmarco_passage_05_563790299,68,0.1276595744680851,56.56565656565656,,1.4705882352941178
D_Broader_Pool,1111577,msmarco_passage_04_181795147,52,0.1,55.55555555555556,,3.8461538461538463
D_Broader_Pool,1111577,msmarco_passage_30_131204210,57,0.13953488372093023,54.54545454545454,,5.2631578947368425
D_Broader_Pool,1111577,msmarco_passage_25_376869589,53,0.13636363636363635,53.535353535353536,,1.8867924528301887
D_Broader_Pool,1111577,msmarco_passage_01_692918966,53,0.13636363636363635,52.52525252525253,,1.8867924528301887
D_Broader_Pool,1111577,msmarco_passage_06_302244060,71,0.15217391304347827,51.515151515151516,,0.0
D_Broader_Pool,1111577,msmarco_passage_05_563782946,54,0.10869565217391304,50.5050505050505,,1.8518518518518519
D_Broader_Pool,1111577,msmarco_passage_43_384375014,54,0.10869565217391304,49.494949494949495,,1.8518518518518519
D_Broader_Pool,1111577,msmarco_passage_50_831341103,47,0.18421052631578946,48.484848484848484,,2.127659574468085
D_Broader_Pool,1111577,msmarco_passage_01_692921249,44,0.11627906976744186,47.47474747474747,,2.272727272727273
D_Broader_Pool,1111577,msmarco_passage_25_376871867,44,0.11627906976744186,46.464646464646464,,2.272727272727273
D_Broader_Pool,1111577,msmarco_passage_57_75279404,59,0.12962962962962962,45.45454545454546,,0.0
D_Broader_Pool,1111577,msmarco_passage_22_88488594,49,0.06666666666666667,44.44444444444444,,8.16326530612245
D_Broader_Pool,1111577,msmarco_passage_01_692924533,45,0.22727272727272727,43.43434343434344,,6.666666666666667
D_Broader_Pool,1111577,msmarco_passage_25_376875143,45,0.22727272727272727,42.42424242424242,,6.666666666666667
D_Broader_Pool,1111577,msmarco_passage_23_415753245,48,0.10638297872340426,41.41414141414141,,6.25
D_Broader_Pool,1111577,msmarco_passage_64_360154975,48,0.10638297872340426,40.40404040404041,,6.25
D_Broader_Pool,1111577,msmarco_passage_22_270154705,51,0.15789473684210525,39.39393939393939,,5.882352941176471
D_Broader_Pool,1111577,msmarco_passage_01_254295856,51,0.15789473684210525,38.38383838383839,,5.882352941176471
D_Broader_Pool,1111577,msmarco_passage_25_390044986,45,0.23809523809523808,37.37373737373737,,8.88888888888889
D_Broader_Pool,1111577,msmarco_passage_25_382189592,23,0.25,36.36363636363637,,4.3478260869565215
D_Broader_Pool,1111577,msmarco_passage_39_565124980,51,0.15789473684210525,35.35353535353535,,5.882352941176471
D_Broader_Pool,1111577,msmarco_passage_30_169975126,49,0.06818181818181818,34.34343434343434,,4.081632653061225
D_Broader_Pool,1111577,msmarco_passage_57_717166832,76,0.09523809523809523,33.333333333333336,,3.9473684210526314
D_Broader_Pool,1111577,msmarco_passage_25_263869503,32,0.09375,32.32323232323232,,6.25
D_Broader_Pool,1111577,msmarco_passage_01_692926610,49,0.11904761904761904,31.313131313131315,,6.122448979591836
D_Broader_Pool,1111577,msmarco_passage_25_376877215,49,0.11904761904761904,30.303030303030297,,6.122448979591836
D_Broader_Pool,1111577,msmarco_passage_31_647302268,67,0.10714285714285714,29.292929292929294,,2.985074626865672
D_Broader_Pool,1111577,msmarco_passage_01_692927939,48,0.13636363636363635,28.282828282828287,,12.5
D_Broader_Pool,1111577,msmarco_passage_25_376878541,48,0.13636363636363635,27.27272727272727,,12.5
D_Broader_Pool,1111577,msmarco_passage_61_523002615,48,0.15555555555555556,26.262626262626267,,0.0
D_Broader_Pool,1111577,msmarco_passage_07_652797087,75,0.08196721311475409,25.25252525252525,,1.3333333333333333
D_Broader_Pool,1111577,msmarco_passage_43_384379307,49,0.10869565217391304,24.242424242424242,,8.16326530612245
D_Broader_Pool,1111577,msmarco_passage_05_563787239,49,0.10869565217391304,23.23232323232324,,8.16326530612245
D_Broader_Pool,1111577,msmarco_passage_43_384380584,45,0.1388888888888889,22.22222222222222,,4.444444444444445
D_Broader_Pool,1111577,msmarco_passage_05_563788516,45,0.1388888888888889,21.212121212121215,,4.444444444444445
D_Broader_Pool,1111577,msmarco_passage_32_334555566,79,0.12727272727272726,20.2020202020202,,2.5316455696202533
D_Broader_Pool,1111577,msmarco_passage_23_612384518,46,0.15384615384615385,19.191919191919194,,0.0
D_Broader_Pool,1111577,msmarco_passage_43_325712566,64,0.16326530612244897,18.181818181818176,,0.0
D_Broader_Pool,1111577,msmarco_passage_61_839109552,42,0.13157894736842105,17.17171717171717,,4.761904761904762
D_Broader_Pool,1111577,msmarco_passage_21_280239558,59,0.18604651162790697,16.161616161616166,,6.779661016949152
D_Broader_Pool,1111577,msmarco_passage_20_702121434,89,0.11475409836065574,15.151515151515149,,16.853932584269664
D_Broader_Pool,1111577,msmarco_passage_43_325717960,46,0.14285714285714285,14.141414141414144,,8.695652173913043
D_Broader_Pool,1111577,msmarco_passage_57_832077565,46,0.09302325581395349,13.131313131313128,,10.869565217391305
D_Broader_Pool,1111577,msmarco_passage_17_850720417,32,0.17857142857142858,12.121212121212121,,21.875
D_Broader_Pool,1111577,msmarco_passage_66_291683321,65,0.125,11.111111111111116,,0.0
D_Broader_Pool,1111577,msmarco_passage_57_407051391,29,0.037037037037037035,10.1010101010101,,17.24137931034483
D_Broader_Pool,1111577,msmarco_passage_08_619077655,43,0.18421052631578946,9.090909090909093,,0.0
D_Broader_Pool,1111577,msmarco_passage_29_779983746,30,0.13793103448275862,8.080808080808078,,16.666666666666668
D_Broader_Pool,1111577,msmarco_passage_39_236443481,46,0.11904761904761904,7.070707070707072,,2.1739130434782608
D_Broader_Pool,1111577,msmarco_passage_25_68978907,49,0.2222222222222222,6.060606060606055,,2.0408163265306123
D_Broader_Pool,1111577,msmarco_passage_30_377644554,77,0.10714285714285714,5.05050505050505,,10.38961038961039
D_Broader_Pool,1111577,msmarco_passage_61_841924017,56,0.13636363636363635,4.040404040404044,,3.5714285714285716
D_Broader_Pool,1111577,msmarco_passage_27_580262349,50,0.06521739130434782,3.0303030303030276,,2.0
D_Broader_Pool,1111577,msmarco_passage_43_384377245,49,0.08333333333333333,2.020202020202022,,10.204081632653061
D_Broader_Pool,1111577,msmarco_passage_05_563785177,49,0.08333333333333333,1.0101010101010055,,10.204081632653061
D_Broader_Pool,1111577,msmarco_passage_32_607924405,51,0.13333333333333333,0.0,,0.0
D_Broader_Pool,1113361,msmarco_passage_28_207314361,42,0.09090909090909091,100.0,,2.380952380952381
D_Broader_Pool,1113361,msmarco_passage_16_95653147,50,0.08823529411764706,98.98989898989899,,4.0
D_Broader_Pool,1113361,msmarco_passage_64_194926716,53,0.08108108108108109,97.97979797979798,,1.8867924528301887
D_Broader_Pool,1113361,msmarco_passage_26_565836663,93,0.045454545454545456,96.96969696969697,,3.225806451612903
D_Broader_Pool,1113361,msmarco_passage_02_24688154,93,0.045454545454545456,95.95959595959596,,3.225806451612903
D_Broader_Pool,1113361,msmarco_passage_64_194927232,55,0.06818181818181818,94.94949494949495,,0.0
D_Broader_Pool,1113361,msmarco_passage_31_544615024,53,0.06818181818181818,93.93939393939394,,1.8867924528301887
D_Broader_Pool,1113361,msmarco_passage_41_660382296,36,0.1,92.92929292929293,,8.333333333333334
D_Broader_Pool,1113361,msmarco_passage_14_109598586,45,0.08571428571428572,91.91919191919192,,0.0
D_Broader_Pool,1113361,msmarco_passage_33_122466742,64,0.06818181818181818,90.9090909090909,,3.125
D_Broader_Pool,1113361,msmarco_passage_09_618972452,48,0.09523809523809523,89.8989898989899,,2.0833333333333335
D_Broader_Pool,1113361,msmarco_passage_61_260645694,48,0.09523809523809523,88.88888888888889,,2.0833333333333335
D_Broader_Pool,1113361,msmarco_passage_01_758492175,58,0.0425531914893617,87.87878787878788,,0.0
D_Broader_Pool,1113361,msmarco_passage_01_791701828,36,0.09375,86.86868686868688,,2.7777777777777777
D_Broader_Pool,1113361,msmarco_passage_64_212079834,36,0.09375,85.85858585858585,,2.7777777777777777
D_Broader_Pool,1113361,msmarco_passage_33_122464696,57,0.06666666666666667,84.84848484848484,,1.7543859649122806
D_Broader_Pool,1113361,msmarco_passage_52_103224724,39,0.0625,83.83838383838383,,0.0
D_Broader_Pool,1113361,msmarco_passage_61_672284759,41,0.125,82.82828282828282,,4.878048780487805
D_Broader_Pool,1113361,msmarco_passage_10_696317784,50,0.10810810810810811,81.81818181818181,,4.0
D_Broader_Pool,1113361,msmarco_passage_64_194926047,83,0.05263157894736842,80.8080808080808,,4.819277108433735
D_Broader_Pool,1113361,msmarco_passage_04_138802342,48,0.09375,79.7979797979798,,8.333333333333334
D_Broader_Pool,1113361,msmarco_passage_15_407171828,51,0.06818181818181818,78.78787878787878,,1.9607843137254901
D_Broader_Pool,1113361,msmarco_passage_26_560258345,46,0.07692307692307693,77.77777777777779,,2.1739130434782608
D_Broader_Pool,1113361,msmarco_passage_01_865747454,46,0.07692307692307693,76.76767676767678,,2.1739130434782608
D_Broader_Pool,1113361,msmarco_passage_02_17396939,46,0.07692307692307693,75.75757575757575,,2.1739130434782608
D_Broader_Pool,1113361,msmarco_passage_02_24989731,46,0.07692307692307693,74.74747474747474,,2.1739130434782608
D_Broader_Pool,1113361,msmarco_passage_26_566128723,46,0.07692307692307693,73.73737373737373,,2.1739130434782608
D_Broader_Pool,1113361,msmarco_passage_26_566681770,46,0.07692307692307693,72.72727272727273,,2.1739130434782608
D_Broader_Pool,1113361,msmarco_passage_26_565474089,53,0.06818181818181818,71.71717171717171,,7.547169811320755
D_Broader_Pool,1113361,msmarco_passage_20_487346340,39,0.08823529411764706,70.70707070707071,,5.128205128205129
D_Broader_Pool,1113361,msmarco_passage_31_544622952,42,0.0967741935483871,69.6969696969697,,4.761904761904762
D_Broader_Pool,1113361,msmarco_passage_30_616568296,34,0.06896551724137931,68.68686868686868,,0.0
D_Broader_Pool,1113361,msmarco_passage_26_565472697,60,0.10256410256410256,67.67676767676767,,5.0
D_Broader_Pool,1113361,msmarco_passage_15_407177357,51,0.04878048780487805,66.66666666666667,,0.0
D_Broader_Pool,1113361,msmarco_passage_53_831527146,44,0.058823529411764705,65.65656565656566,,4.545454545454546
D_Broader_Pool,1113361,msmarco_passage_28_209125286,28,0.07142857142857142,64.64646464646464,,0.0
D_Broader_Pool,1113361,msmarco_passage_28_207314765,43,0.05555555555555555,63.63636363636363,,4.651162790697675
D_Broader_Pool,1113361,msmarco_passage_64_194927745,41,0.05405405405405406,62.62626262626263,,2.4390243902439024
D_Broader_Pool,1113361,msmarco_passage_01_758491694,52,0.045454545454545456,61.61616161616161,,5.769230769230769
D_Broader_Pool,1113361,msmarco_passage_52_91348025,50,0.06666666666666667,60.60606060606061,,6.0
D_Broader_Pool,1113361,msmarco_passage_01_758488187,37,0.09090909090909091,59.5959595959596,,0.0
D_Broader_Pool,1113361,msmarco_passage_30_616567402,52,0.10526315789473684,58.58585858585859,,1.9230769230769231
D_Broader_Pool,1113361,msmarco_passage_20_487344176,43,0.05555555555555555,57.57575757575757,,0.0
D_Broader_Pool,1113361,msmarco_passage_26_616291499,50,0.07692307692307693,56.56565656565656,,4.0
D_Broader_Pool,1113361,msmarco_passage_64_187159682,48,0.05128205128205128,55.55555555555556,,4.166666666666667
D_Broader_Pool,1113361,msmarco_passage_52_91295008,47,0.08823529411764706,54.54545454545454,,4.25531914893617
D_Broader_Pool,1113361,msmarco_passage_64_194929757,34,0.06451612903225806,53.535353535353536,,2.9411764705882355
D_Broader_Pool,1113361,msmarco_passage_33_122466298,51,0.07142857142857142,52.52525252525253,,0.0
D_Broader_Pool,1113361,msmarco_passage_28_209116004,48,0.05,51.515151515151516,,0.0
D_Broader_Pool,1113361,msmarco_passage_33_122464325,36,0.10344827586206896,50.5050505050505,,0.0
D_Broader_Pool,1113361,msmarco_passage_26_565838400,71,0.037037037037037035,49.494949494949495,,16.901408450704224
D_Broader_Pool,1113361,msmarco_passage_02_24689891,71,0.037037037037037035,48.484848484848484,,16.901408450704224
D_Broader_Pool,1113361,msmarco_passage_61_672279935,47,0.05263157894736842,47.47474747474747,,8.51063829787234
D_Broader_Pool,1113361,msmarco_passage_01_758487571,68,0.046511627906976744,46.464646464646464,,2.9411764705882355
D_Broader_Pool,1113361,msmarco_passage_40_167197823,50,0.10256410256410256,45.45454545454546,,4.0
D_Broader_Pool,1113361,msmarco_passage_30_685763627,52,0.10256410256410256,44.44444444444444,,1.9230769230769231
D_Broader_Pool,1113361,msmarco_passage_28_207312509,47,0.1,43.43434343434344,,2.127659574468085
D_Broader_Pool,1113361,msmarco_passage_26_565835758,63,0.07317073170731707,42.42424242424242,,9.523809523809524
D_Broader_Pool,1113361,msmarco_passage_02_24687249,63,0.07317073170731707,41.41414141414141,,9.523809523809524
D_Broader_Pool,1113361,msmarco_passage_30_609147630,46,0.08108108108108109,40.40404040404041,,2.1739130434782608
D_Broader_Pool,1113361,msmarco_passage_31_544619528,43,0.05405405405405406,39.39393939393939,,4.651162790697675
D_Broader_Pool,1113361,msmarco_passage_01_758490364,17,0.0625,38.38383838383839,,23.529411764705884
D_Broader_Pool,1113361,msmarco_passage_33_562932088,46,0.125,37.37373737373737,,4.3478260869565215
D_Broader_Pool,1113361,msmarco_passage_15_407175011,53,0.05405405405405406,36.36363636363637,,3.7735849056603774
D_Broader_Pool,1113361,msmarco_passage_26_565835279,51,0.046511627906976744,35.35353535353535,,5.882352941176471
D_Broader_Pool,1113361,msmarco_passage_02_24686770,51,0.046511627906976744,34.34343434343434,,5.882352941176471
D_Broader_Pool,1113361,msmarco_passage_26_565478691,47,0.04878048780487805,33.333333333333336,,4.25531914893617
D_Broader_Pool,1113361,msmarco_passage_20_487344553,52,0.045454545454545456,32.32323232323232,,17.307692307692307
D_Broader_Pool,1113361,msmarco_passage_28_207313787,71,0.01818181818181818,31.313131313131315,,11.267605633802816
D_Broader_Pool,1113361,msmarco_passage_30_743439859,39,0.06666666666666667,30.303030303030297,,7.6923076923076925
D_Broader_Pool,1113361,msmarco_passage_52_91309931,49,0.07692307692307693,29.292929292929294,,6.122448979591836
D_Broader_Pool,1113361,msmarco_passage_01_758488957,38,0.02857142857142857,28.282828282828287,,2.6315789473684212
D_Broader_Pool,1113361,msmarco_passage_02_24689534,37,0.06896551724137931,27.27272727272727,,0.0
D_Broader_Pool,1113361,msmarco_passage_26_565838043,37,0.06896551724137931,26.262626262626267,,0.0
D_Broader_Pool,1113361,msmarco_passage_01_758493634,23,0.045454545454545456,25.25252525252525,,8.695652173913043
D_Broader_Pool,1113361,msmarco_passage_40_171692202,50,0.10256410256410256,24.242424242424242,,6.0
D_Broader_Pool,1113361,msmarco_passage_07_416097865,36,0.06060606060606061,23.23232323232324,,0.0
D_Broader_Pool,1113361,msmarco_passage_15_407175499,53,0.04878048780487805,22.22222222222222,,9.433962264150944
D_Broader_Pool,1113361,msmarco_passage_33_122469933,60,0.046511627906976744,21.212121212121215,,0.0
D_Broader_Pool,1113361,msmarco_passage_28_207962905,53,0.07142857142857142,20.2020202020202,,5.660377358490566
D_Broader_Pool,1113361,msmarco_passage_28_208514503,41,0.05555555555555555,19.191919191919194,,17.073170731707318
D_Broader_Pool,1113361,msmarco_passage_56_425120813,38,0.03571428571428571,18.181818181818176,,0.0
D_Broader_Pool,1113361,msmarco_passage_16_95373582,77,0.06521739130434782,17.17171717171717,,0.0
D_Broader_Pool,1113361,msmarco_passage_35_87677392,29,0.16666666666666666,16.161616161616166,,0.0
D_Broader_Pool,1113361,msmarco_passage_26_614475492,60,0.06521739130434782,15.151515151515149,,1.6666666666666667
D_Broader_Pool,1113361,msmarco_passage_25_149303335,70,0.07317073170731707,14.141414141414144,,0.0
D_Broader_Pool,1113361,msmarco_passage_20_459015971,61,0.06521739130434782,13.131313131313128,,6.557377049180328
D_Broader_Pool,1113361,msmarco_passage_35_627601590,35,0.10344827586206896,12.121212121212121,,2.857142857142857
D_Broader_Pool,1113361,msmarco_passage_54_63630781,47,0.058823529411764705,11.111111111111116,,0.0
D_Broader_Pool,1113361,msmarco_passage_58_749266660,45,0.08333333333333333,10.1010101010101,,0.0
D_Broader_Pool,1113361,msmarco_passage_09_146081629,45,0.08333333333333333,9.090909090909093,,0.0
D_Broader_Pool,1113361,msmarco_passage_33_145096896,42,0.15384615384615385,8.080808080808078,,0.0
D_Broader_Pool,1113361,msmarco_passage_56_290820068,42,0.09375,7.070707070707072,,0.0
D_Broader_Pool,1113361,msmarco_passage_21_747133973,43,0.08333333333333333,6.060606060606055,,2.3255813953488373
D_Broader_Pool,1113361,msmarco_passage_05_779929474,54,0.05263157894736842,5.05050505050505,,0.0
D_Broader_Pool,1113361,msmarco_passage_28_281094502,46,0.05263157894736842,4.040404040404044,,4.3478260869565215
D_Broader_Pool,1113361,msmarco_passage_28_281089843,46,0.05263157894736842,3.0303030303030276,,4.3478260869565215
D_Broader_Pool,1113361,msmarco_passage_59_864312871,37,0.06451612903225806,2.020202020202022,,8.108108108108109
D_Broader_Pool,1113361,msmarco_passage_59_864311636,43,0.05405405405405406,1.0101010101010055,,13.953488372093023
D_Broader_Pool,1113361,msmarco_passage_12_536053659,41,0.06666666666666667,0.0,,7.317073170731708
D_Broader_Pool,1117243,msmarco_passage_24_223390352,54,0.047619047619047616,100.0,,0.0
D_Broader_Pool,1117243,msmarco_passage_13_8344014,68,0.06,98.98989898989899,,10.294117647058824
D_Broader_Pool,1117243,msmarco_passage_37_509408647,44,0.08571428571428572,97.97979797979798,,2.272727272727273
D_Broader_Pool,1117243,msmarco_passage_23_342471482,43,0.07692307692307693,96.96969696969697,,0.0
D_Broader_Pool,1117243,msmarco_passage_23_342471840,48,0.06976744186046512,95.95959595959596,,2.0833333333333335
D_Broader_Pool,1117243,msmarco_passage_67_383701492,57,0.05,94.94949494949495,,0.0
D_Broader_Pool,1117243,msmarco_passage_23_342669409,51,0.07692307692307693,93.93939393939394,,1.9607843137254901
D_Broader_Pool,1117243,msmarco_passage_29_287281174,55,0.045454545454545456,92.92929292929293,,0.0
D_Broader_Pool,1117243,msmarco_passage_45_826819142,45,0.09090909090909091,91.91919191919192,,2.2222222222222223
D_Broader_Pool,1117243,msmarco_passage_10_881791455,59,0.05,90.9090909090909,,0.0
D_Broader_Pool,1117243,msmarco_passage_67_670537535,59,0.05,89.8989898989899,,0.0
D_Broader_Pool,1117243,msmarco_passage_35_141392194,50,0.06976744186046512,88.88888888888889,,4.0
D_Broader_Pool,1117243,msmarco_passage_23_342794604,51,0.07692307692307693,87.87878787878788,,0.0
D_Broader_Pool,1117243,msmarco_passage_13_8342907,30,0.12,86.86868686868688,,3.3333333333333335
D_Broader_Pool,1117243,msmarco_passage_58_805469003,47,0.07692307692307693,85.85858585858585,,4.25531914893617
D_Broader_Pool,1117243,msmarco_passage_09_157899682,47,0.07692307692307693,84.84848484848484,,4.25531914893617
D_Broader_Pool,1117243,msmarco_passage_13_8345348,56,0.06521739130434782,83.83838383838383,,5.357142857142857
D_Broader_Pool,1117243,msmarco_passage_33_176439880,54,0.07317073170731707,82.82828282828282,,1.8518518518518519
D_Broader_Pool,1117243,msmarco_passage_57_496862955,47,0.06976744186046512,81.81818181818181,,2.127659574468085
D_Broader_Pool,1117243,msmarco_passage_48_673868172,55,0.06976744186046512,80.8080808080808,,3.6363636363636362
D_Broader_Pool,1117243,msmarco_passage_10_821023015,57,0.043478260869565216,79.7979797979798,,0.0
D_Broader_Pool,1117243,msmarco_passage_67_415838733,57,0.043478260869565216,78.78787878787878,,0.0
D_Broader_Pool,1117243,msmarco_passage_10_821867114,59,0.045454545454545456,77.77777777777779,,1.694915254237288
D_Broader_Pool,1117243,msmarco_passage_67_788091872,59,0.045454545454545456,76.76767676767678,,1.694915254237288
D_Broader_Pool,1117243,msmarco_passage_28_472543822,52,0.07692307692307693,75.75757575757575,,0.0
D_Broader_Pool,1117243,msmarco_passage_36_661573305,56,0.06666666666666667,74.74747474747474,,1.7857142857142858
D_Broader_Pool,1117243,msmarco_passage_40_473640047,48,0.06818181818181818,73.73737373737373,,6.25
D_Broader_Pool,1117243,msmarco_passage_39_62811092,56,0.06976744186046512,72.72727272727273,,7.142857142857143
D_Broader_Pool,1117243,msmarco_passage_39_175447999,52,0.0625,71.71717171717171,,3.8461538461538463
D_Broader_Pool,1117243,msmarco_passage_23_342799373,58,0.041666666666666664,70.70707070707071,,5.172413793103448
D_Broader_Pool,1117243,msmarco_passage_02_363957758,57,0.046511627906976744,69.6969696969697,,0.0
D_Broader_Pool,1117243,msmarco_passage_29_529807026,58,0.023255813953488372,68.68686868686868,,3.4482758620689653
D_Broader_Pool,1117243,msmarco_passage_29_529814680,58,0.023255813953488372,67.67676767676767,,3.4482758620689653
D_Broader_Pool,1117243,msmarco_passage_29_523617549,58,0.023255813953488372,66.66666666666667,,3.4482758620689653
D_Broader_Pool,1117243,msmarco_passage_48_601600984,58,0.023255813953488372,65.65656565656566,,3.4482758620689653
D_Broader_Pool,1117243,msmarco_passage_22_653310155,59,0.08571428571428572,64.64646464646464,,0.0
D_Broader_Pool,1117243,msmarco_passage_23_342849392,65,0.06382978723404255,63.63636363636363,,1.5384615384615385
D_Broader_Pool,1117243,msmarco_passage_23_342470210,45,0.08571428571428572,62.62626262626263,,0.0
D_Broader_Pool,1117243,msmarco_passage_23_342670237,57,0.05,61.61616161616161,,1.7543859649122806
D_Broader_Pool,1117243,msmarco_passage_23_342688717,50,0.08108108108108109,60.60606060606061,,4.0
D_Broader_Pool,1117243,msmarco_passage_06_326098268,49,0.05714285714285714,59.5959595959596,,4.081632653061225
D_Broader_Pool,1117243,msmarco_passage_48_773190700,53,0.07692307692307693,58.58585858585859,,0.0
D_Broader_Pool,1117243,msmarco_passage_57_330465943,60,0.061224489795918366,57.57575757575757,,5.0
D_Broader_Pool,1117243,msmarco_passage_36_661568514,55,0.06976744186046512,56.56565656565656,,3.6363636363636362
D_Broader_Pool,1117243,msmarco_passage_23_342468354,58,0.09090909090909091,55.55555555555556,,0.0
D_Broader_Pool,1117243,msmarco_passage_64_559029609,75,0.034482758620689655,54.54545454545454,,0.0
D_Broader_Pool,1117243,msmarco_passage_13_79861544,71,0.09302325581395349,53.535353535353536,,0.0
D_Broader_Pool,1117243,msmarco_passage_48_773185812,58,0.06666666666666667,52.52525252525253,,3.4482758620689653
D_Broader_Pool,1117243,msmarco_passage_01_660893994,53,0.06976744186046512,51.515151515151516,,0.0
D_Broader_Pool,1117243,msmarco_passage_24_247375910,38,0.11764705882352941,50.5050505050505,,0.0
D_Broader_Pool,1117243,msmarco_passage_08_326151255,63,0.046511627906976744,49.494949494949495,,0.0
D_Broader_Pool,1117243,msmarco_passage_54_780382274,63,0.046511627906976744,48.484848484848484,,0.0
D_Broader_Pool,1117243,msmarco_passage_35_141391298,51,0.07142857142857142,47.47474747474747,,0.0
D_Broader_Pool,1117243,msmarco_passage_66_718947514,57,0.06521739130434782,46.464646464646464,,0.0
D_Broader_Pool,1117243,msmarco_passage_24_174684133,44,0.07894736842105263,45.45454545454546,,2.272727272727273
D_Broader_Pool,1117243,msmarco_passage_24_152754493,44,0.07894736842105263,44.44444444444444,,2.272727272727273
D_Broader_Pool,1117243,msmarco_passage_12_206387565,45,0.08571428571428572,43.43434343434344,,2.2222222222222223
D_Broader_Pool,1117243,msmarco_passage_23_342496390,46,0.05,42.42424242424242,,0.0
D_Broader_Pool,1117243,msmarco_passage_15_826169229,49,0.07692307692307693,41.41414141414141,,0.0
D_Broader_Pool,1117243,msmarco_passage_68_528645509,51,0.047619047619047616,40.40404040404041,,1.9607843137254901
D_Broader_Pool,1117243,msmarco_passage_26_230299387,58,0.06818181818181818,39.39393939393939,,0.0
D_Broader_Pool,1117243,msmarco_passage_01_825276251,58,0.06818181818181818,38.38383838383839,,0.0
D_Broader_Pool,1117243,msmarco_passage_17_227185278,53,0.05263157894736842,37.37373737373737,,1.8867924528301887
D_Broader_Pool,1117243,msmarco_passage_29_717411626,53,0.0625,36.36363636363637,,5.660377358490566
D_Broader_Pool,1117243,msmarco_passage_05_768574362,59,0.06666666666666667,35.35353535353535,,8.474576271186441
D_Broader_Pool,1117243,msmarco_passage_43_863841021,59,0.06666666666666667,34.34343434343434,,8.474576271186441
D_Broader_Pool,1117243,msmarco_passage_36_414359973,41,0.08695652173913043,33.333333333333336,,7.317073170731708
D_Broader_Pool,1117243,msmarco_passage_33_48211830,72,0.03773584905660377,32.32323232323232,,2.7777777777777777
D_Broader_Pool,1117243,msmarco_passage_36_733647130,56,0.07142857142857142,31.313131313131315,,0.0
D_Broader_Pool,1117243,msmarco_passage_36_735306249,56,0.07142857142857142,30.303030303030297,,0.0
D_Broader_Pool,1117243,msmarco_passage_36_735662764,56,0.07142857142857142,29.292929292929294,,0.0
D_Broader_Pool,1117243,msmarco_passage_52_858618109,47,0.047619047619047616,28.282828282828287,,2.127659574468085
D_Broader_Pool,1117243,msmarco_passage_07_774344230,47,0.047619047619047616,27.27272727272727,,2.127659574468085
D_Broader_Pool,1117243,msmarco_passage_24_46762192,51,0.05,26.262626262626267,,0.0
D_Broader_Pool,1117243,msmarco_passage_35_141392634,56,0.047619047619047616,25.25252525252525,,3.5714285714285716
D_Broader_Pool,1117243,msmarco_passage_36_665505933,46,0.05263157894736842,24.242424242424242,,0.0
D_Broader_Pool,1117243,msmarco_passage_23_342529034,38,0.0967741935483871,23.23232323232324,,13.157894736842104
D_Broader_Pool,1117243,msmarco_passage_54_779601632,69,0.05555555555555555,22.22222222222222,,7.246376811594203
D_Broader_Pool,1117243,msmarco_passage_36_735435020,30,0.14285714285714285,21.212121212121215,,13.333333333333334
D_Broader_Pool,1117243,msmarco_passage_36_735511212,30,0.14285714285714285,20.2020202020202,,13.333333333333334
D_Broader_Pool,1117243,msmarco_passage_08_706421280,54,0.06666666666666667,19.191919191919194,,3.7037037037037037
D_Broader_Pool,1117243,msmarco_passage_56_477840934,54,0.06666666666666667,18.181818181818176,,3.7037037037037037
D_Broader_Pool,1117243,msmarco_passage_23_342679632,71,0.05555555555555555,17.17171717171717,,8.450704225352112
D_Broader_Pool,1117243,msmarco_passage_04_87699688,62,0.045454545454545456,16.161616161616166,,3.225806451612903
D_Broader_Pool,1117243,msmarco_passage_10_802896446,56,0.047619047619047616,15.151515151515149,,0.0
D_Broader_Pool,1117243,msmarco_passage_67_353358813,56,0.047619047619047616,14.141414141414144,,0.0
D_Broader_Pool,1117243,msmarco_passage_23_342695830,74,0.05454545454545454,13.131313131313128,,4.054054054054054
D_Broader_Pool,1117243,msmarco_passage_58_580389995,52,0.07894736842105263,12.121212121212121,,3.8461538461538463
D_Broader_Pool,1117243,msmarco_passage_23_342789665,53,0.0425531914893617,11.111111111111116,,1.8867924528301887
D_Broader_Pool,1117243,msmarco_passage_37_275100900,54,0.02702702702702703,10.1010101010101,,3.7037037037037037
D_Broader_Pool,1117243,msmarco_passage_58_580383830,50,0.08333333333333333,9.090909090909093,,2.0
D_Broader_Pool,1117243,msmarco_passage_36_735436581,29,0.14285714285714285,8.080808080808078,,13.793103448275861
D_Broader_Pool,1117243,msmarco_passage_36_735643474,29,0.14285714285714285,7.070707070707072,,13.793103448275861
D_Broader_Pool,1117243,msmarco_passage_23_342678692,52,0.07142857142857142,6.060606060606055,,3.8461538461538463
D_Broader_Pool,1117243,msmarco_passage_33_529827352,62,0.04878048780487805,5.05050505050505,,3.225806451612903
D_Broader_Pool,1117243,msmarco_passage_23_342646464,73,0.08571428571428572,4.040404040404044,,0.0
D_Broader_Pool,1117243,msmarco_passage_46_337569882,62,0.0625,3.0303030303030276,,1.6129032258064515
D_Broader_Pool,1117243,msmarco_passage_50_717401943,59,0.05,2.020202020202022,,6.779661016949152
D_Broader_Pool,1117243,msmarco_passage_09_243550733,49,0.024390243902439025,1.0101010101010055,,2.0408163265306123
D_Broader_Pool,1117243,msmarco_passage_13_165936339,51,0.058823529411764705,0.0,,1.9607843137254901
D_Broader_Pool,1118716,msmarco_passage_07_847844617,53,0.16216216216216217,100.0,,1.8867924528301887
D_Broader_Pool,1118716,msmarco_passage_15_95579322,37,0.10526315789473684,98.98989898989899,,8.108108108108109
D_Broader_Pool,1118716,msmarco_passage_62_805891320,37,0.10526315789473684,97.97979797979798,,8.108108108108109
D_Broader_Pool,1118716,msmarco_passage_19_863328013,68,0.1111111111111111,96.96969696969697,,5.882352941176471
D_Broader_Pool,1118716,msmarco_passage_22_54723452,57,0.13953488372093023,95.95959595959596,,5.2631578947368425
D_Broader_Pool,1118716,msmarco_passage_19_863525564,50,0.14285714285714285,94.94949494949495,,12.0
D_Broader_Pool,1118716,msmarco_passage_22_54726837,52,0.13513513513513514,93.93939393939394,,9.615384615384615
D_Broader_Pool,1118716,msmarco_passage_49_463390739,53,0.15,92.92929292929293,,5.660377358490566
D_Broader_Pool,1118716,msmarco_passage_03_556679932,41,0.16216216216216217,91.91919191919192,,4.878048780487805
D_Broader_Pool,1118716,msmarco_passage_05_508078172,52,0.1875,90.9090909090909,,7.6923076923076925
D_Broader_Pool,1118716,msmarco_passage_20_738724479,78,0.09615384615384616,89.8989898989899,,3.8461538461538463
D_Broader_Pool,1118716,msmarco_passage_33_147856716,38,0.1388888888888889,88.88888888888889,,10.526315789473685
D_Broader_Pool,1118716,msmarco_passage_01_68694164,45,0.16216216216216217,87.87878787878788,,4.444444444444445
D_Broader_Pool,1118716,msmarco_passage_43_530797423,46,0.1282051282051282,86.86868686868688,,4.3478260869565215
D_Broader_Pool,1118716,msmarco_passage_40_164637888,54,0.14285714285714285,85.85858585858585,,3.7037037037037037
D_Broader_Pool,1118716,msmarco_passage_09_521636726,57,0.21621621621621623,84.84848484848484,,3.508771929824561
D_Broader_Pool,1118716,msmarco_passage_22_330351173,55,0.11904761904761904,83.83838383838383,,1.8181818181818181
D_Broader_Pool,1118716,msmarco_passage_61_659615765,47,0.15625,82.82828282828282,,12.76595744680851
D_Broader_Pool,1118716,msmarco_passage_20_738721519,67,0.13333333333333333,81.81818181818181,,8.955223880597014
D_Broader_Pool,1118716,msmarco_passage_61_664046466,71,0.13725490196078433,80.8080808080808,,7.042253521126761
D_Broader_Pool,1118716,msmarco_passage_30_732666366,76,0.09615384615384616,79.7979797979798,,5.2631578947368425
D_Broader_Pool,1118716,msmarco_passage_03_661800358,54,0.16666666666666666,78.78787878787878,,11.11111111111111
D_Broader_Pool,1118716,msmarco_passage_22_54725230,44,0.1282051282051282,77.77777777777779,,9.090909090909092
D_Broader_Pool,1118716,msmarco_passage_42_583298879,49,0.11904761904761904,76.76767676767678,,16.3265306122449
D_Broader_Pool,1118716,msmarco_passage_42_585420200,55,0.10869565217391304,75.75757575757575,,21.818181818181817
D_Broader_Pool,1118716,msmarco_passage_26_209670105,56,0.14634146341463414,74.74747474747474,,7.142857142857143
D_Broader_Pool,1118716,msmarco_passage_36_221397133,39,0.1935483870967742,73.73737373737373,,15.384615384615385
D_Broader_Pool,1118716,msmarco_passage_47_740154542,41,0.16216216216216217,72.72727272727273,,7.317073170731708
D_Broader_Pool,1118716,msmarco_passage_13_70612212,45,0.13043478260869565,71.71717171717171,,8.88888888888889
D_Broader_Pool,1118716,msmarco_passage_03_149556207,51,0.1111111111111111,70.70707070707071,,7.8431372549019605
D_Broader_Pool,1118716,msmarco_passage_38_798315742,54,0.1111111111111111,69.6969696969697,,12.962962962962964
D_Broader_Pool,1118716,msmarco_passage_16_74576390,52,0.14285714285714285,68.68686868686868,,13.461538461538462
D_Broader_Pool,1118716,msmarco_passage_00_713288241,52,0.14285714285714285,67.67676767676767,,13.461538461538462
D_Broader_Pool,1118716,msmarco_passage_38_798317563,42,0.1875,66.66666666666667,,16.666666666666668
D_Broader_Pool,1118716,msmarco_passage_58_597778697,49,0.13333333333333333,65.65656565656566,,6.122448979591836
D_Broader_Pool,1118716,msmarco_passage_08_259871272,45,0.15625,64.64646464646464,,15.555555555555555
D_Broader_Pool,1118716,msmarco_passage_59_818022467,62,0.11538461538461539,63.63636363636363,,12.903225806451612
D_Broader_Pool,1118716,msmarco_passage_60_822061409,42,0.13513513513513514,62.62626262626263,,19.047619047619047
D_Broader_Pool,1118716,msmarco_passage_22_329063318,54,0.14634146341463414,61.61616161616161,,11.11111111111111
D_Broader_Pool,1118716,msmarco_passage_47_388857500,48,0.13043478260869565,60.60606060606061,,6.25
D_Broader_Pool,1118716,msmarco_passage_22_54727375,59,0.09615384615384616,59.5959595959596,,11.864406779661017
D_Broader_Pool,1118716,msmarco_passage_31_543809280,66,0.09433962264150944,58.58585858585859,,19.696969696969695
D_Broader_Pool,1118716,msmarco_passage_04_220812136,48,0.15625,57.57575757575757,,10.416666666666666
D_Broader_Pool,1118716,msmarco_passage_01_194505620,46,0.15789473684210525,56.56565656565656,,15.217391304347826
D_Broader_Pool,1118716,msmarco_passage_47_800487015,55,0.1590909090909091,55.55555555555556,,3.6363636363636362
D_Broader_Pool,1118716,msmarco_passage_00_762417723,45,0.15,54.54545454545454,,6.666666666666667
D_Broader_Pool,1118716,msmarco_passage_12_574162595,46,0.11904761904761904,53.535353535353536,,15.217391304347826
D_Broader_Pool,1118716,msmarco_passage_38_591082748,48,0.125,52.52525252525253,,20.833333333333332
D_Broader_Pool,1118716,msmarco_passage_26_96022271,67,0.047619047619047616,51.515151515151516,,17.91044776119403
D_Broader_Pool,1118716,msmarco_passage_04_220813603,47,0.16666666666666666,50.5050505050505,,8.51063829787234
D_Broader_Pool,1118716,msmarco_passage_29_182233355,42,0.13157894736842105,49.494949494949495,,14.285714285714286
D_Broader_Pool,1118716,msmarco_passage_15_615915709,40,0.13513513513513514,48.484848484848484,,17.5
D_Broader_Pool,1118716,msmarco_passage_15_602202376,51,0.1111111111111111,47.47474747474747,,19.607843137254903
D_Broader_Pool,1118716,msmarco_passage_15_590873558,51,0.1111111111111111,46.464646464646464,,19.607843137254903
D_Broader_Pool,1118716,msmarco_passage_14_133967739,70,0.08333333333333333,45.45454545454546,,11.428571428571429
D_Broader_Pool,1118716,msmarco_passage_19_455979455,35,0.1724137931034483,44.44444444444444,,28.571428571428573
D_Broader_Pool,1118716,msmarco_passage_04_220812580,45,0.16129032258064516,43.43434343434344,,6.666666666666667
D_Broader_Pool,1118716,msmarco_passage_58_243687274,50,0.13157894736842105,42.42424242424242,,12.0
D_Broader_Pool,1118716,msmarco_passage_20_295857570,56,0.10869565217391304,41.41414141414141,,21.428571428571427
D_Broader_Pool,1118716,msmarco_passage_32_17191686,51,0.11627906976744186,40.40404040404041,,21.568627450980394
D_Broader_Pool,1118716,msmarco_passage_40_188639408,46,0.10810810810810811,39.39393939393939,,30.434782608695652
D_Broader_Pool,1118716,msmarco_passage_41_19708169,45,0.14634146341463414,38.38383838383839,,4.444444444444445
D_Broader_Pool,1118716,msmarco_passage_32_17194545,53,0.09090909090909091,37.37373737373737,,18.867924528301888
D_Broader_Pool,1118716,msmarco_passage_32_174709857,56,0.10638297872340426,36.36363636363637,,12.5
D_Broader_Pool,1118716,msmarco_passage_47_849602459,45,0.18421052631578946,35.35353535353535,,4.444444444444445
D_Broader_Pool,1118716,msmarco_passage_32_17192503,41,0.07142857142857142,34.34343434343434,,19.51219512195122
D_Broader_Pool,1118716,msmarco_passage_29_772374112,54,0.125,33.333333333333336,,11.11111111111111
D_Broader_Pool,1118716,msmarco_passage_29_772380471,82,0.08064516129032258,32.32323232323232,,10.975609756097562
D_Broader_Pool,1118716,msmarco_passage_01_713494295,54,0.11363636363636363,31.313131313131315,,14.814814814814815
D_Broader_Pool,1118716,msmarco_passage_65_248383304,60,0.13043478260869565,30.303030303030297,,8.333333333333334
D_Broader_Pool,1118716,msmarco_passage_41_19707376,44,0.11904761904761904,29.292929292929294,,13.636363636363637
D_Broader_Pool,1118716,msmarco_passage_38_593126138,41,0.08571428571428572,28.282828282828287,,21.951219512195124
D_Broader_Pool,1118716,msmarco_passage_21_282985793,103,0.1016949152542373,27.27272727272727,,13.592233009708737
D_Broader_Pool,1118716,msmarco_passage_00_298149980,48,0.10869565217391304,26.262626262626267,,6.25
D_Broader_Pool,1118716,msmarco_passage_13_1311137,48,0.10869565217391304,25.25252525252525,,6.25
D_Broader_Pool,1118716,msmarco_passage_38_785417504,49,0.125,24.242424242424242,,14.285714285714286
D_Broader_Pool,1118716,msmarco_passage_35_218674391,32,0.16,23.23232323232324,,40.625
D_Broader_Pool,1118716,msmarco_passage_42_584328208,52,0.14285714285714285,22.22222222222222,,9.615384615384615
D_Broader_Pool,1118716,msmarco_passage_01_235970154,57,0.1276595744680851,21.212121212121215,,15.789473684210526
D_Broader_Pool,1118716,msmarco_passage_40_176570076,62,0.10204081632653061,20.2020202020202,,17.741935483870968
D_Broader_Pool,1118716,msmarco_passage_01_355684857,57,0.07547169811320754,19.191919191919194,,12.280701754385966
D_Broader_Pool,1118716,msmarco_passage_09_720942072,47,0.09523809523809523,18.181818181818176,,19.148936170212767
D_Broader_Pool,1118716,msmarco_passage_26_209668839,54,0.11904761904761904,17.17171717171717,,14.814814814814815
D_Broader_Pool,1118716,msmarco_passage_03_661792720,52,0.1282051282051282,16.161616161616166,,19.23076923076923
D_Broader_Pool,1118716,msmarco_passage_50_676747402,45,0.1111111111111111,15.151515151515149,,26.666666666666668
D_Broader_Pool,1118716,msmarco_passage_10_268048998,42,0.1388888888888889,14.141414141414144,,21.428571428571427
D_Broader_Pool,1118716,msmarco_passage_01_595927593,44,0.125,13.131313131313128,,20.454545454545453
D_Broader_Pool,1118716,msmarco_passage_24_649710438,44,0.125,12.121212121212121,,20.454545454545453
D_Broader_Pool,1118716,msmarco_passage_14_832777339,75,0.09090909090909091,11.111111111111116,,6.666666666666667
D_Broader_Pool,1118716,msmarco_passage_41_25981837,99,0.07246376811594203,10.1010101010101,,12.121212121212121
D_Broader_Pool,1118716,msmarco_passage_01_779628357,59,0.13043478260869565,9.090909090909093,,11.864406779661017
D_Broader_Pool,1118716,msmarco_passage_08_587601098,40,0.09523809523809523,8.080808080808078,,32.5
D_Broader_Pool,1118716,msmarco_passage_66_811824222,46,0.10526315789473684,7.070707070707072,,19.565217391304348
D_Broader_Pool,1118716,msmarco_passage_19_863371216,43,0.12121212121212122,6.060606060606055,,23.25581395348837
D_Broader_Pool,1118716,msmarco_passage_21_278781131,66,0.07017543859649122,5.05050505050505,,24.242424242424242
D_Broader_Pool,1118716,msmarco_passage_58_700962985,52,0.06976744186046512,4.040404040404044,,9.615384615384615
D_Broader_Pool,1118716,msmarco_passage_38_811561620,40,0.10526315789473684,3.0303030303030276,,22.5
D_Broader_Pool,1118716,msmarco_passage_19_863371659,47,0.07894736842105263,2.020202020202022,,34.04255319148936
D_Broader_Pool,1118716,msmarco_passage_58_670645184,39,0.15625,1.0101010101010055,,7.6923076923076925
D_Broader_Pool,1118716,msmarco_passage_58_670645932,40,0.1388888888888889,0.0,,7.5
D_Broader_Pool,1121909,msmarco_passage_02_729699920,63,0.0851063829787234,100.0,,6.349206349206349
D_Broader_Pool,1121909,msmarco_passage_68_306305974,44,0.16666666666666666,98.98989898989899,,4.545454545454546
D_Broader_Pool,1121909,msmarco_passage_32_618725185,33,0.24,97.97979797979798,,3.0303030303030303
D_Broader_Pool,1121909,msmarco_passage_68_264235915,42,0.13513513513513514,96.96969696969697,,7.142857142857143
D_Broader_Pool,1121909,msmarco_passage_29_317614290,55,0.13953488372093023,95.95959595959596,,1.8181818181818181
D_Broader_Pool,1121909,msmarco_passage_32_545015896,49,0.11363636363636363,94.94949494949495,,0.0
D_Broader_Pool,1121909,msmarco_passage_53_847881865,38,0.12121212121212122,93.93939393939394,,7.894736842105263
D_Broader_Pool,1121909,msmarco_passage_01_808246541,54,0.10869565217391304,92.92929292929293,,5.555555555555555
D_Broader_Pool,1121909,msmarco_passage_04_202970031,39,0.14285714285714285,91.91919191919192,,2.5641025641025643
D_Broader_Pool,1121909,msmarco_passage_21_588006708,61,0.13333333333333333,90.9090909090909,,3.278688524590164
D_Broader_Pool,1121909,msmarco_passage_21_588012843,61,0.13333333333333333,89.8989898989899,,3.278688524590164
D_Broader_Pool,1121909,msmarco_passage_01_808247906,35,0.17647058823529413,88.88888888888889,,8.571428571428571
D_Broader_Pool,1121909,msmarco_passage_33_846509333,38,0.16129032258064516,87.87878787878788,,5.2631578947368425
D_Broader_Pool,1121909,msmarco_passage_33_563534582,44,0.15,86.86868686868688,,4.545454545454546
D_Broader_Pool,1121909,msmarco_passage_26_217868073,42,0.11764705882352941,85.85858585858585,,2.380952380952381
D_Broader_Pool,1121909,msmarco_passage_41_607145196,49,0.16666666666666666,84.84848484848484,,4.081632653061225
D_Broader_Pool,1121909,msmarco_passage_21_570995647,54,0.09090909090909091,83.83838383838383,,18.51851851851852
D_Broader_Pool,1121909,msmarco_passage_03_170839675,60,0.16666666666666666,82.82828282828282,,3.3333333333333335
D_Broader_Pool,1121909,msmarco_passage_32_169170375,36,0.13333333333333333,81.81818181818181,,5.555555555555555
D_Broader_Pool,1121909,msmarco_passage_68_264234447,71,0.13333333333333333,80.8080808080808,,1.408450704225352
D_Broader_Pool,1121909,msmarco_passage_04_152537639,27,0.16,79.7979797979798,,11.11111111111111
D_Broader_Pool,1121909,msmarco_passage_68_306305753,13,0.16666666666666666,78.78787878787878,,0.0
D_Broader_Pool,1121909,msmarco_passage_04_85633051,21,0.18181818181818182,77.77777777777779,,0.0
D_Broader_Pool,1121909,msmarco_passage_36_258484918,40,0.1111111111111111,76.76767676767678,,5.0
D_Broader_Pool,1121909,msmarco_passage_21_739458789,45,0.17142857142857143,75.75757575757575,,4.444444444444445
D_Broader_Pool,1121909,msmarco_passage_31_640439544,36,0.23333333333333334,74.74747474747474,,8.333333333333334
D_Broader_Pool,1121909,msmarco_passage_55_599750856,44,0.11428571428571428,73.73737373737373,,2.272727272727273
D_Broader_Pool,1121909,msmarco_passage_24_419077459,48,0.15789473684210525,72.72727272727273,,0.0
D_Broader_Pool,1121909,msmarco_passage_32_169326239,25,0.25,71.71717171717171,,8.0
D_Broader_Pool,1121909,msmarco_passage_52_577481321,51,0.15384615384615385,70.70707070707071,,1.9607843137254901
D_Broader_Pool,1121909,msmarco_passage_01_808252200,51,0.10638297872340426,69.6969696969697,,0.0
D_Broader_Pool,1121909,msmarco_passage_02_729696383,56,0.13636363636363635,68.68686868686868,,14.285714285714286
D_Broader_Pool,1121909,msmarco_passage_04_202974575,59,0.16216216216216217,67.67676767676767,,1.694915254237288
D_Broader_Pool,1121909,msmarco_passage_04_202975092,31,0.17857142857142858,66.66666666666667,,0.0
D_Broader_Pool,1121909,msmarco_passage_11_44498723,40,0.1388888888888889,65.65656565656566,,5.0
D_Broader_Pool,1121909,msmarco_passage_60_819669495,51,0.1111111111111111,64.64646464646464,,13.72549019607843
D_Broader_Pool,1121909,msmarco_passage_04_124498028,50,0.15789473684210525,63.63636363636363,,2.0
D_Broader_Pool,1121909,msmarco_passage_32_169326532,47,0.17142857142857143,62.62626262626263,,6.382978723404255
D_Broader_Pool,1121909,msmarco_passage_68_306306376,48,0.10638297872340426,61.61616161616161,,4.166666666666667
D_Broader_Pool,1121909,msmarco_passage_53_829222290,52,0.06382978723404255,60.60606060606061,,15.384615384615385
D_Broader_Pool,1121909,msmarco_passage_08_284730472,61,0.13636363636363635,59.5959595959596,,1.639344262295082
D_Broader_Pool,1121909,msmarco_passage_54_612364748,61,0.13636363636363635,58.58585858585859,,1.639344262295082
D_Broader_Pool,1121909,msmarco_passage_14_140230473,38,0.1724137931034483,57.57575757575757,,0.0
D_Broader_Pool,1121909,msmarco_passage_39_7423178,26,0.21739130434782608,56.56565656565656,,0.0
D_Broader_Pool,1121909,msmarco_passage_04_202970821,47,0.14285714285714285,55.55555555555556,,0.0
D_Broader_Pool,1121909,msmarco_passage_04_202973473,51,0.13953488372093023,54.54545454545454,,1.9607843137254901
D_Broader_Pool,1121909,msmarco_passage_03_353717213,48,0.14705882352941177,53.535353535353536,,2.0833333333333335
D_Broader_Pool,1121909,msmarco_passage_34_541680178,48,0.14705882352941177,52.52525252525253,,2.0833333333333335
D_Broader_Pool,1121909,msmarco_passage_32_169325395,58,0.15151515151515152,51.515151515151516,,0.0
D_Broader_Pool,1121909,msmarco_passage_58_208681626,57,0.1111111111111111,50.5050505050505,,0.0
D_Broader_Pool,1121909,msmarco_passage_36_164694480,64,0.10638297872340426,49.494949494949495,,4.6875
D_Broader_Pool,1121909,msmarco_passage_68_264237811,31,0.14285714285714285,48.484848484848484,,12.903225806451612
D_Broader_Pool,1121909,msmarco_passage_22_471648774,50,0.16216216216216217,47.47474747474747,,8.0
D_Broader_Pool,1121909,msmarco_passage_04_215971725,52,0.14705882352941177,46.464646464646464,,0.0
D_Broader_Pool,1121909,msmarco_passage_40_59700559,49,0.09302325581395349,45.45454545454546,,12.244897959183673
D_Broader_Pool,1121909,msmarco_passage_68_264236443,58,0.09090909090909091,44.44444444444444,,3.4482758620689653
D_Broader_Pool,1121909,msmarco_passage_68_51863102,61,0.0851063829787234,43.43434343434344,,4.918032786885246
D_Broader_Pool,1121909,msmarco_passage_54_605536296,52,0.13043478260869565,42.42424242424242,,7.6923076923076925
D_Broader_Pool,1121909,msmarco_passage_02_240377214,52,0.08888888888888889,41.41414141414141,,19.23076923076923
D_Broader_Pool,1121909,msmarco_passage_33_846508384,55,0.24,40.40404040404041,,5.454545454545454
D_Broader_Pool,1121909,msmarco_passage_58_81317494,48,0.11363636363636363,39.39393939393939,,6.25
D_Broader_Pool,1121909,msmarco_passage_04_202968276,43,0.14285714285714285,38.38383838383839,,0.0
D_Broader_Pool,1121909,msmarco_passage_04_124497625,45,0.0967741935483871,37.37373737373737,,0.0
D_Broader_Pool,1121909,msmarco_passage_11_44497847,48,0.13157894736842105,36.36363636363637,,6.25
D_Broader_Pool,1121909,msmarco_passage_04_215972517,58,0.08333333333333333,35.35353535353535,,3.4482758620689653
D_Broader_Pool,1121909,msmarco_passage_32_631387320,54,0.09090909090909091,34.34343434343434,,7.407407407407407
D_Broader_Pool,1121909,msmarco_passage_04_184306499,32,0.22727272727272727,33.333333333333336,,0.0
D_Broader_Pool,1121909,msmarco_passage_04_217389885,32,0.22727272727272727,32.32323232323232,,0.0
D_Broader_Pool,1121909,msmarco_passage_03_170840187,53,0.11627906976744186,31.313131313131315,,1.8867924528301887
D_Broader_Pool,1121909,msmarco_passage_43_110271231,47,0.22580645161290322,30.303030303030297,,2.127659574468085
D_Broader_Pool,1121909,msmarco_passage_36_225974166,35,0.15625,29.292929292929294,,0.0
D_Broader_Pool,1121909,msmarco_passage_21_422168301,36,0.16666666666666666,28.282828282828287,,8.333333333333334
D_Broader_Pool,1121909,msmarco_passage_58_81318370,49,0.11627906976744186,27.27272727272727,,2.0408163265306123
D_Broader_Pool,1121909,msmarco_passage_18_205805352,44,0.12195121951219512,26.262626262626267,,0.0
D_Broader_Pool,1121909,msmarco_passage_36_363928339,37,0.17142857142857143,25.25252525252525,,0.0
D_Broader_Pool,1121909,msmarco_passage_32_772194314,54,0.13953488372093023,24.242424242424242,,0.0
D_Broader_Pool,1121909,msmarco_passage_36_363934856,21,0.18181818181818182,23.23232323232324,,9.523809523809524
D_Broader_Pool,1121909,msmarco_passage_68_51864431,50,0.041666666666666664,22.22222222222222,,6.0
D_Broader_Pool,1121909,msmarco_passage_32_169326986,46,0.2727272727272727,21.212121212121215,,4.3478260869565215
D_Broader_Pool,1121909,msmarco_passage_33_846514507,53,0.15384615384615385,20.2020202020202,,0.0
D_Broader_Pool,1121909,msmarco_passage_04_191405895,44,0.19230769230769232,19.191919191919194,,0.0
D_Broader_Pool,1121909,msmarco_passage_04_215972976,51,0.14705882352941177,18.181818181818176,,0.0
D_Broader_Pool,1121909,msmarco_passage_01_808246163,44,0.12195121951219512,17.17171717171717,,6.818181818181818
D_Broader_Pool,1121909,msmarco_passage_04_135094424,33,0.07692307692307693,16.161616161616166,,0.0
D_Broader_Pool,1121909,msmarco_passage_28_232491496,43,0.16666666666666666,15.151515151515149,,6.976744186046512
D_Broader_Pool,1121909,msmarco_passage_68_97857113,33,0.11538461538461539,14.141414141414144,,15.151515151515152
D_Broader_Pool,1121909,msmarco_passage_18_609196337,49,0.1,13.131313131313128,,12.244897959183673
D_Broader_Pool,1121909,msmarco_passage_54_606456131,44,0.17647058823529413,12.121212121212121,,4.545454545454546
D_Broader_Pool,1121909,msmarco_passage_03_147879984,58,0.11363636363636363,11.111111111111116,,1.7241379310344827
D_Broader_Pool,1121909,msmarco_passage_33_115276467,58,0.11363636363636363,10.1010101010101,,1.7241379310344827
D_Broader_Pool,1121909,msmarco_passage_43_556465343,42,0.15625,9.090909090909093,,0.0
D_Broader_Pool,1121909,msmarco_passage_68_264241327,54,0.06521739130434782,8.080808080808078,,11.11111111111111
D_Broader_Pool,1121909,msmarco_passage_36_363934340,69,0.05357142857142857,7.070707070707072,,1.4492753623188406
D_Broader_Pool,1121909,msmarco_passage_03_807928110,47,0.07142857142857142,6.060606060606055,,2.127659574468085
D_Broader_Pool,1121909,msmarco_passage_32_169173419,52,0.15625,5.05050505050505,,7.6923076923076925
D_Broader_Pool,1121909,msmarco_passage_04_215975224,59,0.09523809523809523,4.040404040404044,,0.0
D_Broader_Pool,1121909,msmarco_passage_65_211026536,60,0.0851063829787234,3.0303030303030276,,15.0
D_Broader_Pool,1121909,msmarco_passage_04_154913283,40,0.18518518518518517,2.020202020202022,,0.0
D_Broader_Pool,1121909,msmarco_passage_38_220731367,46,0.09302325581395349,1.0101010101010055,,23.91304347826087
D_Broader_Pool,1121909,msmarco_passage_20_141249141,54,0.06818181818181818,0.0,,12.962962962962964
D_Broader_Pool,1128632,msmarco_passage_50_575321217,86,0.078125,100.0,,0.0
D_Broader_Pool,1128632,msmarco_passage_50_575325127,54,0.11363636363636363,98.98989898989899,,1.8518518518518519
D_Broader_Pool,1128632,msmarco_passage_35_82242479,34,0.16666666666666666,97.97979797979798,,23.529411764705884
D_Broader_Pool,1128632,msmarco_passage_44_267754348,51,0.12,96.96969696969697,,9.803921568627452
D_Broader_Pool,1128632,msmarco_passage_50_575322419,62,0.11764705882352941,95.95959595959596,,1.6129032258064515
D_Broader_Pool,1128632,msmarco_passage_59_209817211,43,0.15,94.94949494949495,,6.976744186046512
D_Broader_Pool,1128632,msmarco_passage_44_269831529,39,0.09523809523809523,93.93939393939394,,10.256410256410257
D_Broader_Pool,1128632,msmarco_passage_59_208874081,40,0.10810810810810811,92.92929292929293,,12.5
D_Broader_Pool,1128632,msmarco_passage_60_500985753,54,0.13333333333333333,91.91919191919192,,1.8518518518518519
D_Broader_Pool,1128632,msmarco_passage_44_272802500,48,0.15384615384615385,90.9090909090909,,0.0
D_Broader_Pool,1128632,msmarco_passage_48_693050242,45,0.1,89.8989898989899,,2.2222222222222223
D_Broader_Pool,1128632,msmarco_passage_48_693056987,45,0.1,88.88888888888889,,2.2222222222222223
D_Broader_Pool,1128632,msmarco_passage_06_757077641,45,0.1,87.87878787878788,,2.2222222222222223
D_Broader_Pool,1128632,msmarco_passage_55_95312872,41,0.1,86.86868686868688,,7.317073170731708
D_Broader_Pool,1128632,msmarco_passage_42_837102773,42,0.15789473684210525,85.85858585858585,,0.0
D_Broader_Pool,1128632,msmarco_passage_27_671736649,41,0.16666666666666666,84.84848484848484,,2.4390243902439024
D_Broader_Pool,1128632,msmarco_passage_16_860101278,30,0.21428571428571427,83.83838383838383,,20.0
D_Broader_Pool,1128632,msmarco_passage_51_133669391,48,0.13157894736842105,82.82828282828282,,4.166666666666667
D_Broader_Pool,1128632,msmarco_passage_51_133660371,48,0.13157894736842105,81.81818181818181,,4.166666666666667
D_Broader_Pool,1128632,msmarco_passage_48_69765488,48,0.13157894736842105,80.8080808080808,,4.166666666666667
D_Broader_Pool,1128632,msmarco_passage_48_65415033,48,0.13157894736842105,79.7979797979798,,4.166666666666667
D_Broader_Pool,1128632,msmarco_passage_48_65404793,48,0.13157894736842105,78.78787878787878,,4.166666666666667
D_Broader_Pool,1128632,msmarco_passage_48_63853264,48,0.13157894736842105,77.77777777777779,,4.166666666666667
D_Broader_Pool,1128632,msmarco_passage_27_671732454,56,0.16666666666666666,76.76767676767678,,3.5714285714285716
D_Broader_Pool,1128632,msmarco_passage_07_706013172,38,0.13513513513513514,75.75757575757575,,0.0
D_Broader_Pool,1128632,msmarco_passage_24_245056375,30,0.13333333333333333,74.74747474747474,,10.0
D_Broader_Pool,1128632,msmarco_passage_24_231609384,52,0.13333333333333333,73.73737373737373,,7.6923076923076925
D_Broader_Pool,1128632,msmarco_passage_57_595374192,46,0.1590909090909091,72.72727272727273,,2.1739130434782608
D_Broader_Pool,1128632,msmarco_passage_09_66497704,46,0.1590909090909091,71.71717171717171,,2.1739130434782608
D_Broader_Pool,1128632,msmarco_passage_59_209814690,55,0.1276595744680851,70.70707070707071,,7.2727272727272725
D_Broader_Pool,1128632,msmarco_passage_13_209411005,43,0.1,69.6969696969697,,2.3255813953488373
D_Broader_Pool,1128632,msmarco_passage_44_285398829,47,0.15,68.68686868686868,,0.0
D_Broader_Pool,1128632,msmarco_passage_44_285390574,47,0.15,67.67676767676767,,0.0
D_Broader_Pool,1128632,msmarco_passage_44_290936262,45,0.15384615384615385,66.66666666666667,,4.444444444444445
D_Broader_Pool,1128632,msmarco_passage_44_285382314,47,0.15,65.65656565656566,,0.0
D_Broader_Pool,1128632,msmarco_passage_46_752131195,50,0.15555555555555556,64.64646464646464,,0.0
D_Broader_Pool,1128632,msmarco_passage_01_529021334,54,0.11627906976744186,63.63636363636363,,5.555555555555555
D_Broader_Pool,1128632,msmarco_passage_08_57868752,58,0.12195121951219512,62.62626262626263,,0.0
D_Broader_Pool,1128632,msmarco_passage_53_443230076,58,0.12195121951219512,61.61616161616161,,0.0
D_Broader_Pool,1128632,msmarco_passage_59_541272563,38,0.14814814814814814,60.60606060606061,,5.2631578947368425
D_Broader_Pool,1128632,msmarco_passage_49_25539936,63,0.14893617021276595,59.5959595959596,,9.523809523809524
D_Broader_Pool,1128632,msmarco_passage_49_25535246,63,0.14893617021276595,58.58585858585859,,9.523809523809524
D_Broader_Pool,1128632,msmarco_passage_09_50051792,49,0.1590909090909091,57.57575757575757,,8.16326530612245
D_Broader_Pool,1128632,msmarco_passage_60_496562755,45,0.17142857142857143,56.56565656565656,,2.2222222222222223
D_Broader_Pool,1128632,msmarco_passage_17_23320452,43,0.19444444444444445,55.55555555555556,,4.651162790697675
D_Broader_Pool,1128632,msmarco_passage_53_534950150,53,0.13636363636363635,54.54545454545454,,5.660377358490566
D_Broader_Pool,1128632,msmarco_passage_05_833930449,41,0.21212121212121213,53.535353535353536,,0.0
D_Broader_Pool,1128632,msmarco_passage_27_669034527,50,0.14634146341463414,52.52525252525253,,2.0
D_Broader_Pool,1128632,msmarco_passage_27_672812389,74,0.12727272727272726,51.515151515151516,,6.756756756756757
D_Broader_Pool,1128632,msmarco_passage_51_501188950,58,0.10869565217391304,50.5050505050505,,10.344827586206897
D_Broader_Pool,1128632,msmarco_passage_27_673056427,55,0.1951219512195122,49.494949494949495,,14.545454545454545
D_Broader_Pool,1128632,msmarco_passage_36_643683050,37,0.15151515151515152,48.484848484848484,,10.81081081081081
D_Broader_Pool,1128632,msmarco_passage_24_134164208,38,0.22580645161290322,47.47474747474747,,15.789473684210526
D_Broader_Pool,1128632,msmarco_passage_13_492316882,47,0.0975609756097561,46.464646464646464,,8.51063829787234
D_Broader_Pool,1128632,msmarco_passage_27_672965659,60,0.1276595744680851,45.45454545454546,,11.666666666666666
D_Broader_Pool,1128632,msmarco_passage_11_545001999,43,0.17142857142857143,44.44444444444444,,6.976744186046512
D_Broader_Pool,1128632,msmarco_passage_14_864335726,55,0.175,43.43434343434344,,0.0
D_Broader_Pool,1128632,msmarco_passage_48_658381904,55,0.15789473684210525,42.42424242424242,,5.454545454545454
D_Broader_Pool,1128632,msmarco_passage_48_683309231,55,0.15789473684210525,41.41414141414141,,5.454545454545454
D_Broader_Pool,1128632,msmarco_passage_53_530822092,55,0.15789473684210525,40.40404040404041,,5.454545454545454
D_Broader_Pool,1128632,msmarco_passage_53_530832677,55,0.15789473684210525,39.39393939393939,,5.454545454545454
D_Broader_Pool,1128632,msmarco_passage_43_491697984,55,0.175,38.38383838383839,,0.0
D_Broader_Pool,1128632,msmarco_passage_59_208073980,73,0.12962962962962962,37.37373737373737,,2.73972602739726
D_Broader_Pool,1128632,msmarco_passage_05_830346882,47,0.14705882352941177,36.36363636363637,,4.25531914893617
D_Broader_Pool,1128632,msmarco_passage_48_70118135,51,0.15,35.35353535353535,,0.0
D_Broader_Pool,1128632,msmarco_passage_50_2142588,42,0.20588235294117646,34.34343434343434,,4.761904761904762
D_Broader_Pool,1128632,msmarco_passage_44_266744169,67,0.1111111111111111,33.333333333333336,,5.970149253731344
D_Broader_Pool,1128632,msmarco_passage_42_864019798,53,0.10204081632653061,32.32323232323232,,3.7735849056603774
D_Broader_Pool,1128632,msmarco_passage_11_694269186,44,0.15384615384615385,31.313131313131315,,2.272727272727273
D_Broader_Pool,1128632,msmarco_passage_39_525754835,64,0.13636363636363635,30.303030303030297,,4.6875
D_Broader_Pool,1128632,msmarco_passage_48_675965283,33,0.1724137931034483,29.292929292929294,,0.0
D_Broader_Pool,1128632,msmarco_passage_49_150847808,40,0.14705882352941177,28.282828282828287,,5.0
D_Broader_Pool,1128632,msmarco_passage_32_130211020,41,0.15625,27.27272727272727,,2.4390243902439024
D_Broader_Pool,1128632,msmarco_passage_11_545015929,54,0.17073170731707318,26.262626262626267,,7.407407407407407
D_Broader_Pool,1128632,msmarco_passage_01_504783045,71,0.12,25.25252525252525,,0.0
D_Broader_Pool,1128632,msmarco_passage_27_672601473,42,0.14285714285714285,24.242424242424242,,0.0
D_Broader_Pool,1128632,msmarco_passage_40_623687461,35,0.1724137931034483,23.23232323232324,,0.0
D_Broader_Pool,1128632,msmarco_passage_24_226408764,53,0.1891891891891892,22.22222222222222,,1.8867924528301887
D_Broader_Pool,1128632,msmarco_passage_03_129711451,36,0.18518518518518517,21.212121212121215,,2.7777777777777777
D_Broader_Pool,1128632,msmarco_passage_53_416262137,54,0.14634146341463414,20.2020202020202,,3.7037037037037037
D_Broader_Pool,1128632,msmarco_passage_36_673108504,47,0.1875,19.191919191919194,,0.0
D_Broader_Pool,1128632,msmarco_passage_43_491293205,57,0.15555555555555556,18.181818181818176,,0.0
D_Broader_Pool,1128632,msmarco_passage_40_439387984,42,0.1891891891891892,17.17171717171717,,0.0
D_Broader_Pool,1128632,msmarco_passage_68_16096655,85,0.10344827586206896,16.161616161616166,,2.3529411764705883
D_Broader_Pool,1128632,msmarco_passage_16_295482577,49,0.1282051282051282,15.151515151515149,,2.0408163265306123
D_Broader_Pool,1128632,msmarco_passage_62_869765788,49,0.1282051282051282,14.141414141414144,,2.0408163265306123
D_Broader_Pool,1128632,msmarco_passage_24_213870290,57,0.17391304347826086,13.131313131313128,,5.2631578947368425
D_Broader_Pool,1128632,msmarco_passage_03_672369988,62,0.14893617021276595,12.121212121212121,,0.0
D_Broader_Pool,1128632,msmarco_passage_55_716478299,45,0.15,11.111111111111116,,6.666666666666667
D_Broader_Pool,1128632,msmarco_passage_59_210318414,51,0.11904761904761904,10.1010101010101,,5.882352941176471
D_Broader_Pool,1128632,msmarco_passage_28_853795476,51,0.14634146341463414,9.090909090909093,,1.9607843137254901
D_Broader_Pool,1128632,msmarco_passage_48_774585770,60,0.0784313725490196,8.080808080808078,,0.0
D_Broader_Pool,1128632,msmarco_passage_59_209531051,49,0.09090909090909091,7.070707070707072,,2.0408163265306123
D_Broader_Pool,1128632,msmarco_passage_34_742348570,52,0.14634146341463414,6.060606060606055,,1.9230769230769231
D_Broader_Pool,1128632,msmarco_passage_11_355102024,42,0.16666666666666666,5.05050505050505,,0.0
D_Broader_Pool,1128632,msmarco_passage_35_708981366,73,0.09259259259259259,4.040404040404044,,1.36986301369863
D_Broader_Pool,1128632,msmarco_passage_39_819633599,54,0.11904761904761904,3.0303030303030276,,5.555555555555555
D_Broader_Pool,1128632,msmarco_passage_39_819639853,54,0.11904761904761904,2.020202020202022,,5.555555555555555
D_Broader_Pool,1128632,msmarco_passage_03_473996454,61,0.12244897959183673,1.0101010101010055,,4.918032786885246
D_Broader_Pool,1128632,msmarco_passage_66_161714243,46,0.13513513513513514,0.0,,0.0
D_Broader_Pool,1129560,msmarco_passage_22_621770950,47,0.1111111111111111,100.0,,2.127659574468085
D_Broader_Pool,1129560,msmarco_passage_10_493909355,79,0.0851063829787234,98.98989898989899,,2.5316455696202533
D_Broader_Pool,1129560,msmarco_passage_62_663066714,36,0.1,97.97979797979798,,0.0
D_Broader_Pool,1129560,msmarco_passage_62_716811059,36,0.1,96.96969696969697,,0.0
D_Broader_Pool,1129560,msmarco_passage_03_36757255,35,0.125,95.95959595959596,,2.857142857142857
D_Broader_Pool,1129560,msmarco_passage_36_324481872,41,0.08333333333333333,94.94949494949495,,0.0
D_Broader_Pool,1129560,msmarco_passage_26_361480211,76,0.07547169811320754,93.93939393939394,,1.3157894736842106
D_Broader_Pool,1129560,msmarco_passage_52_136113088,21,0.2,92.92929292929293,,4.761904761904762
D_Broader_Pool,1129560,msmarco_passage_64_554391756,47,0.1111111111111111,91.91919191919192,,6.382978723404255
D_Broader_Pool,1129560,msmarco_passage_58_523393988,49,0.07317073170731707,90.9090909090909,,0.0
D_Broader_Pool,1129560,msmarco_passage_36_865296650,52,0.0967741935483871,89.8989898989899,,1.9230769230769231
D_Broader_Pool,1129560,msmarco_passage_54_626422583,32,0.18181818181818182,88.88888888888889,,3.125
D_Broader_Pool,1129560,msmarco_passage_50_805101851,61,0.06976744186046512,87.87878787878788,,1.639344262295082
D_Broader_Pool,1129560,msmarco_passage_52_120536496,41,0.14285714285714285,86.86868686868688,,7.317073170731708
D_Broader_Pool,1129560,msmarco_passage_36_866667921,24,0.15,85.85858585858585,,0.0
D_Broader_Pool,1129560,msmarco_passage_35_718899164,64,0.09302325581395349,84.84848484848484,,1.5625
D_Broader_Pool,1129560,msmarco_passage_46_170815507,41,0.075,83.83838383838383,,2.4390243902439024
D_Broader_Pool,1129560,msmarco_passage_33_597726049,48,0.1111111111111111,82.82828282828282,,10.416666666666666
D_Broader_Pool,1129560,msmarco_passage_53_830481373,29,0.17391304347826086,81.81818181818181,,6.896551724137931
D_Broader_Pool,1129560,msmarco_passage_54_626397384,39,0.13333333333333333,80.8080808080808,,0.0
D_Broader_Pool,1129560,msmarco_passage_52_134232437,34,0.06451612903225806,79.7979797979798,,0.0
D_Broader_Pool,1129560,msmarco_passage_53_829928333,37,0.10344827586206896,78.78787878787878,,5.405405405405405
D_Broader_Pool,1129560,msmarco_passage_39_733374473,47,0.08571428571428572,77.77777777777779,,2.127659574468085
D_Broader_Pool,1129560,msmarco_passage_55_148096761,29,0.12,76.76767676767678,,17.24137931034483
D_Broader_Pool,1129560,msmarco_passage_40_281670058,39,0.11428571428571428,75.75757575757575,,0.0
D_Broader_Pool,1129560,msmarco_passage_58_523395258,44,0.09090909090909091,74.74747474747474,,0.0
D_Broader_Pool,1129560,msmarco_passage_62_764410946,64,0.06818181818181818,73.73737373737373,,3.125
D_Broader_Pool,1129560,msmarco_passage_51_194060182,50,0.10526315789473684,72.72727272727273,,4.0
D_Broader_Pool,1129560,msmarco_passage_33_594550311,49,0.07894736842105263,71.71717171717171,,8.16326530612245
D_Broader_Pool,1129560,msmarco_passage_36_855563876,39,0.13333333333333333,70.70707070707071,,2.5641025641025643
D_Broader_Pool,1129560,msmarco_passage_54_186862717,36,0.09090909090909091,69.6969696969697,,0.0
D_Broader_Pool,1129560,msmarco_passage_45_64786802,49,0.08888888888888889,68.68686868686868,,6.122448979591836
D_Broader_Pool,1129560,msmarco_passage_36_866658695,62,0.045454545454545456,67.67676767676767,,6.451612903225806
D_Broader_Pool,1129560,msmarco_passage_40_547746912,47,0.08571428571428572,66.66666666666667,,8.51063829787234
D_Broader_Pool,1129560,msmarco_passage_07_488135027,55,0.09523809523809523,65.65656565656566,,10.909090909090908
D_Broader_Pool,1129560,msmarco_passage_51_626711703,55,0.09523809523809523,64.64646464646464,,10.909090909090908
D_Broader_Pool,1129560,msmarco_passage_51_457594652,49,0.10526315789473684,63.63636363636363,,4.081632653061225
D_Broader_Pool,1129560,msmarco_passage_46_667538698,48,0.1111111111111111,62.62626262626263,,4.166666666666667
D_Broader_Pool,1129560,msmarco_passage_45_146888616,48,0.10810810810810811,61.61616161616161,,2.0833333333333335
D_Broader_Pool,1129560,msmarco_passage_52_120555472,61,0.08888888888888889,60.60606060606061,,8.19672131147541
D_Broader_Pool,1129560,msmarco_passage_14_498293823,49,0.10256410256410256,59.5959595959596,,10.204081632653061
D_Broader_Pool,1129560,msmarco_passage_52_126893784,41,0.06666666666666667,58.58585858585859,,0.0
D_Broader_Pool,1129560,msmarco_passage_32_212059051,33,0.0625,57.57575757575757,,3.0303030303030303
D_Broader_Pool,1129560,msmarco_passage_46_667568331,39,0.11428571428571428,56.56565656565656,,5.128205128205129
D_Broader_Pool,1129560,msmarco_passage_51_626711064,70,0.08163265306122448,55.55555555555556,,10.0
D_Broader_Pool,1129560,msmarco_passage_07_488134389,70,0.08163265306122448,54.54545454545454,,10.0
D_Broader_Pool,1129560,msmarco_passage_19_70618742,79,0.04838709677419355,53.535353535353536,,1.2658227848101267
D_Broader_Pool,1129560,msmarco_passage_55_148101600,46,0.07894736842105263,52.52525252525253,,2.1739130434782608
D_Broader_Pool,1129560,msmarco_passage_19_835837524,34,0.09375,51.515151515151516,,35.294117647058826
D_Broader_Pool,1129560,msmarco_passage_54_625952822,47,0.05128205128205128,50.5050505050505,,8.51063829787234
D_Broader_Pool,1129560,msmarco_passage_14_5253258,52,0.09523809523809523,49.494949494949495,,7.6923076923076925
D_Broader_Pool,1129560,msmarco_passage_14_5275964,52,0.09523809523809523,48.484848484848484,,7.6923076923076925
D_Broader_Pool,1129560,msmarco_passage_40_281668235,42,0.125,47.47474747474747,,7.142857142857143
D_Broader_Pool,1129560,msmarco_passage_58_523397008,48,0.075,46.464646464646464,,0.0
D_Broader_Pool,1129560,msmarco_passage_42_435827275,73,0.05263157894736842,45.45454545454546,,4.109589041095891
D_Broader_Pool,1129560,msmarco_passage_52_133160604,32,0.14285714285714285,44.44444444444444,,0.0
D_Broader_Pool,1129560,msmarco_passage_36_436270418,63,0.04,43.43434343434344,,4.761904761904762
D_Broader_Pool,1129560,msmarco_passage_40_281671351,37,0.125,42.42424242424242,,2.7027027027027026
D_Broader_Pool,1129560,msmarco_passage_08_272878839,61,0.0851063829787234,41.41414141414141,,6.557377049180328
D_Broader_Pool,1129560,msmarco_passage_20_460581847,40,0.058823529411764705,40.40404040404041,,2.5
D_Broader_Pool,1129560,msmarco_passage_59_484115721,42,0.07894736842105263,39.39393939393939,,2.380952380952381
D_Broader_Pool,1129560,msmarco_passage_56_787814424,49,0.04878048780487805,38.38383838383839,,4.081632653061225
D_Broader_Pool,1129560,msmarco_passage_43_814898542,52,0.046511627906976744,37.37373737373737,,5.769230769230769
D_Broader_Pool,1129560,msmarco_passage_05_758131726,67,0.06666666666666667,36.36363636363637,,10.447761194029852
D_Broader_Pool,1129560,msmarco_passage_30_634894357,46,0.16666666666666666,35.35353535353535,,2.1739130434782608
D_Broader_Pool,1129560,msmarco_passage_00_46303014,27,0.125,34.34343434343434,,0.0
D_Broader_Pool,1129560,msmarco_passage_05_332557555,39,0.05714285714285714,33.333333333333336,,0.0
D_Broader_Pool,1129560,msmarco_passage_68_633942759,39,0.09090909090909091,32.32323232323232,,2.5641025641025643
D_Broader_Pool,1129560,msmarco_passage_64_241898150,29,0.03333333333333333,31.313131313131315,,0.0
D_Broader_Pool,1129560,msmarco_passage_01_288016691,39,0.08571428571428572,30.303030303030297,,0.0
D_Broader_Pool,1129560,msmarco_passage_21_781023246,46,0.05,29.292929292929294,,6.521739130434782
D_Broader_Pool,1129560,msmarco_passage_26_533464633,36,0.0625,28.282828282828287,,0.0
D_Broader_Pool,1129560,msmarco_passage_30_363358061,63,0.06976744186046512,27.27272727272727,,1.5873015873015872
D_Broader_Pool,1129560,msmarco_passage_52_127316816,49,0.029411764705882353,26.262626262626267,,4.081632653061225
D_Broader_Pool,1129560,msmarco_passage_23_242364833,82,0.031746031746031744,25.25252525252525,,1.2195121951219512
D_Broader_Pool,1129560,msmarco_passage_10_166877906,35,0.0,24.242424242424242,,0.0
D_Broader_Pool,1129560,msmarco_passage_04_614563476,49,0.05263157894736842,23.23232323232324,,2.0408163265306123
D_Broader_Pool,1129560,msmarco_passage_06_85063210,41,0.06666666666666667,22.22222222222222,,0.0
D_Broader_Pool,1129560,msmarco_passage_54_625008784,41,0.14285714285714285,21.212121212121215,,2.4390243902439024
D_Broader_Pool,1129560,msmarco_passage_39_557515076,31,0.045454545454545456,20.2020202020202,,12.903225806451612
D_Broader_Pool,1129560,msmarco_passage_41_457347163,59,0.0,19.191919191919194,,0.0
D_Broader_Pool,1129560,msmarco_passage_36_299063696,44,0.08333333333333333,18.181818181818176,,11.363636363636363
D_Broader_Pool,1129560,msmarco_passage_03_797871823,48,0.05263157894736842,17.17171717171717,,0.0
D_Broader_Pool,1129560,msmarco_passage_30_718871224,42,0.06666666666666667,16.161616161616166,,2.380952380952381
D_Broader_Pool,1129560,msmarco_passage_66_371429771,45,0.0967741935483871,15.151515151515149,,8.88888888888889
D_Broader_Pool,1129560,msmarco_passage_50_431087140,55,0.04878048780487805,14.141414141414144,,0.0
D_Broader_Pool,1129560,msmarco_passage_51_627093844,72,0.03508771929824561,13.131313131313128,,5.555555555555555
D_Broader_Pool,1129560,msmarco_passage_17_165431248,50,0.046511627906976744,12.121212121212121,,0.0
D_Broader_Pool,1129560,msmarco_passage_40_294767852,41,0.0,11.111111111111116,,0.0
D_Broader_Pool,1129560,msmarco_passage_44_711919316,45,0.02631578947368421,10.1010101010101,,4.444444444444445
D_Broader_Pool,1129560,msmarco_passage_06_30328891,45,0.02631578947368421,9.090909090909093,,4.444444444444445
D_Broader_Pool,1129560,msmarco_passage_40_664225542,44,0.0,8.080808080808078,,6.818181818181818
D_Broader_Pool,1129560,msmarco_passage_57_387749395,49,0.047619047619047616,7.070707070707072,,2.0408163265306123
D_Broader_Pool,1129560,msmarco_passage_40_281674720,46,0.08571428571428572,6.060606060606055,,2.1739130434782608
D_Broader_Pool,1129560,msmarco_passage_30_63630855,36,0.03225806451612903,5.05050505050505,,2.7777777777777777
D_Broader_Pool,1129560,msmarco_passage_29_110691172,48,0.075,4.040404040404044,,2.0833333333333335
D_Broader_Pool,1129560,msmarco_passage_33_677996953,55,0.021739130434782608,3.0303030303030276,,0.0
D_Broader_Pool,1129560,msmarco_passage_43_167690637,64,0.03773584905660377,2.020202020202022,,14.0625
D_Broader_Pool,1129560,msmarco_passage_33_62150798,30,0.06666666666666667,1.0101010101010055,,3.3333333333333335
D_Broader_Pool,1129560,msmarco_passage_17_771171990,51,0.023255813953488372,0.0,,3.9215686274509802
